city,tiles,gamma_median_1,gamma_median_2,gamma_corr,pl0_shift_median
amsterdam,937,2.851110292024713,2.4744500387018618,0.9202895252480944,7.697586020937578
barcelona,917,2.4435637016929097,2.121773915381026,0.8798779503404619,6.704630140562571
berlin,953,2.8273680660276765,2.287058632285513,0.8820074550025108,9.108832744591325
chicago,960,2.7909550531627914,2.176278576037544,0.8970293338458013,9.847854106525126
hamburg,957,3.1512414519348795,2.812141893295283,0.9079950389060694,8.098182922133375
london,931,2.398275702251692,1.9434246264747332,0.8328156323270316,7.94894898341704
munich,943,3.013506222812113,2.518209559316084,0.8979214795476206,8.132787763612157
newyork,957,2.685732555476233,2.14670916791299,0.7430478831054598,7.5489301660932995
paris,869,2.4177656601134783,1.94769577061769,0.8565822319521734,7.92359170866537
prague,958,2.916569461686253,2.3033012385018092,0.9211247453017974,9.33416433420362
vienna,892,2.4222665953619824,2.113655938292689,0.8749616544047232,5.995250783542858
