fold,operator,seed,pl_rmse_db,pl_bias_db,assoc_acc,cov_true_120,cov_acc_120,cov_err_120,cov_true_130,cov_acc_130,cov_err_130,cov_true_140,cov_acc_140,cov_err_140,sinr_mae_db,sinr_ks,se_true,se_err,edge_disp_m,handover_err,regret5
amsterdam,link_x_phys,0,8.979385847606936,1.823313225871532,0.691962732439015,0.7137408023092486,0.7929021533227665,-0.10050128219997168,0.840014948260976,0.8399247432378448,0.00829886212806541,0.9329647813816833,0.9285705081120089,0.05694514245950433,5.703316665160128,0.02502545070295486,1.5524030674514866,0.009183297742338947,9.710751962045222,-0.08734020618556704,0.038736614218888965
amsterdam,link_x_fs,0,8.860263863079766,1.3857349116553275,0.691112227935207,0.7137408023092486,0.7961366477236118,-0.09528227729024119,0.840014948260976,0.8445123129856574,0.01621113129985441,0.9329647813816833,0.9291375111145475,0.05746059973453943,5.640559150404301,0.02416205976727104,1.5524030674514866,-0.02011884786224516,9.60237038106278,-0.07690721649484533,0.038736614218888965
amsterdam,link_x_phys,1,9.000818559093352,1.7214349463245338,0.6944498137910594,0.7137408023092486,0.7941650236466025,-0.09588793958840736,0.840014948260976,0.8396541281684514,0.008440612878700016,0.9329647813816833,0.9281839151557325,0.05630082086571042,5.70221874335514,0.02654604966430845,1.5524030674514866,0.00746839939478483,9.522987953485334,-0.08573195876288664,0.02595327379801804
amsterdam,link_x_fs,1,8.884523994576197,1.2936595722306448,0.6947590881560805,0.7137408023092486,0.7981082718006212,-0.09055295679179398,0.840014948260976,0.843288101957449,0.016636383551758338,0.9329647813816833,0.9286993724307676,0.057202871097021935,5.641726313847015,0.02537338436360356,1.5524030674514866,-0.02285555513726867,9.296972148643725,-0.07538144329896912,0.02595327379801804
amsterdam,link_x_phys,2,9.025281279452745,1.8743720630803538,0.6935735364234997,0.7137408023092486,0.7921547402739656,-0.10204765402507698,0.840014948260976,0.8402855633303694,0.010386464091957648,0.9329647813816833,0.9288153503176505,0.05767966907642941,5.738872721888542,0.02684243759745364,1.5524030674514866,0.017243960680405346,9.760024821501842,-0.08993814432989689,0.038736614218888965
amsterdam,link_x_fs,2,8.903229102596772,1.4387441011356965,0.6928518962384506,0.7137408023092486,0.7976443602530895,-0.09601680390716616,0.840014948260976,0.8442803572118917,0.017370910168683418,0.9329647813816833,0.9290215332276646,0.057705441940181124,5.672140367842301,0.025643999432997,1.5524030674514866,-0.01177019856978978,9.729560028204588,-0.07892783505154644,0.037576835350059956
amsterdam,link_x_phys,3,8.908784358246182,1.6982007511873995,0.6946431102691976,0.7137408023092486,0.7930696769371529,-0.10440587105836274,0.840014948260976,0.8422056416798752,0.010657079161351057,0.9329647813816833,0.9290988518189198,0.05711266607389076,5.65906753135736,0.024819267792940813,1.5524030674514866,-0.018678429750663028,9.552811805012919,-0.07954639175257727,0.037576835350059956
amsterdam,link_x_fs,3,8.803895097764572,1.2707614201273016,0.6943982680635559,0.7137408023092486,0.7961624205873635,-0.09883893248798348,0.840014948260976,0.8458911611963763,0.01761575237432511,0.9329647813816833,0.9291375111145475,0.057357508279532454,5.6068657508916555,0.023930103993505238,1.5524030674514866,-0.04509843716062467,9.665153754879762,-0.07018556701030931,0.037576835350059956
amsterdam,link_x_phys,4,8.968663108525107,1.8308820579908802,0.6926843726240641,0.7137408023092486,0.7923480367521037,-0.10494710119714956,0.840014948260976,0.840337109057873,0.006520534529194211,0.9329647813816833,0.9280937101326013,0.0565198902076004,5.668198975150857,0.025759977319879897,1.5524030674514866,-0.009668668829909688,9.789395617273682,-0.08973195876288664,0.038736614218888965
amsterdam,link_x_fs,4,8.853134654067851,1.3991348745467305,0.6934188992409892,0.7137408023092486,0.7958144869267149,-0.09923841187613569,0.840014948260976,0.8440097421424981,0.014059097176582824,0.9329647813816833,0.9287251452945194,0.05709977964201485,5.608267984317123,0.024961018543575467,1.5524030674514866,-0.03714192336349065,9.656447958044021,-0.08247422680412375,0.038736614218888965
barcelona,link_x_phys,0,9.22657383045597,2.355493734186842,0.7192702988343774,0.6712362338597271,0.79426225741725,-0.10890376338321572,0.8002971495090906,0.8008179269992495,-0.022944843536998105,0.9099208111875259,0.8969779588585782,0.05621333496714509,6.3475706280666175,0.025747851792853098,1.5963179649831454,-0.00036474783492468354,8.232777250392214,0.008575752480242116,0.0036148084611025144
barcelona,link_x_fs,0,9.107293996801747,1.9669612685182307,0.7192856158193821,0.6712362338597271,0.7971571675831329,-0.10659089864751026,0.8002971495090906,0.8102838237321366,-0.009373994822859055,0.9099208111875259,0.8980654647939099,0.058281127942775734,6.290087775302846,0.024338689172423295,1.5963179649831454,-0.030933629772560867,8.019132842767679,0.037105543411243724,0.0036148084611025144
barcelona,link_x_phys,1,9.19774953476062,2.182382007679759,0.71891800817927,0.6712362338597271,0.7929603136918529,-0.10288418827637968,0.8002971495090906,0.8033299125400156,-0.019912080506073182,0.9099208111875259,0.896334645488382,0.054222126916537716,6.378084258160052,0.0253649271677363,1.5963179649831454,0.007354515114169624,8.365711037872751,0.010257272574407228,0.0036148084611025144
barcelona,link_x_fs,1,9.080349957334718,1.8027629627995723,0.7192090308943587,0.6712362338597271,0.7978770658783525,-0.10271570144132836,0.8002971495090906,0.8124435186177953,-0.0052537258566023315,0.9099208111875259,0.8972842985586718,0.05566192350697685,6.306708513403833,0.024200836307381256,1.5963179649831454,-0.022334646879559772,8.224298887627695,0.02746482820469698,0.0036148084611025144
barcelona,link_x_phys,2,9.197285823488931,2.224721200065291,0.7181062079740224,0.6712362338597271,0.7926692909767641,-0.10728016297272047,0.8002971495090906,0.8027172331398288,-0.017645166725381745,0.9099208111875259,0.8976978571537978,0.05754591266255149,6.3752944773354505,0.023802594697259795,1.5963179649831454,0.0013436166996152465,8.29832542747882,0.012667451376043859,0.0036148084611025144
barcelona,link_x_fs,2,9.084270707406825,1.8330562874716596,0.7177079663639009,0.6712362338597271,0.7964832202429274,-0.1032517959164918,0.8002971495090906,0.8111722088624075,-0.0026038874507940957,0.9099208111875259,0.8990610688192137,0.05958307166817278,6.299718664599681,0.023618790877203734,1.5963179649831454,-0.024491884314636225,8.066661138089765,0.03491956728882917,0.0036148084611025144
barcelona,link_x_phys,3,9.216033341668284,2.2072134733325957,0.7182900117940785,0.6712362338597271,0.7900807205109747,-0.10974619755847259,0.8002971495090906,0.8006647571492027,-0.023496254997166344,0.9099208111875259,0.8978357100188399,0.05725488994746275,6.354459345304022,0.025012636512628854,1.5963179649831454,-0.00042920189250916785,8.320346972645341,0.017319656969900787,0.0036148084611025144
barcelona,link_x_fs,3,9.092230785437787,1.7711874805007544,0.7181674759140411,0.6712362338597271,0.7951200085775116,-0.10737206488274853,0.8002971495090906,0.8114019636374776,-0.007122398027172294,0.9099208111875259,0.898999800879195,0.05909292814802336,6.274030692913988,0.024323372187418632,1.5963179649831454,-0.031029497763274128,8.10895642296682,0.04108514096743465,0.0036148084611025144
barcelona,link_x_phys,4,9.21871859864971,2.302674363719095,0.7200820990396251,0.6712362338597271,0.7935576761070351,-0.10718826106269241,0.8002971495090906,0.8020279688146186,-0.026574968983105296,0.9099208111875259,0.894986750807971,0.050974926095547324,6.30152775243166,0.026100142447960543,1.5963179649831454,-0.008882325915467781,8.292712915411666,0.012835603385460415,0.0036148084611025144
barcelona,link_x_fs,4,9.097687326023477,1.900400638397211,0.7192549818493728,0.6712362338597271,0.7982906244734786,-0.10557997763720195,0.8002971495090906,0.8122443978127345,-0.011487738753503729,0.9099208111875259,0.8962580605633587,0.05261384349104714,6.224806750713046,0.02531897621272229,1.5963179649831454,-0.03897456322729753,8.045632438777526,0.041253292976850986,0.0036148084611025144
berlin,link_x_phys,0,8.974949168249134,0.7232893774619416,0.6548481927137263,0.6873400697444686,0.8398138560597945,-0.04621463681698623,0.8214136941954987,0.8380404898775307,0.04622653860344439,0.9359445852822509,0.9346115851989384,0.054772021280394156,4.506310853195412,0.040442270384784706,1.219375118279886,-0.0708376038734646,5.035835562471429,0.012436355123778275,0.016091215291415217
berlin,link_x_fs,0,8.934263026572223,0.4567431045225589,0.6535032908439556,0.6873400697444686,0.840658882898323,-0.04734530653051017,0.8214136941954987,0.839849561419169,0.048725913759655404,0.9359445852822509,0.9347901119958105,0.05471251234810348,4.516069617864279,0.05127289606169888,1.219375118279886,-0.09039181243427152,5.00974785749819,0.020220050330660655,0.016091215291415217
berlin,link_x_phys,1,8.961419937518121,0.732552724850421,0.6539436569429071,0.6873400697444686,0.8389688292212661,-0.046988252936765784,0.8214136941954987,0.8390759452993894,0.047404815462801064,0.9359445852822509,0.9346591923447709,0.05508146772830602,4.545682687734145,0.04328679734828195,1.219375118279886,-0.07575565826260466,5.008766666334509,0.022736583367472418,0.016091215291415217
berlin,link_x_fs,1,8.929726274337227,0.46174414191638374,0.6533961747658323,0.6873400697444686,0.8391592578045964,-0.04641696718677468,0.8214136941954987,0.8407183918306138,0.05059449423358453,0.9359445852822509,0.9348496209281013,0.05503386058247339,4.552779973441633,0.05330810154604204,1.219375118279886,-0.09476951395658606,4.97883540456256,0.02978872827295609,0.016091215291415217
berlin,link_x_phys,2,8.963722836249236,0.6873159447066852,0.6542650051772771,0.6873400697444686,0.8391592578045964,-0.045417217124290254,0.8214136941954987,0.8381833113150284,0.04684543149926812,0.9359445852822509,0.9349686387926828,0.054486378405398606,4.52476843187024,0.04427464562430822,1.219375118279886,-0.07906586360923762,5.01347785545258,0.01837654357113605,0.016091215291415217
berlin,link_x_fs,2,8.926218271688603,0.3997055484843341,0.6534913890574975,0.6873400697444686,0.8398376596327108,-0.045000654598255196,0.8214136941954987,0.8399566774972923,0.049666154889849046,0.9359445852822509,0.9346115851989384,0.0538912890824913,4.5226163795965535,0.053581842634579435,1.219375118279886,-0.09886237101718587,4.974559692901545,0.025545736524843488,0.016091215291415217
berlin,link_x_phys,3,8.957635002697408,0.6393874334978061,0.6553004605991359,0.6873400697444686,0.8418133561847634,-0.0440723152545196,0.8214136941954987,0.8396472310493805,0.04947572630651864,0.9359445852822509,0.9348734245010176,0.05503386058247339,4.508832610590679,0.041215886504564314,1.219375118279886,-0.07054872768222165,5.10237520502587,0.0033066073623222447,0.016091215291415217
berlin,link_x_fs,3,8.919582138288662,0.35611362453777046,0.6547767819949775,0.6873400697444686,0.8419799811951774,-0.04473881529617596,0.8214136941954987,0.841551516882684,0.05173706573356662,0.9359445852822509,0.9347901119958105,0.054284048035610155,4.511595479632799,0.051784672879399196,1.219375118279886,-0.09117697989513696,5.0800109099572435,0.006583952712588603,0.016091215291415217
berlin,link_x_phys,4,8.988196610489966,0.7177903269317962,0.6558003356303781,0.6873400697444686,0.8385998738410635,-0.044881636733673624,0.8214136941954987,0.8391354542316801,0.05072541388462415,0.9359445852822509,0.9352066745218457,0.054986253436640875,4.529310046110407,0.0329679484890682,1.219375118279886,-0.061818850863203156,5.175252477550331,-0.005589044302686252,0.016091215291415217
berlin,link_x_fs,4,8.949112630930735,0.4448402745600865,0.6557527284845456,0.6873400697444686,0.838802204210852,-0.04684543149926801,0.8214136941954987,0.8407421954035301,0.05223694076480889,0.9359445852822509,0.9350638530843479,0.05489103914497562,4.538642434485753,0.044465074207638566,1.219375118279886,-0.08200247152391205,5.118810470356263,0.0005267162170070616,0.016091215291415217
chicago,link_x_phys,0,8.650298444224598,0.4249177014746743,0.7245118545437549,0.76657824933687,0.8724920833382022,-0.0344009628530364,0.8361163369518223,0.8693721590577127,0.07561434464062444,0.9322380490540904,0.9325652321247034,0.0657521120835719,3.7999674175278435,0.035148809871580644,1.0307256587937446,0.07095250115790752,7.615141458434514,-0.16830518124881377,-0.0007011065798853133
chicago,link_x_fs,0,8.645728284926856,0.3674281535382767,0.7241613012538123,0.76657824933687,0.8719779385129529,-0.03622383996073808,0.8361163369518223,0.8699096741022915,0.074539314551467,0.9322380490540904,0.932541861905374,0.06558852054826536,3.812656497810369,0.03408546489208808,1.0307256587937446,0.06817490373708868,7.590125828079929,-0.16454735243879293,-0.0007011065798853133
chicago,link_x_phys,1,8.618618501784562,0.27768243491898187,0.7214854111405835,0.76657824933687,0.871498849016698,-0.033524579628179785,0.8361163369518223,0.8692085675224062,0.07671274494911129,0.9322380490540904,0.9327989343179985,0.06605592493485557,3.8074266068962386,0.0399046495051356,1.0307256587937446,0.07782207177533551,8.166071576267274,-0.18405769595748722,-0.0007011065798853133
chicago,link_x_fs,1,8.619529909377865,0.1968714208085485,0.7208427301090221,0.76657824933687,0.8715339043456923,-0.034751516142979,0.8361163369518223,0.870166746514916,0.0761518596852031,0.9322380490540904,0.9327405087696748,0.0659273887285432,3.813925410562606,0.04144708398088316,1.0307256587937446,0.07453379789358272,8.174446694347019,-0.18022395141393055,-0.0007011065798853133
chicago,link_x_phys,2,8.642614844752137,0.3108241477453484,0.7243599481181131,0.76657824933687,0.8722700662545718,-0.03719370406291267,0.8361163369518223,0.868507460942521,0.07528716157001136,0.9322380490540904,0.9327405087696748,0.06630131223781532,3.7961631809373118,0.033547949847509306,1.0307256587937446,0.072496067785766,7.749541110835804,-0.1738849876636933,-0.0006543661412262702
chicago,link_x_fs,2,8.643070250255185,0.25471889311152884,0.7238925437315229,0.76657824933687,0.8717559214293226,-0.03903995138994376,0.8361163369518223,0.8696175463606726,0.07476133163509735,0.9322380490540904,0.9327171385503453,0.06625457179915639,3.80147667253678,0.0326715666226528,1.0307256587937446,0.06902187623949185,7.728494861086778,-0.17240463085974567,-0.0006543661412262702
chicago,link_x_phys,3,8.630503493801282,0.6052329069721774,0.7271526893279894,0.76657824933687,0.8727608408604914,-0.04263896516668808,0.8361163369518223,0.865889996377616,0.07194522020589167,0.9322380490540904,0.9326703981116863,0.06595075894787272,3.83654848177838,0.03576812068381263,1.0307256587937446,0.07235160327129897,7.6247911084145965,-0.16329474283545264,-0.0007011065798853133
chicago,link_x_fs,3,8.629750439513149,0.49638671776315935,0.7262529358838032,0.76657824933687,0.8726790450928382,-0.04346860795288565,0.8361163369518223,0.8670468222344266,0.07214386707019249,0.9322380490540904,0.9325769172343682,0.06585727807055475,3.8367843000450517,0.035324086516551945,1.0307256587937446,0.06760794397778946,7.563479544720622,-0.15798064148794833,-0.0007011065798853133
chicago,link_x_phys,4,8.687263162563113,0.6201398801840103,0.7163322777784269,0.76657824933687,0.8726790450928382,-0.034027039343764276,0.8361163369518223,0.8665443625188423,0.07767092394162123,0.9322380490540904,0.9324250108087264,0.0663363675668096,3.8407483357473193,0.04000981549211835,1.0307256587937446,0.08762279118059557,8.456319196155913,-0.19388878345037008,0.000560885263908184
chicago,link_x_fs,4,8.685599330651748,0.5542130686031521,0.7152806179085991,0.76657824933687,0.8722350109255775,-0.03540588228420527,0.8361163369518223,0.8675142266210168,0.07730868554201376,0.9322380490540904,0.9324717512473855,0.0663363675668096,3.8472077688962685,0.0387361385386602,1.0307256587937446,0.08370844945417266,8.400506313953434,-0.18792939836781175,0.000560885263908184
hamburg,link_x_phys,0,8.414615445428918,1.4371590332939495,0.7662621701707352,0.8042189925215183,0.8776986030760547,-0.03862706363764645,0.8794388786980857,0.8934433940078077,0.05169088942194633,0.9542354545882131,0.9529302478716899,0.04318940783594383,3.637073265384656,0.04806923474907107,1.1706797589076987,0.016965718965836984,6.6074196100611235,-0.07678817487160217,0.011793894924980064
hamburg,link_x_fs,0,8.345299282041806,1.179291785113827,0.7665208597902262,0.8042189925215183,0.8792507407930013,-0.036510512205446655,0.8794388786980857,0.8946545317717888,0.054242509759653834,0.9542354545882131,0.9529537651098255,0.043283476788485986,3.640339587575646,0.04772823479610552,1.1706797589076987,0.007089601802572787,6.592467633415922,-0.07457513883669464,0.011793894924980064
hamburg,link_x_phys,1,8.410890367338434,1.4588717055810763,0.7659329288368374,0.8042189925215183,0.8771106721226659,-0.03693382249188659,0.8794388786980857,0.89279666995908,0.05278444099524948,0.9542354545882131,0.9530595926814355,0.043436338836367105,3.6108772333113475,0.04617609707915901,1.1706797589076987,0.01269646658011836,6.743777086916104,-0.07866716773142923,0.011793894924980064
hamburg,link_x_fs,1,8.345973248174401,1.2103382807864063,0.7656154461220074,0.8042189925215183,0.8791096373641879,-0.034793753821551254,0.8794388786980857,0.8935492215794177,0.05567706128592265,0.9542354545882131,0.9531536616339777,0.043600959503315995,3.6115403205455037,0.04579982126899018,1.1706797589076987,0.0019320459438207926,6.785276649083171,-0.07900121090650969,0.011793894924980064
hamburg,link_x_phys,2,8.452692892128702,1.3755122244728146,0.7677202389351394,0.8042189925215183,0.8783335685057146,-0.032630167913080266,0.8794388786980857,0.8934669112459432,0.05098537227787969,0.9542354545882131,0.9527303513475377,0.04242509759653834,3.6775439654661075,0.0574408541460891,1.1706797589076987,0.042076025172187004,6.6627966682762345,-0.07799908138126854,0.011793894924980064
hamburg,link_x_fs,2,8.377733912610775,1.1051630275851385,0.7674968251728517,0.8042189925215183,0.8804736371760501,-0.02992568552749164,0.8794388786980857,0.8944781524857721,0.054301302854992683,0.9542354545882131,0.95282442030008,0.04254268378721604,3.679403823316493,0.056970509383378,1.1706797589076987,0.031239923617747856,6.710079180631208,-0.07382354169276384,0.011793894924980064
hamburg,link_x_phys,3,8.42831752542552,1.4259649007311501,0.7672851700296317,0.8042189925215183,0.8789332580781714,-0.036592822538921044,0.8794388786980857,0.8928437044353511,0.0495860966088143,0.9542354545882131,0.9528361789191477,0.04276609754950378,3.676606969521549,0.05431306147406051,1.1706797589076987,0.03591184795923508,6.675721542615584,-0.07545200217128067,0.011793894924980064
hamburg,link_x_fs,3,8.355115222737375,1.1326502929237565,0.7673674803631062,0.8042189925215183,0.8809557405578289,-0.032900616151639195,0.8794388786980857,0.8941253939137388,0.05284323409058844,0.9542354545882131,0.9529537651098255,0.04295423545458821,3.668184805107836,0.05383095809228164,1.1706797589076987,0.02467411733830982,6.676979613411996,-0.0757025345525909,0.011793894924980064
hamburg,link_x_phys,4,8.41272583208185,1.4962443560317173,0.7661681012181929,0.8042189925215183,0.8758289826442782,-0.04101406330840507,0.8794388786980857,0.893267014721791,0.05012699308593205,0.9542354545882131,0.9530125582051644,0.043365787121960375,3.5991185433287227,0.04362447674145148,1.1706797589076987,0.006343478600646879,6.767296410488759,-0.06643283644411035,0.011793894924980064
hamburg,link_x_fs,4,8.34492385725979,1.2176515749933579,0.766062273646583,0.8042189925215183,0.8779690513146136,-0.03755702930247873,0.8794388786980857,0.894583980057382,0.05348995813931612,0.9542354545882131,0.9532242133483844,0.043577442265180455,3.596184208540366,0.0429072009783171,1.1706797589076987,-0.005193419797870025,6.732460999969449,-0.0653471961250992,0.011793894924980064
london,link_x_phys,0,8.66912794847487,1.7094003091588477,0.6824817972493621,0.673470657788288,0.8121227207666937,-0.04760719397597857,0.8007841184890161,0.8176737818159189,0.042553985935652516,0.9243512352977783,0.9184890161179912,0.058211463065529934,4.898147048367533,0.03302010081523431,1.2728828531177574,-0.01628716415479947,6.692548783071093,-0.057897811222210716,0.010143755056319703
london,link_x_fs,0,8.57665934717341,1.5186620747357729,0.6824942435745847,0.673470657788288,0.8133673532889414,-0.04546642603771234,0.8007841184890161,0.8208102557719833,0.04651191735640059,0.9243512352977783,0.9189744228016679,0.05879644035098641,4.874009974805737,0.03379177297902795,1.2728828531177574,-0.029330362931995868,6.75163646891793,-0.05556128234202662,0.010143755056319703
london,link_x_phys,1,8.62444440347587,1.7459034561841202,0.6803036903354285,0.673470657788288,0.8145870931607443,-0.055996017175928725,0.8007841184890161,0.8175493185636941,0.03762524114755117,0.9243512352977783,0.9185512477441036,0.05857240649698181,4.8882820604539425,0.03054328209596116,1.2728828531177574,-0.03831408337371589,6.62632893959681,-0.03631927979933336,0.010143755056319703
london,link_x_fs,1,8.524466623491683,1.5336223595607437,0.6809384529217748,0.673470657788288,0.8160806521874416,-0.055498164167029684,0.8007841184890161,0.8217686228141141,0.042317505756425455,0.9243512352977783,0.9191860103304499,0.059281847034663104,4.864495659871732,0.031377185885867194,1.2728828531177574,-0.05302406073391763,6.613352516307602,-0.0361474762052022,0.010143755056319703
london,link_x_phys,2,8.638551340698534,1.7667658155820598,0.6806521874416579,0.673470657788288,0.813379799614164,-0.0585724064969817,0.8007841184890161,0.8171634824817973,0.04269089551309979,0.9243512352977783,0.9186259256954384,0.05877154770054149,4.877792580965278,0.032970315514344394,1.2728828531177574,-0.038309640621755126,6.696248438624389,-0.04243548775040373,0.010143755056319703
london,link_x_fs,2,8.536930043024274,1.5532395136712336,0.6809757918974423,0.673470657788288,0.8152716410479806,-0.05782562698363303,0.8007841184890161,0.8205488829423113,0.04639990042939823,0.9243512352977783,0.9190242081025577,0.059294293359885564,4.851289450365611,0.03433941128881697,1.2728828531177574,-0.05261998408377466,6.685121969670134,-0.04408480225406319,0.010143755056319703
london,link_x_phys,3,8.648637554276897,1.855640993812354,0.6812371647271144,0.673470657788288,0.8160682058622192,-0.061086564191922266,0.8007841184890161,0.8174124089862468,0.03592009459207168,0.9243512352977783,0.9183023212396539,0.05804966083763774,4.866846350470621,0.029248864272823458,1.2728828531177574,-0.04517598868911876,6.564060612756636,-0.03865580867951757,0.010143755056319703
london,link_x_fs,3,8.54636646229491,1.6357359615879012,0.6814736449063414,0.673470657788288,0.8175368722384716,-0.059767253718339575,0.8007841184890161,0.8205986682432012,0.04077416142883816,0.9243512352977783,0.9187628352728857,0.05858485282220427,4.844456739851315,0.030344140892401512,1.2728828531177574,-0.05948414700161275,6.5206230959937646,-0.03655980483111709,0.010143755056319703
london,link_x_phys,4,8.657017717292481,1.7739969331352878,0.6799551932291991,0.673470657788288,0.8113012633020101,-0.04870247059555666,0.8007841184890161,0.8171136971809073,0.03918103180036092,0.9243512352977783,0.9175928807019728,0.057887858609745546,4.879308222100597,0.0295600224033854,1.2728828531177574,-0.03064481291527299,6.603520931344013,-0.04422224512936812,0.010143755056319703
london,link_x_fs,4,8.554871681303096,1.5694415753391944,0.6801667807579812,0.673470657788288,0.8131682120853818,-0.04885182649822639,0.8007841184890161,0.8208475947476508,0.042591324911320005,0.9243512352977783,0.9181405190117617,0.05836081896819967,4.861066243962133,0.030244570290621692,1.2728828531177574,-0.044412378834073785,6.585852628715397,-0.039136858743084924,0.010143755056319703
munich,link_x_phys,0,9.086461504094647,2.2162383007925697,0.6957634488756367,0.6616598335196919,0.8233072431357933,-0.04475090073301036,0.8010436079016027,0.8292458690520561,0.037023232699714304,0.9149583799229718,0.9118524040253447,0.06995900111815134,5.436299021481632,0.06080258417194683,1.4879449874737443,-0.025325602658823554,7.185236296761939,-0.09891417521939605,0.004360790160268357
munich,link_x_fs,0,9.00251972080104,1.8993143836648692,0.6937383525903839,0.6616598335196919,0.8244378183625295,-0.04071313206609517,0.8010436079016027,0.8307367374829171,0.04380668406013166,0.9149583799229718,0.9119393713504783,0.0709156416946205,5.426344963759041,0.05900111815132315,1.4879449874737443,-0.04153540024318203,7.174232656920745,-0.09460062472110664,0.004360790160268357
munich,link_x_phys,1,9.062620460211491,2.198731589744941,0.6968567523916014,0.6616598335196919,0.8235557212076035,-0.047682941980370264,0.8010436079016027,0.8292085973412846,0.0367126351099516,0.9149583799229718,0.9120263386756119,0.07005839234687539,5.42097005326779,0.05591999006087713,1.4879449874737443,-0.03465249027496098,7.042653185858251,-0.09512122564331404,0.013492359299291823
munich,link_x_fs,1,8.9741568615886,1.8550426646761082,0.6951298297925208,0.6616598335196919,0.8254193067461797,-0.042937010808796194,0.8010436079016027,0.8303515964716114,0.04473847682941978,0.9149583799229718,0.9121008820971549,0.07127593489874517,5.404330892400822,0.05500062119517952,1.4879449874737443,-0.05428334915574995,7.048146209179078,-0.08842778521493377,0.004360790160268357
munich,link_x_phys,2,9.006409282873175,2.094383375504005,0.6958007205864083,0.6616598335196919,0.8231830040998882,-0.04875139768915393,0.8010436079016027,0.8298794881351721,0.04498695490122995,0.9149583799229718,0.9126723816623183,0.07222015157162376,5.373961647873723,0.05563424027829544,1.4879449874737443,-0.06271686372489715,7.019505435048142,-0.08571322326342412,0.013492359299291823
munich,link_x_fs,2,8.932671371329658,1.786785568509166,0.6940365262765561,0.6616598335196919,0.8245496334948441,-0.04465150950428631,0.8010436079016027,0.8311964219157659,0.053012796620698244,0.9149583799229718,0.9127966206982234,0.07351223754503666,5.367893960958478,0.05579575102497204,1.4879449874737443,-0.08193327997131261,7.140171606027554,-0.08467202141900942,0.013492359299291823
munich,link_x_phys,3,9.064129887240364,2.1687997582301906,0.6959001118151323,0.6616598335196919,0.8233693626537458,-0.04429121630016153,0.8010436079016027,0.8298173686172196,0.04000496956143618,0.9149583799229718,0.9122375450366506,0.07111442415206859,5.41701448081141,0.05881475959746553,1.4879449874737443,-0.036049242308673346,7.178156151391011,-0.09140264762754724,0.013492359299291823
munich,link_x_fs,3,8.971012808369153,1.7946377897575312,0.6940365262765561,0.6616598335196919,0.8258168716610759,-0.038340166480308135,0.8010436079016027,0.8309727916511368,0.049086843086097676,0.9149583799229718,0.9123493601689651,0.07222015157162376,5.398477946387262,0.057149956516337426,1.4879449874737443,-0.05668549376343224,7.1895675024615775,-0.08396549159601363,0.004360790160268357
munich,link_x_phys,4,9.074215382443699,2.227642027877902,0.6965337308982482,0.6616598335196919,0.8227233196670394,-0.042477326375947366,0.8010436079016027,0.8291092061125606,0.036563548266865475,0.9149583799229718,0.9125357187228227,0.07213318424649029,5.403441644915768,0.05866567275437943,1.4879449874737443,-0.03213897729262505,7.155668953972718,-0.09448906738063367,0.004360790160268357
munich,link_x_fs,4,8.983893582739707,1.8813795515306868,0.6942725804447758,0.6616598335196919,0.8249223506025594,-0.0369486892781713,0.8010436079016027,0.8307367374829171,0.04499937880482052,0.9149583799229718,0.9124114796869176,0.07310224872654991,5.383211646238647,0.058019629767673,1.4879449874737443,-0.05048510786725169,7.230840280718491,-0.09233229213148897,0.004360790160268357
newyork,link_x_phys,0,9.592490875592116,2.5273200274711547,0.6123896653750449,0.6145437438874928,0.8016514601928767,-0.11614692301026286,0.7355435334315461,0.7564405709546034,0.05766492937346024,0.8804238830360127,0.8814637830075392,0.10878096487861644,5.355961160574645,0.03895910964754823,1.0934505703234025,0.07816033257244959,5.920971298171111,0.03453182809980082,0.0038377260853956763
newyork,link_x_fs,0,9.568668929666218,2.508767983693749,0.6133305272540451,0.6145437438874928,0.799844015004271,-0.11961325624868469,0.7355435334315461,0.7559082412072744,0.05512707825247287,0.8804238830360127,0.8814637830075392,0.10892952201740591,5.3748008720396,0.03864961560840341,1.0934505703234025,0.0745324627992785,5.904241458922861,0.033172058311988106,0.0038377260853956763
newyork,link_x_phys,1,9.526434575992232,2.558674895720117,0.6164254676454931,0.6145437438874928,0.8012057887765082,-0.12951706550131847,0.7355435334315461,0.7559330007304059,0.030020921797046185,0.8804238830360127,0.8813399853918813,0.10509179593201035,5.362894529826141,0.04574321898560235,1.0934505703234025,0.05872946325279438,5.862412881962346,0.02210416469025711,0.0038377260853956763
newyork,link_x_fs,1,9.498498905968567,2.5260447695061585,0.6171930128625722,0.6145437438874928,0.8000668507124553,-0.13169590353689792,0.7355435334315461,0.7554997090756032,0.02800302066182203,0.8804238830360127,0.8811047699221313,0.10532701140176037,5.369259186556986,0.04764970226673432,1.0934505703234025,0.05531649683619344,5.855685803357411,0.022420390222306574,0.0038377260853956763
newyork,link_x_phys,2,9.575679231057835,2.690193960856141,0.6080938881117149,0.6145437438874928,0.7995840400113894,-0.13027223095683182,0.7355435334315461,0.7556854054990901,0.019621922081780707,0.8804238830360127,0.881538061576934,0.10244252695693079,5.412382937111581,0.04243782264753579,1.0934505703234025,0.07023539518427557,5.77468797660516,0.0366189166113271,0.0038377260853956763
newyork,link_x_fs,2,9.553383030492773,2.67098485873723,0.6091337880832415,0.6145437438874928,0.7982841650469812,-0.13263676541589814,0.7355435334315461,0.7564158114314719,0.018841997103135832,0.8804238830360127,0.8815752008616314,0.10243014719536503,5.414770792130427,0.04320536786461496,1.0934505703234025,0.06715548935790472,5.776639744214003,0.03627106852607276,0.0038377260853956763
newyork,link_x_phys,3,9.5040820736622,2.550486304194076,0.6190375973358753,0.6145437438874928,0.7980489495772312,-0.12821719053691033,0.7355435334315461,0.7611572601111702,0.025539448110229457,0.8804238830360127,0.8819589734701709,0.10375478168290475,5.384719198971358,0.046634561818339415,1.0934505703234025,0.05877504698800773,5.7857560013888065,0.0325079846946843,0.0038377260853956763
newyork,link_x_fs,3,9.475313848649794,2.5075223108383518,0.6195699270832044,0.6145437438874928,0.7967614543743887,-0.13042078809562135,0.7355435334315461,0.7618752862819862,0.025415650494571507,0.8804238830360127,0.881897074662342,0.10389095906012846,5.385656171934567,0.04743924632011587,1.0934505703234025,0.05517530114733393,5.789676085956648,0.03282421022673376,0.0038377260853956763
newyork,link_x_phys,4,9.473757637591815,2.455806735619213,0.6190623568590069,0.6145437438874928,0.8016267006697451,-0.12496131324510695,0.7355435334315461,0.7604144744172228,0.029971402750783027,0.8804238830360127,0.8812285675377892,0.10636691137328702,5.456886868684286,0.04371293808881249,1.0934505703234025,0.07508517015723903,5.907839178214336,0.0228314834139709,0.0038377260853956763
newyork,link_x_fs,4,9.460100161868938,2.448755572197273,0.6192604330440595,0.6145437438874928,0.8006734590291791,-0.12690493581093631,0.7355435334315461,0.7612686779652624,0.029884744419822473,0.8804238830360127,0.8812780865840524,0.10631739232702375,5.458212527883251,0.042673038117285844,1.0934505703234025,0.07215261322821953,5.891660603138124,0.02567751320241607,0.0038377260853956763
paris,link_x_phys,0,9.839073202926805,3.3312421733854114,0.6765110687339358,0.6164331315811292,0.7934002155708482,-0.08452035486278087,0.7809302711217976,0.776502777547467,-0.04394328828455352,0.910040626813697,0.8774728463643148,0.022734433297404877,6.703194892960479,0.05110687339358262,1.4562671692159301,0.026421178345285012,9.755673956587282,-0.07483974358974355,0.012204626482049563
paris,link_x_fs,0,9.649969346004422,2.965003905307143,0.6761794212751845,0.6164331315811292,0.79570516540917,-0.08327667689246332,0.7809302711217976,0.783633197910621,-0.03226929773650611,0.910040626813697,0.8801923555260758,0.027377497719923705,6.592666251937374,0.04752508083906807,1.4562671692159301,0.009558276025989798,9.354713848297274,-0.050854700854700896,0.012204626482049563
paris,link_x_phys,1,9.821836423271215,3.2998662126525535,0.6789818423016334,0.6164331315811292,0.7940137633695382,-0.08503440842384546,0.7809302711217976,0.7768344250062184,-0.04255036895779796,0.910040626813697,0.8775557582290026,0.02361329906309595,6.655847141861622,0.04823812287538347,1.4562671692159301,0.030453050098847356,9.588856032834716,-0.07110042735042732,0.0036647044192024136
paris,link_x_fs,1,9.6308507560577,2.9246990152291876,0.678534118232319,0.6164331315811292,0.7959704833761712,-0.08447060774396808,0.7809302711217976,0.7833678799436199,-0.031075366885001343,0.910040626813697,0.8798938728131995,0.027709145178675065,6.544338568534719,0.04467291269380649,1.4562671692159301,0.012782242469355554,9.248467530704099,-0.051335470085470125,0.0036647044192024136
paris,link_x_phys,2,9.838640414103754,3.36661952700094,0.6772241107702512,0.6164331315811292,0.7938479396401625,-0.08884835419948589,0.7809302711217976,0.7791559572174778,-0.04467291269380658,0.910040626813697,0.8765608158527485,0.02182240278583869,6.691632343356666,0.050758643561893704,1.4562671692159301,0.02352594979147371,9.849394093533906,-0.07948717948717954,0.0036647044192024136
paris,link_x_fs,2,9.650408353227567,3.006479276497283,0.6769422104303126,0.6164331315811292,0.795937318630296,-0.0878202470773567,0.7809302711217976,0.7862034657159439,-0.033347151977447975,0.910040626813697,0.879611972473261,0.027161926871735353,6.56459092722277,0.046148743885249977,1.4562671692159301,0.00520504969398683,9.424946931579363,-0.05785256410256412,0.0036647044192024136
paris,link_x_phys,3,9.842810347935409,3.3710983333280278,0.6766437277174364,0.6164331315811292,0.7934665450625985,-0.08913025453942458,0.7809302711217976,0.7780946853494735,-0.04838736423182166,0.910040626813697,0.8763286626316226,0.02165657905646301,6.6901058050819575,0.04996268966089047,1.4562671692159301,0.018852690898926383,9.8586921387749,-0.08344017094017098,0.012204626482049563
paris,link_x_fs,3,9.649960799602638,2.986664333723148,0.6767266395821242,0.6164331315811292,0.7948760467622917,-0.08881518945361078,0.7809302711217976,0.7853080175773153,-0.035967166901583636,0.910040626813697,0.8795953901003234,0.027211673990548024,6.570207410555574,0.045717602188873226,1.4562671692159301,-0.0005758599570679923,9.549776517253502,-0.05774572649572651,0.0036647044192024136
paris,link_x_phys,4,9.834507920022732,3.381691933755482,0.6775060111101898,0.6164331315811292,0.7934333803167233,-0.09184976370118558,0.7809302711217976,0.7765691070392173,-0.049083823895199497,0.910040626813697,0.8762789155128099,0.02177265566702602,6.695056808169843,0.051985739159273694,1.4562671692159301,0.010497795323302306,9.715053653454529,-0.07724358974358969,0.012204626482049563
paris,link_x_fs,4,9.655463737130747,3.0336018707577255,0.6777547467042534,0.6164331315811292,0.7945775640494155,-0.0907387447143686,0.7809302711217976,0.7817759721416134,-0.03969820081253628,0.910040626813697,0.8797943785755742,0.027045850261172344,6.581595157943742,0.047425586601442665,1.4562671692159301,-0.008902964887572695,9.399005431332494,-0.053151709401709435,0.0036647044192024136
prague,link_x_phys,0,9.19753985968142,2.314665856792772,0.6954298881474725,0.6962459795497096,0.8010177139839662,-0.06795161058038501,0.8332893284047813,0.8366857087993855,0.034323844270558346,0.9337165762565407,0.9308002496279584,0.05657433632566855,5.707326961003066,0.03638807546445202,1.5982740183161797,0.06970148112871044,6.5286779398551396,-0.04790656240720581,0.0
prague,link_x_fs,0,9.067951230783814,1.9578200543339879,0.6937617013105468,0.6962459795497096,0.8015817771590418,-0.06868369257356821,0.8332893284047813,0.8395420287072152,0.038308290528539235,0.9337165762565407,0.9308962603811627,0.05688637127358265,5.668644490579859,0.034887907445633914,1.5982740183161797,0.0448726769468335,6.559868529294274,-0.046190900392622636,0.0
prague,link_x_phys,1,9.139405730443482,2.2654679749876547,0.6950818491671067,0.6962459795497096,0.8023498631846767,-0.07502040228505591,0.8332893284047813,0.8383658969804618,0.040660553982046044,0.9337165762565407,0.9311842926407757,0.05743843310450769,5.679908355690756,0.035079928952042636,1.5982740183161797,0.048175747853635764,6.366258307294897,-0.02622983272295354,0.0
prague,link_x_fs,1,9.017775179082095,1.9080406666624194,0.6934256636743316,0.6962459795497096,0.803369977437473,-0.07354423695453893,0.8332893284047813,0.8404061254860544,0.04414094378570399,0.9337165762565407,0.9313043060822812,0.057942489558830634,5.636765088448101,0.03341174211511689,1.5982740183161797,0.02507180498632766,6.425891690139911,-0.02619683922267313,0.0
prague,link_x_phys,2,9.21173543928753,2.298956238019603,0.696762037348183,0.6962459795497096,0.8001776198934281,-0.069007728865633,0.8332893284047813,0.8360736402477077,0.03678411982142005,0.9337165762565407,0.9304522106475925,0.055986270462291765,5.724551694957893,0.03666410637991455,1.5982740183161797,0.07194211953554985,6.502943814841963,-0.048401464911412506,0.0
prague,link_x_fs,2,9.078406087075066,1.9153524963527453,0.6952978733618165,0.6962459795497096,0.8008256924775575,-0.06895972348903079,0.8332893284047813,0.8390139695645913,0.04118861312467004,0.9337165762565407,0.930704238874754,0.056406317507560866,5.677352451133064,0.03457587249771975,1.5982740183161797,0.046256291610666134,6.546015241758386,-0.045201095384209355,0.0
prague,link_x_phys,3,9.193733407991383,2.3476825435636974,0.69449378330373,0.6962459795497096,0.7986894532187605,-0.07061590898180592,0.8332893284047813,0.8366377034227833,0.03655609428255968,0.9337165762565407,0.9312923047381306,0.05745043444865827,5.7593808281757815,0.03501992223128991,1.5982740183161797,0.06751663944326558,6.413115359964413,-0.03823946682503543,0.0
prague,link_x_fs,3,9.060599076723296,1.9682900073143739,0.692753588401901,0.6962459795497096,0.8004536508088906,-0.07091594258556955,0.8332893284047813,0.8396740434928712,0.040384523066583466,0.9337165762565407,0.9314363208679373,0.05771446401997027,5.706865742024272,0.03369977437472997,1.5982740183161797,0.04087058711123048,6.400691588756743,-0.03190471477119006,0.0
prague,link_x_phys,4,9.181651707439329,2.2402700229085224,0.6947698142191926,0.6962459795497096,0.8004656521530411,-0.06845566703470785,0.8332893284047813,0.8370097450914502,0.0368081225097211,0.9337165762565407,0.93083625366041,0.05625030003360376,5.717541101471362,0.03648408621765638,1.5982740183161797,0.06433260104585847,6.445880719696206,-0.040812959846910135,0.0
prague,link_x_fs,4,9.050639921057948,1.8509942940401287,0.6936536892131919,0.6962459795497096,0.8012577408669771,-0.06840766165810575,0.8332893284047813,0.8396740434928712,0.04136863328692819,0.9337165762565407,0.931232298017378,0.056718352455475074,5.673716191975285,0.034371849647160474,1.5982740183161797,0.03985996731110997,6.479692626449572,-0.037579596819426575,0.0
vienna,link_x_phys,0,9.330299731604535,1.2104129474696388,0.6616599707815924,0.5721785975164354,0.7825206963720477,-0.10364925736547365,0.7486456050645239,0.7804662770878987,0.008187241295349423,0.8866112734355978,0.8776022644265887,0.07942232773313851,6.525821516953629,0.03990138787436087,1.625051169408534,-0.07863815232570004,9.747187373246746,-0.15024559375902913,0.007182858534209857
vienna,link_x_fs,0,9.292302101228655,0.8234889315365476,0.660472972972973,0.5721785975164354,0.785472972972973,-0.09880995860725594,0.7486456050645239,0.7857316776235695,0.01935719503287081,0.8866112734355978,0.8785457755052349,0.0805788897005113,6.481503837296319,0.0482712442171902,1.625051169408534,-0.10223305962278628,9.677641320442259,-0.1332948088221131,0.007182858534209857
vienna,link_x_phys,1,9.353350895294628,1.2430793466939876,0.6619643291940589,0.5721785975164354,0.7836011687363039,-0.10056001947893844,0.7486456050645239,0.7800097394691989,0.002739225712198756,0.8866112734355978,0.8772826880934989,0.07608960311663016,6.555638889473819,0.03586863890917941,1.625051169408534,-0.06445849488516253,9.939633691667987,-0.1494751035346239,0.014624421719016234
vienna,link_x_fs,1,9.303705560339115,0.8093751139138464,0.6612338690041393,0.5721785975164354,0.7864317019722425,-0.09605551497443393,0.7486456050645239,0.7859903822741661,0.014472242512783118,0.8866112734355978,0.8779827124421719,0.07782444606768935,6.501042694838655,0.0451211346481617,1.625051169408534,-0.09178195131415001,9.769814093926769,-0.13223538476355579,0.014624421719016234
vienna,link_x_phys,2,9.374524012286496,1.2277766507149726,0.662481738495252,0.5721785975164354,0.7826576576576577,-0.10323837350864384,0.7486456050645239,0.7780161918675432,0.00035001217433650034,0.8866112734355978,0.8773131239347456,0.07666788410031655,6.565228194195622,0.03865351838324815,1.625051169408534,-0.07277736877829599,9.625924036867456,-0.13806221708562072,0.014624421719016234
vienna,link_x_fs,2,9.326572244047606,0.820972323423521,0.6612490869247626,0.5721785975164354,0.7848490382274166,-0.09760774287801322,0.7486456050645239,0.7842251034818603,0.012554784514244077,0.8866112734355978,0.8782414170927685,0.0783570732895057,6.510744344434149,0.04725164353542732,1.625051169408534,-0.09814283673399515,9.49146389473757,-0.11913705094866611,0.014624421719016234
vienna,link_x_phys,3,9.329814727873368,1.2450014187571916,0.6638056975894814,0.5721785975164354,0.7825206963720477,-0.10617543218894576,0.7486456050645239,0.7813641344046749,0.00010652544436329237,0.8866112734355978,0.8776327002678354,0.07741356221085949,6.520205051686352,0.04426893109325547,1.625051169408534,-0.0835493031660699,9.74219987478475,-0.1497158817297506,0.007182858534209857
vienna,link_x_fs,3,9.287700327251361,0.8253352050374664,0.6631665449233016,0.5721785975164354,0.7849403457511566,-0.10217311906501103,0.7486456050645239,0.7870860725590455,0.011032992451911472,0.8866112734355978,0.8780131482834186,0.07843316289262237,6.476470596427568,0.05260835159483812,1.625051169408534,-0.11035001929246291,9.559962131298931,-0.1326206298757584,0.007182858534209857
vienna,link_x_phys,4,9.358223000716265,1.2301590618356386,0.6633491599707816,0.5721785975164354,0.7810141222303384,-0.10162527392257126,0.7486456050645239,0.7801314828341855,0.0069698076454833835,0.8866112734355978,0.8771152909666423,0.07887448259069885,6.557280553960686,0.042184075967859724,1.625051169408534,-0.0758967060497191,9.965699250330454,-0.15607242608109406,0.014624421719016234
vienna,link_x_fs,4,9.315740343789706,0.8136000947243155,0.6621621621621622,0.5721785975164354,0.7836011687363039,-0.09852081811541274,0.7486456050645239,0.7851077428780131,0.01648100803506214,0.8866112734355978,0.8778609690771852,0.07986364743121499,6.52242969882547,0.051527879230581886,1.625051169408534,-0.10066178751615018,9.769048483277396,-0.14186651256862182,0.014624421719016234
