city,tiles,gamma_median_150,tiles_140,dgamma_median_140,links_removed_140,tiles_130,dgamma_median_130,links_removed_130,censored_share,tobit_tiles,gamma_ls_median,gamma_tobit_median,dgamma_tobit_median,dgamma_tobit_q90
amsterdam,948,2.8443347601403604,941,-0.5724762937513428,0.18444696470652155,928,-1.1407985925932915,0.4130117961847458,0.5678266536713676,300,2.699076318380408,6.710476866270774,3.745505740783539,6.8021640044010505
barcelona,942,2.4336802896606384,921,-0.4857349923457779,0.18674164682702565,881,-0.8930359591372952,0.4053000574665463,0.6096002873415773,300,2.29838314448202,6.589623686083825,4.283972337771038,7.509467373943747
berlin,957,2.8222984845187216,955,-0.6462163107610892,0.17330696034840865,943,-1.2613332697621502,0.39752916694317364,0.43457652369697447,300,2.714272924373855,5.92992552262943,3.2558819687660536,6.937930450152621
chicago,961,2.791522202602909,961,-0.6401284270536536,0.17905534279773216,960,-1.2255852307528132,0.398215327539007,0.40538160469667317,300,2.778016524772508,6.435492024760233,3.535525897933895,6.698274235063966
hamburg,961,3.1473930198145474,958,-0.5044116511603316,0.14966865574481936,952,-1.0657198547480204,0.35109211240099814,0.35472533996460337,300,3.173441140018939,5.396413101534249,2.113033668478909,3.885672860459575
london,940,2.396892454284166,933,-0.4704808672392029,0.14596343988111093,922,-0.855347414466953,0.3327327314429048,0.46938151026827435,300,2.3939660173040753,5.358652446290586,2.9462149052744477,5.014310469887527
munich,950,2.998972636910251,943,-0.5828511066364621,0.20086492640317555,918,-1.1840262104036012,0.42500402994247255,0.5470524478316923,300,3.081859470794767,6.2806016813010235,3.1573711046353217,5.333149254514401
newyork,960,2.686033478166627,958,-0.6207512475827318,0.23820981015335163,954,-1.1186354088938422,0.4902937728849198,0.5378388793941222,300,2.770990075436468,7.019354574143826,4.491976368163156,7.342933063694415
paris,910,2.406302370797773,871,-0.5977465972665299,0.18307218554174554,815,-1.006444485765981,0.38462831044710744,0.6313837275755844,300,2.5330033262807836,6.707091267183307,4.266365094351244,8.338499359480712
prague,960,2.915994170013869,958,-0.7294466867303109,0.2154579263975096,947,-1.3657456259899576,0.4435363387577267,0.5583081622072448,300,2.8996322975343487,6.278895855274832,3.4996575547372295,5.314881713430943
vienna,939,2.387649677028447,898,-0.5271325897678762,0.22890376077426933,844,-0.9803803080982009,0.4824122389338642,0.6642827513387133,300,2.4498981272940674,6.672515323452393,4.145743654429277,7.915207819890094
