city,buildings,frac_tag,frac_levels,frac_imputed,median_height_m,building_parts,transmitters,samples,qc_removed,tiles,tiles_grid
amsterdam,21135,0.8311331913886918,0.01745919091554294,0.15140761769576533,15.5,18378,20,736255,40,948,1295
barcelona,12337,0.12434141201264488,0.6414849639296425,0.23417362405771258,19.200000000000003,11474,20,609050,17,942,1225
berlin,6036,0.14910536779324055,0.629555997349238,0.22133863485752153,16.0,5329,20,1009619,34,957,1225
chicago,2952,0.7015582655826558,0.04403794037940379,0.2544037940379404,15.9,2696,20,1069552,457,961,1225
hamburg,4335,0.17024221453287197,0.4244521337946944,0.40530565167243365,16.0,4023,20,1152125,199,961,1155
london,11891,0.07568749474392397,0.4201496930451602,0.5041628122109159,12.8,9903,20,931288,71,940,1295
munich,8616,0.08658310120705665,0.489322191272052,0.42409470752089135,12.8,7577,20,794056,95,950,1295
newyork,7126,0.9789503227617177,0.005753578445130508,0.015296098793151839,18.6,6478,20,827510,175,960,1225
paris,14383,0.03469373566015435,0.6397830772439685,0.3255231870958771,19.200000000000003,13061,20,529649,50,910,1155
prague,9907,0.01130513778136671,0.7028363783183608,0.2858584839002725,16.0,9268,20,783805,26,960,1155
vienna,7082,0.2632024851736798,0.599689353290031,0.13710816153628919,16.0,6290,20,534491,6,939,1225
