fold,sigma,N,eps_median,frac_eps_lt1,neff_frac,wmax_median,dev_mean,bound_holds_in_regime,pred_spread_ratio
amsterdam,0.1,8520,314.9733886313827,0.0,0.02191255674365624,0.019630410173227097,0.35049076766558995,,0.49365874658973785
barcelona,0.5,8526,11.359587079939562,0.0,0.7089686186483074,0.0002766547245096137,0.15716234559965883,,0.17847209385346882
berlin,0.1,8521,294.23912325901233,0.0,0.05072804458964044,0.008993578391099037,0.2974781184240962,,0.43638775039889954
chicago,0.1,8510,306.87214459682036,0.0,0.004507301866506933,0.07270015389224911,0.4868616969388171,,0.647948141002026
hamburg,0.5,8506,12.3537600862942,0.0,0.7305239148065054,0.0002931751887601503,0.178017507276486,,0.2749608217736374
london,0.2,8540,75.79832492505773,0.0,0.22150550359191296,0.0010938010835784503,0.309786021398795,,0.5995472647649815
munich,0.2,8530,75.28031918301244,0.0,0.2699998606276018,0.0008834784926405158,0.2505031237224936,,0.3821739204568867
newyork,0.1,8520,277.1436513354593,0.0,0.000366209726375399,0.4674020634831144,0.4745340201729719,,0.749788579819703
paris,0.1,8576,303.7400625476403,0.0,0.04996358735022578,0.00802825892883292,0.3554662025837139,,0.39446930821253534
prague,0.1,8558,299.11102286261325,0.0,0.06279069821645593,0.006527431720738966,0.27639642334482656,,0.4327627146693925
vienna,0.1,8539,294.3423058399798,0.0,0.055423803859524653,0.007656998124456449,0.342498305263533,,0.4331949574019859
