scene,links,qc_removed,tiles,sites,footprints,height_median_m,operator,draw,pl_rmse_db,pl_bias_db,assoc_acc,cov_true_120,cov_acc_120,cov_err_120,cov_true_130,cov_acc_130,cov_err_130,cov_true_140,cov_acc_140,cov_err_140,sinr_mae_db,sinr_ks,se_true,se_err,edge_disp_m,handover_err,regret5,gamma_rmse
munich,104696,66,195,8,148,15.993988037109375,oracle,0,12.089278334582835,0.00017932372103772286,0.6338379543006181,0.9959743720587402,0.9950104893122413,0.0022679594035266426,0.9997165050745591,0.9997165050745591,0.00028349492544088584,1.0,1.0,0.0,5.548168315515637,0.13760843680898116,1.3140239049297444,0.3997702010520461,48.35359384020288,-0.900074156470152,0.015592220899245834,
munich,104696,66,195,8,148,15.993988037109375,median,0,15.333503123802219,7.098970132670073,0.6338379543006181,0.9959743720587402,0.9598004195724896,-0.0324885184555197,0.9997165050745591,0.9997165050745591,0.00028349492544088584,1.0,1.0,0.0,4.556204070757069,0.24318194704314794,1.3140239049297444,-0.3677434712622508,48.35359384020288,-0.900074156470152,0.015592220899245834,2.067953766535046
munich,104696,66,195,8,148,15.993988037109375,ridge,0,14.66387543674344,3.4003699508986576,0.6338379543006181,0.9959743720587402,0.963655950558485,-0.02931337529058231,0.9997165050745591,0.9997165050745591,0.00028349492544088584,1.0,1.0,0.0,4.543336761475987,0.23274933378692522,1.3140239049297444,-0.32384693551983557,48.35359384020288,-0.900074156470152,0.015592220899245834,1.9306077497664984
munich,104696,66,195,8,148,15.993988037109375,gbdt,0,14.481000854628606,2.8326830070088675,0.6338379543006181,0.9959743720587402,0.9685887622611555,-0.024380563587911852,0.9997165050745591,0.9997165050745591,0.00028349492544088584,1.0,1.0,0.0,4.561385149929474,0.22827011396496003,1.3140239049297444,-0.3127511096825928,48.35359384020288,-0.900074156470152,0.015592220899245834,1.9079383314199136
munich,104696,66,195,8,148,15.993988037109375,link,0,13.291282141615179,4.165549371864946,0.6784033565799172,0.9959743720587402,0.9101888076203436,-0.08527527357260312,0.9997165050745591,0.9922889380280093,-0.007144072121109013,1.0,1.0,0.0,4.464458255508332,0.0762601349435845,1.3140239049297444,-0.005499107103894563,9.611749460162315,-0.12791991101223577,0.015592220899245834,
munich,104696,66,195,8,148,15.993988037109375,link+k10,0,12.634642400825005,-2.5907447163632176,0.6439870726313999,0.9959743720587402,0.9812893349209049,-0.01292736860010213,0.9997165050745591,0.9997732040596473,0.00022679594035268646,1.0,1.0,0.0,5.001120181465288,0.13040766570278392,1.3140239049297444,-0.11733270998824419,10.744270486249377,-0.08175750834260287,0.0011906786868515207,
munich,104696,66,195,8,148,15.993988037109375,link+k10,1,12.59966862784695,1.4277979342606262,0.6231785451040427,0.9959743720587402,0.9589499347961672,-0.03628735045642684,0.9997165050745591,0.9997732040596473,0.00022679594035268646,1.0,1.0,0.0,4.929946619904206,0.10324885184555196,1.3140239049297444,-0.02555606439043201,10.552820205905023,-0.11049314052651094,0.0014741736122922955,
munich,104696,66,195,8,148,15.993988037109375,link+k10,2,12.41537719285363,0.6728286915699582,0.5879117763792028,0.9959743720587402,0.9634291546181324,-0.03180813063446164,0.9997165050745591,0.9998866020298237,0.00011339797017639874,1.0,1.0,0.0,5.001034736903044,0.1296138799115496,1.3140239049297444,-0.12262173416302158,10.583718182164258,-0.03058954393770852,0.0014741736122922955,
munich,104696,66,195,8,148,15.993988037109375,link+k10,3,12.691654129851246,2.121787946848041,0.5830356636616204,0.9959743720587402,0.9626920678119861,-0.03254521744060779,0.9997165050745591,0.9997165050745591,0.00028349492544088584,1.0,1.0,0.0,5.251155443752153,0.08527527357260306,1.3140239049297444,-0.05908620085702365,11.059413278822841,-0.0977011494252874,0.003288541135113676,
munich,104696,66,195,8,148,15.993988037109375,link+k10,4,12.579086697646378,1.9769499583294003,0.5416454045472586,0.9959743720587402,0.9563417814821115,-0.038215115949424505,0.9997165050745591,0.9998299030447355,0.00017009695526459812,1.0,1.0,0.0,5.190345066501562,0.10693428587628281,1.3140239049297444,-0.09812481478921709,10.615486513671087,-0.05024100852799407,0.000623688835969749,
munich,104696,66,195,8,148,15.993988037109375,link+k10,5,12.743649593170339,2.351852724057484,0.634518342121676,0.9959743720587402,0.94772353574871,-0.046719963712649526,0.9997165050745591,0.999659806089471,0.00022679594035268646,1.0,1.0,0.0,4.700092197091901,0.09837273912796962,1.3140239049297444,-0.08401803535189512,11.086303243549924,-0.09733036707452725,0.0014741736122922955,
munich,104696,66,195,8,148,15.993988037109375,link+k10,6,12.745218392904698,-0.555497686768726,0.6306061121505925,0.9959743720587402,0.9741452627997959,-0.02086522651244549,0.9997165050745591,0.9997732040596473,0.00022679594035268646,1.0,1.0,0.0,4.54299261537488,0.04802404036967739,1.3140239049297444,0.0479594761448352,10.794255378231636,-0.19262143121987396,5.669898508808835e-05,
munich,104696,66,195,8,148,15.993988037109375,link+k10,7,12.426889830337261,0.7374999322968083,0.6352554289278222,0.9959743720587402,0.9623518739014572,-0.03197822758972613,0.9997165050745591,0.9997165050745591,0.00028349492544088584,1.0,1.0,0.0,5.054200665744523,0.12473776719396723,1.3140239049297444,-0.10339372645039924,11.090935084475424,-0.128476084538376,0.015592220899245834,
munich,104696,66,195,8,148,15.993988037109375,link+k10,8,12.614362663812823,-0.47262948189311166,0.587628281453762,0.9959743720587402,0.9698928389181833,-0.024777456483529026,0.9997165050745591,0.9998866020298237,0.00011339797017639874,1.0,1.0,0.0,5.146619949098796,0.10942904122016214,1.3140239049297444,-0.07743429505138977,10.62138019066455,-0.049499443826473866,0.0011906786868515207,
munich,104696,66,195,8,148,15.993988037109375,link+k10,9,13.528667183968773,4.595971764589024,0.5699948970913421,0.9959743720587402,0.9427340250609514,-0.05182287237058458,0.9997165050745591,0.999659806089471,0.00022679594035268646,1.0,1.0,0.0,5.148366032027083,0.0665079095084198,1.3140239049297444,-0.003649996339236461,11.880211077418924,-0.11512791991101223,0.0014741736122922955,
munich,104696,66,195,8,148,15.993988037109375,link+k10d,0,13.430952934775638,4.784331148940903,0.5547428701026251,0.9959743720587402,0.9333219935363157,-0.06123490389522035,0.9997165050745591,0.9996031071043828,0.00017009695526459812,1.0,1.0,0.0,5.122588009746655,0.09247604467880027,1.3140239049297444,-0.05762895210276642,12.390000092133764,-0.1345939933259177,0.0014741736122922955,
munich,104696,66,195,8,148,15.993988037109375,link+k25,0,12.391902167504071,0.3246639511969324,0.6981346033905993,0.9959743720587402,0.9638827464988377,-0.031014344843227293,0.9997165050745591,0.9997165050745591,0.00028349492544088584,1.0,1.0,0.0,4.436909226945997,0.1199750524465612,1.3140239049297444,-0.11681786806578454,9.40552923869905,-0.06470152020763809,0.00039689289561717356,
munich,104696,66,195,8,148,15.993988037109375,link+k25,1,12.45867517311443,1.09796912944904,0.6347451380620287,0.9959743720587402,0.9579860520496684,-0.036457447411691324,0.9997165050745591,0.9997165050745591,0.00028349492544088584,1.0,1.0,0.0,4.543426970390492,0.13857231955547997,1.3140239049297444,-0.06976376645171167,9.786059665650596,0.0014831294030404063,0.0014741736122922955,
munich,104696,66,195,8,148,15.993988037109375,link+k25,2,12.420423403193613,0.9788669576790637,0.614787095310994,0.9959743720587402,0.962635368826898,-0.033395702216930334,0.9997165050745591,0.9997165050745591,0.00028349492544088584,1.0,1.0,0.0,4.7737956838180216,0.1289334920904916,1.3140239049297444,-0.12294064822513762,10.62029859745978,-0.040786058583611395,0.000623688835969749,
munich,104696,66,195,8,148,15.993988037109375,link+k25,3,12.42276028770508,0.9897768277517247,0.6634348245166412,0.9959743720587402,0.9629188637523388,-0.03163803367919715,0.9997165050745591,0.9997165050745591,0.00028349492544088584,1.0,1.0,0.0,4.629880247295165,0.11084651584736632,1.3140239049297444,-0.0810083287862895,9.98031870422933,-0.08027437893956246,0.0011906786868515207,
munich,104696,66,195,8,148,15.993988037109375,link+k25,4,12.400227872886932,0.460226363064318,0.6799342291772977,0.9959743720587402,0.9667176957532461,-0.028859783409876938,0.9997165050745591,0.9998299030447355,0.00017009695526459812,1.0,1.0,0.0,4.694143042855159,0.10557351023416678,1.3140239049297444,-0.07611933020304384,9.462885741969728,-0.07193177604746015,0.0003401939105289742,
munich,104696,66,195,8,148,15.993988037109375,link+k25,5,12.471709556466255,-1.0085654516708085,0.6156375800873164,0.9959743720587402,0.9702330328287123,-0.024097068662470966,0.9997165050745591,0.9997165050745591,0.00028349492544088584,1.0,1.0,0.0,4.414612186698484,0.10341894880081648,1.3140239049297444,-0.10589510986606565,10.300486944313345,-0.1023359288097887,0.0014741736122922955,
munich,104696,66,195,8,148,15.993988037109375,link+k25,6,12.354903301980578,0.03925436178092913,0.6558371605148268,0.9959743720587402,0.96875885921642,-0.025798038215115948,0.9997165050745591,0.9997165050745591,0.00028349492544088584,1.0,1.0,0.0,4.555971979511329,0.12604184385099504,1.3140239049297444,-0.07585638862268285,9.57996466794915,-0.0977011494252874,0.0014741736122922955,
munich,104696,66,195,8,148,15.993988037109375,link+k25,7,12.438270018597262,0.6451843312621656,0.6395078528094347,0.9959743720587402,0.964336338379543,-0.030900946873051005,0.9997165050745591,0.9998866020298237,0.00011339797017639874,1.0,1.0,0.0,4.5047648324099,0.1376651357940693,1.3140239049297444,-0.10601835930337633,9.291963906942643,-0.017241379310344862,0.000623688835969749,
munich,104696,66,195,8,148,15.993988037109375,link+k25,8,12.40666363077441,1.0184835421597145,0.6715994783693372,0.9959743720587402,0.9601406134830186,-0.03441628394851737,0.9997165050745591,0.9997165050745591,0.00028349492544088584,1.0,1.0,0.0,4.5732272284615725,0.10154788229290695,1.3140239049297444,-0.07467768454202384,10.201681261558399,-0.10048201705598814,0.000623688835969749,
munich,104696,66,195,8,148,15.993988037109375,link+k25,9,12.359929901940243,0.10166056923685464,0.6475024097068662,0.9959743720587402,0.9647332312751602,-0.029596870216023197,0.9997165050745591,0.9997165050745591,0.00028349492544088584,1.0,1.0,0.0,4.813981039830127,0.13358280886772128,1.3140239049297444,-0.13937195819129822,10.346035607595514,-0.011308861698183126,0.0014741736122922955,
munich,104696,66,195,8,148,15.993988037109375,link+k25d,0,14.033051529198165,6.183051580705935,0.5666496569711402,0.9959743720587402,0.9252140386687079,-0.06968305267335717,0.9997165050745591,0.998639224357884,-0.0007937857912342361,1.0,1.0,0.0,4.774383464874597,0.10721778080172364,1.3140239049297444,-0.041878604933395014,11.1042088581721,-0.027808676307007785,0.0014741736122922955,
etoile,42235,2,63,8,48,18.72992515563965,oracle,0,10.689602944814881,5.655576655855546e-05,0.5511852502194908,0.9966637401229148,0.9966637401229148,0.0033362598770851903,0.9994732221246707,0.9994732221246707,0.0005267778753292873,0.9996488147497805,0.9996488147497805,0.0003511852502194879,4.4406396052706665,0.05654082528533799,1.1545104863845743,0.0992082686443041,37.78430570001572,-0.8146035367940673,0.01984196663740123,
etoile,42235,2,63,8,48,18.72992515563965,median,0,15.123695620486203,8.487446648178658,0.5511852502194908,0.9966637401229148,0.9966637401229148,0.0033362598770851903,0.9994732221246707,0.9994732221246707,0.0005267778753292873,0.9996488147497805,0.9996488147497805,0.0003511852502194879,4.6731592390363685,0.05390693590869178,1.1545104863845743,-0.10300840392547306,37.78430570001572,-0.8146035367940673,0.01984196663740123,1.0142290010959552
etoile,42235,2,63,8,48,18.72992515563965,ridge,0,13.909127861606578,2.47542029177293,0.5511852502194908,0.9966637401229148,0.9966637401229148,0.0033362598770851903,0.9994732221246707,0.9994732221246707,0.0005267778753292873,0.9996488147497805,0.9996488147497805,0.0003511852502194879,4.832154393098547,0.077260755048288,1.1545104863845743,-0.01242685498288032,37.78430570001572,-0.8146035367940673,0.01984196663740123,0.9585315252116804
etoile,42235,2,63,8,48,18.72992515563965,gbdt,0,13.74862727542051,2.0740394778642433,0.5511852502194908,0.9966637401229148,0.9966637401229148,0.0033362598770851903,0.9994732221246707,0.9994732221246707,0.0005267778753292873,0.9996488147497805,0.9996488147497805,0.0003511852502194879,4.8347774883092205,0.08393327480245832,1.1545104863845743,0.006553438004594847,37.78430570001572,-0.8146035367940673,0.01984196663740123,0.9503704095845804
etoile,42235,2,63,8,48,18.72992515563965,link,0,11.962020649252475,4.765363085292141,0.7489025460930641,0.9966637401229148,0.992449517120281,-0.0008779631255486642,0.9994732221246707,0.9994732221246707,0.0005267778753292873,0.9996488147497805,0.9996488147497805,0.0003511852502194879,4.400488559091141,0.12379280070237048,1.1545104863845743,0.2066974142468483,6.065490770415183,-0.0011409013120364797,0.01984196663740123,
etoile,42235,2,63,8,48,18.72992515563965,link+k10,0,11.018019400467123,-0.95521272864052,0.7769973661106233,0.9966637401229148,0.9989464442493415,0.0010535557506584636,0.9994732221246707,1.0,0.0,0.9996488147497805,1.0,0.0,3.6329234586361023,0.07251975417032486,1.1545104863845743,0.1482527046994102,5.281079448321697,0.01996577296063884,0.00017559262510979945,
etoile,42235,2,63,8,48,18.72992515563965,link+k10,1,11.061002051035636,-1.3488620081653577,0.7474978050921861,0.9966637401229148,0.9966637401229148,0.0033362598770851903,0.9994732221246707,0.9994732221246707,0.0005267778753292873,0.9996488147497805,0.9996488147497805,0.0003511852502194879,3.8097937794404664,0.08849868305531167,1.1545104863845743,0.15647239601815977,6.021622844925336,-0.01540216771249292,0.0038630377524143666,
etoile,42235,2,63,8,48,18.72992515563965,link+k10,2,11.446214581721629,2.920878370874373,0.7561018437225636,0.9966637401229148,0.9954345917471467,0.0007023705004389758,0.9994732221246707,0.9994732221246707,0.0005267778753292873,0.9996488147497805,0.9996488147497805,0.0003511852502194879,3.7464339638356545,0.09517120280948199,1.1545104863845743,0.1238284083015575,5.496271274027623,0.0661722760981176,0.0022827041264267267,
etoile,42235,2,63,8,48,18.72992515563965,link+k10,3,11.011141871181728,0.9922897358677151,0.7594381035996488,0.9966637401229148,0.9973661106233538,0.0026338893766462146,0.9994732221246707,0.9996488147497805,0.0003511852502194879,0.9996488147497805,0.9998244073748902,0.00017559262510968843,3.7395807409387203,0.09411764705882353,1.1545104863845743,0.16162361034733475,5.552747489968175,0.03080433542498584,0.0005267778753292873,
etoile,42235,2,63,8,48,18.72992515563965,link+k10,4,10.96218317779474,0.43343270510661414,0.7441615452151009,0.9966637401229148,0.9964881474978051,0.003160667251975391,0.9994732221246707,0.9994732221246707,0.0005267778753292873,0.9996488147497805,0.9996488147497805,0.0003511852502194879,4.034381565057288,0.09798068481123795,1.1545104863845743,0.16571822702265337,5.957031315202205,-0.00570450656018251,0.0038630377524143666,
etoile,42235,2,63,8,48,18.72992515563965,link+k10,5,11.089284584221211,1.3056314864375493,0.7685689201053556,0.9966637401229148,0.9968393327480246,0.0021071115013169273,0.9994732221246707,0.9994732221246707,0.0005267778753292873,0.9996488147497805,0.9996488147497805,0.0003511852502194879,3.8285584736804243,0.07041264266900787,1.1545104863845743,0.13280470178821768,5.468975822377563,0.05989731888191674,0.0026338893766462146,
etoile,42235,2,63,8,48,18.72992515563965,link+k10,6,11.065214582817116,-1.5127282189098867,0.7678665496049166,0.9966637401229148,0.9968393327480246,0.003160667251975391,0.9994732221246707,0.9994732221246707,0.0005267778753292873,0.9996488147497805,0.9996488147497805,0.0003511852502194879,3.8449987006489588,0.07831431079894646,1.1545104863845743,0.16133777248867442,5.734258848278566,0.0062749572162008604,0.002809482001755903,
etoile,42235,2,63,8,48,18.72992515563965,link+k10,7,10.963274046037887,0.772977718948099,0.7629499561018437,0.9966637401229148,0.9963125548726953,0.0029850746268657025,0.9994732221246707,0.9994732221246707,0.0005267778753292873,0.9996488147497805,0.9996488147497805,0.0003511852502194879,3.9594176857215726,0.11975417032484637,1.1545104863845743,0.1795077456157239,5.688068497283376,0.011979463776383259,0.005267778753292318,
etoile,42235,2,63,8,48,18.72992515563965,link+k10,8,10.966772177947457,-0.4613049506293806,0.7759438103599648,0.9966637401229148,0.9978928884986831,0.0021071115013169273,0.9994732221246707,0.9996488147497805,0.0003511852502194879,0.9996488147497805,0.9998244073748902,0.00017559262510968843,3.757623757937208,0.08147497805092191,1.1545104863845743,0.14363672390419113,5.450619666923673,0.0650313747860809,0.0005267778753292873,
etoile,42235,2,63,8,48,18.72992515563965,link+k10,9,11.280868442223442,-2.554953341328615,0.7856014047410009,0.9966637401229148,0.9973661106233538,0.0026338893766462146,0.9994732221246707,0.9994732221246707,0.0005267778753292873,0.9996488147497805,0.9996488147497805,0.0003511852502194879,3.641678022413154,0.08042142230026339,1.1545104863845743,0.17368157209806712,5.433794436964419,-0.03707929264118659,0.005443371378402118,
etoile,42235,2,63,8,48,18.72992515563965,link+k10d,0,11.228692069918164,-1.7852124019418847,0.7776997366110623,0.9966637401229148,0.998595258999122,0.0014047410008779515,0.9994732221246707,0.9998244073748902,0.00017559262510979945,0.9996488147497805,0.9998244073748902,0.00017559262510968843,3.9665434267964153,0.09710272168568923,1.1545104863845743,0.21013508652514434,5.335083062926297,0.03593839132915,0.0003511852502194879,
etoile,42235,2,63,8,48,18.72992515563965,link+k25,0,10.964088816512223,-0.8519555871171888,0.8584723441615452,0.9966637401229148,0.9971905179982441,0.002809482001755903,0.9994732221246707,0.9996488147497805,0.0003511852502194879,0.9996488147497805,0.9998244073748902,0.00017559262510968843,2.637777778680784,0.07796312554872692,1.1545104863845743,0.11036899185469062,3.4915760352709713,0.03137478608100408,0.0005267778753292873,
etoile,42235,2,63,8,48,18.72992515563965,link+k25,1,10.97528259131631,-0.6691989230725124,0.8414398595259,0.9966637401229148,0.9987708516242317,0.001229148375768263,0.9994732221246707,0.9998244073748902,0.00017559262510979945,0.9996488147497805,0.9998244073748902,0.00017559262510968843,2.6308325243864368,0.05513608428446004,1.1545104863845743,0.11367065160669454,3.65186889554636,0.04107244723331438,0.00017559262510979945,
etoile,42235,2,63,8,48,18.72992515563965,link+k25,2,10.950063131341002,0.4177853740255344,0.8294995610184372,0.9966637401229148,0.9970149253731343,0.0019315188762072388,0.9994732221246707,0.9994732221246707,0.0005267778753292873,0.9996488147497805,0.9996488147497805,0.0003511852502194879,2.7561661278127128,0.07181738366988588,1.1545104863845743,0.10495627200289226,4.120571108383298,0.03422703936109528,0.0005267778753292873,
etoile,42235,2,63,8,48,18.72992515563965,link+k25,3,11.046034804255482,-1.6723659384375504,0.8556628621597893,0.9966637401229148,0.9978928884986831,0.0021071115013169273,0.9994732221246707,0.9996488147497805,0.0003511852502194879,0.9996488147497805,0.9998244073748902,0.00017559262510968843,2.5777964271981397,0.04899034240561895,1.1545104863845743,0.07698493977417553,3.8881396609584247,0.03536794067313176,0.0005267778753292873,
etoile,42235,2,63,8,48,18.72992515563965,link+k25,4,10.943364524618998,-0.47493787565121487,0.8437225636523266,0.9966637401229148,0.9971905179982441,0.002809482001755903,0.9994732221246707,0.9996488147497805,0.0003511852502194879,0.9996488147497805,0.9998244073748902,0.00017559262510968843,2.67952905528793,0.04038630377524144,1.1545104863845743,0.058960757747546166,4.077526890415515,0.03137478608100408,0.0005267778753292873,
etoile,42235,2,63,8,48,18.72992515563965,link+k25,5,10.958694952953811,-0.6220935832721998,0.836523266022827,0.9966637401229148,0.9987708516242317,0.001229148375768263,0.9994732221246707,0.9998244073748902,0.00017559262510979945,0.9996488147497805,0.9998244073748902,0.00017559262510968843,2.6203109177428052,0.07936786654960487,1.1545104863845743,0.15776525501282745,3.930584897821156,0.03536794067313176,0.00017559262510979945,
etoile,42235,2,63,8,48,18.72992515563965,link+k25,6,10.926637585595829,0.022974448047981856,0.844776119402985,0.9966637401229148,0.999297629499561,0.0007023705004389758,0.9994732221246707,0.9998244073748902,0.00017559262510979945,0.9996488147497805,0.9998244073748902,0.00017559262510968843,2.5838200735635883,0.07585601404741005,1.1545104863845743,0.110614435962344,3.6073772006157023,0.04221334854535086,0.0,
etoile,42235,2,63,8,48,18.72992515563965,link+k25,7,10.94125131437619,0.5443606670369484,0.8284460052677788,0.9966637401229148,0.9987708516242317,0.001229148375768263,0.9994732221246707,0.9998244073748902,0.00017559262510979945,0.9996488147497805,0.9998244073748902,0.00017559262510968843,2.755065676763731,0.05899912203687441,1.1545104863845743,0.12102431422348192,4.146994648242552,0.05191100969766116,0.00017559262510979945,
etoile,42235,2,63,8,48,18.72992515563965,link+k25,8,10.959187734910513,-0.7330262481110934,0.8481123792800702,0.9966637401229148,0.9989464442493415,0.0010535557506584636,0.9994732221246707,1.0,0.0,0.9996488147497805,1.0,0.0,2.8128420244131305,0.05513608428446004,1.1545104863845743,0.10100265932579444,3.934496922516587,0.01825442099258412,0.00017559262510979945,
etoile,42235,2,63,8,48,18.72992515563965,link+k25,9,10.974742289718545,-0.8611462868587545,0.8251097453906936,0.9966637401229148,0.9978928884986831,0.0021071115013169273,0.9994732221246707,0.9996488147497805,0.0003511852502194879,0.9996488147497805,0.9998244073748902,0.00017559262510968843,2.442962917926123,0.05654082528533799,1.1545104863845743,0.09931946899440569,4.027457379981705,0.02110667427267532,0.0022827041264267267,
etoile,42235,2,63,8,48,18.72992515563965,link+k25d,0,11.337046007165837,-2.962099644821499,0.8693590869183494,0.9966637401229148,0.9989464442493415,0.0010535557506584636,0.9994732221246707,1.0,0.0,0.9996488147497805,1.0,0.0,2.7066340185707047,0.034240561896400346,1.1545104863845743,0.08519257656801549,3.466988506276155,0.004563605248146141,0.00017559262510979945,
florence,55851,0,127,8,117,16.032123565673828,oracle,0,13.93355154727991,-1.2841100640354817e-05,0.4755753661420904,0.9925407077230965,0.9604293641408169,-0.030292004002547057,0.998544528336214,0.998544528336214,0.0014554716637860121,0.9998180660420267,0.9998180660420267,0.00018193395797327927,7.37398321955199,0.06968070590375694,1.6540862252185076,-0.017330832601267332,43.622194091893654,-0.8681599092713355,0.022377876830710464,
florence,55851,0,127,8,117,16.032123565673828,median,0,15.511307866664717,1.0840661983674913,0.47566633312107703,0.9925407077230965,0.9885381606476848,0.003456745201491862,0.998544528336214,0.998544528336214,0.0014554716637860121,0.9998180660420267,0.9998180660420267,0.00018193395797327927,6.5225090130809145,0.2760847812244155,1.6540862252185076,-0.6483296161875007,47.8480878768448,-0.8792174652679331,0.022377876830710464,2.3156475827302234
florence,55851,0,127,8,117,16.032123565673828,ridge,0,16.721990688770713,0.1378776561254162,0.47566633312107703,0.9925407077230965,0.943782406986264,-0.044937687619394207,0.998544528336214,0.998544528336214,0.0014554716637860121,0.9998180660420267,0.9998180660420267,0.00018193395797327927,6.685573240451804,0.31711088874738474,1.6540862252185076,-0.7165307366789507,47.8480878768448,-0.8792174652679331,0.022377876830710464,2.2661037373856723
florence,55851,0,127,8,117,16.032123565673828,gbdt,0,16.45211577030189,-0.9369277172048601,0.47566633312107703,0.9925407077230965,0.980442099517875,-0.007732193213863425,0.998544528336214,0.998544528336214,0.0014554716637860121,0.9998180660420267,0.9998180660420267,0.00018193395797327927,6.617780548614397,0.3013736013826981,1.6540862252185076,-0.6846914681153738,47.8480878768448,-0.8792174652679331,0.022377876830710464,2.2261409255660762
florence,55851,0,127,8,117,16.032123565673828,link,0,14.116462293465496,2.946963465142091,0.6262166833439462,0.9925407077230965,0.8750113708723734,-0.11971254434640233,0.998544528336214,0.9938142454289093,-0.003456745201491862,0.9998180660420267,0.9998180660420267,0.00018193395797327927,6.01975642394341,0.11643773310288363,1.6540862252185076,-0.2851408484436819,9.888760259484464,-0.09951800396937904,0.022377876830710464,
florence,55851,0,127,8,117,16.032123565673828,link+k10,0,13.341073985345846,-0.699271862456644,0.6353133812426089,0.9925407077230965,0.9577913217502046,-0.03274811243518605,0.998544528336214,0.998544528336214,0.0014554716637860121,0.9998180660420267,0.9998180660420267,0.00018193395797327927,6.221452866445374,0.1001546438642773,1.6540862252185076,-0.1950080074222802,10.947985275437128,-0.1959172100935639,0.0010916037478395646,
florence,55851,0,127,8,117,16.032123565673828,link+k10,1,13.460261395914538,-1.510919316613044,0.5924679341399072,0.9925407077230965,0.986809788046939,-0.0024561084326389926,0.998544528336214,0.9986354953152006,0.001364504684799428,0.9998180660420267,0.9998180660420267,0.00018193395797327927,6.379591468473577,0.041299008459929065,1.6540862252185076,-0.08443003569487839,13.140083300724225,-0.23390983838956625,0.0005458018739197268,
florence,55851,0,127,8,117,16.032123565673828,link+k10,2,13.919943517922054,-3.8581705493992415,0.6297643955244246,0.9925407077230965,0.9848994814882198,-0.0036386791594651413,0.998544528336214,0.998544528336214,0.0014554716637860121,0.9998180660420267,0.9998180660420267,0.00018193395797327927,6.1632012612654625,0.10879650686800696,1.6540862252185076,-0.24872783724303216,10.055187107377478,-0.1355259427275305,0.0009096697898662853,
florence,55851,0,127,8,117,16.032123565673828,link+k10,3,13.353582729187396,1.0575608841374073,0.605476212134995,0.9925407077230965,0.9543345765487128,-0.03638679159465119,0.998544528336214,0.9987264622941872,0.0012735377058127328,0.9998180660420267,0.9998180660420267,0.00018193395797327927,6.409489421566422,0.031110706813426717,1.6540862252185076,-0.03613727250267118,13.414378677575453,-0.2645307626878367,0.00045483489493314266,
florence,55851,0,127,8,117,16.032123565673828,link+k10,4,13.276648065221321,0.4089140749114953,0.6266715182388792,0.9925407077230965,0.9590648594560175,-0.03293004639315933,0.998544528336214,0.9989083962521604,0.0010916037478394536,0.9998180660420267,0.9999090330210134,9.096697898669515e-05,6.16011791316991,0.04639315928318022,1.6540862252185076,-0.0799545945402611,11.699698878463959,-0.29118230791040545,9.096697898658412e-05,
florence,55851,0,127,8,117,16.032123565673828,link+k10,5,13.757357699650623,2.954702830745603,0.5677249158555444,0.9925407077230965,0.9410533976166652,-0.05057764031656509,0.998544528336214,0.9986354953152006,0.001364504684799428,0.9998180660420267,0.9998180660420267,0.00018193395797327927,6.479076647265278,0.056581460929682525,1.6540862252185076,-0.009455418578758312,14.007248378707349,-0.36206407711936495,0.01064313654143545,
florence,55851,0,127,8,117,16.032123565673828,link+k10,6,13.787382004339095,1.143497924676488,0.5814609296825253,0.9925407077230965,0.9480578549986355,-0.04521058855635407,0.998544528336214,0.9991812971891203,0.0008187028108795902,0.9998180660420267,0.9999090330210134,9.096697898669515e-05,6.184404129700105,0.0689529700718639,1.6540862252185076,-0.2032608648478016,11.540062870859796,-0.12446838673093286,0.0006367688529064219,
florence,55851,0,127,8,117,16.032123565673828,link+k10,7,14.029332644551094,-4.15639346519244,0.6313108341671974,0.9925407077230965,0.9854452833621395,-0.002729009369598856,0.998544528336214,0.998544528336214,0.0014554716637860121,0.9998180660420267,0.9998180660420267,0.00018193395797327927,6.479655121635321,0.12371509142181392,1.6540862252185076,-0.28529061849510406,10.155248723243814,-0.08052168982137797,0.022377876830710464,
florence,55851,0,127,8,117,16.032123565673828,link+k10,8,13.614178571497478,-2.419271602939898,0.6166651505503502,0.9925407077230965,0.986809788046939,-0.002092240516692434,0.998544528336214,0.998544528336214,0.0014554716637860121,0.9998180660420267,0.9998180660420267,0.00018193395797327927,6.297860555517125,0.0417538433548621,1.6540862252185076,-0.09691949404679079,13.118942475518406,-0.27643889991494186,0.022377876830710464,
florence,55851,0,127,8,117,16.032123565673828,link+k10,9,13.696026258042437,-0.33076487086762485,0.6361320840534885,0.9925407077230965,0.9613390339306832,-0.029018466296734324,0.998544528336214,0.998544528336214,0.0014554716637860121,0.9998180660420267,0.9998180660420267,0.00018193395797327927,6.173230479183611,0.0832347857727645,1.6540862252185076,-0.18692791279259757,11.877246341542918,-0.24751913807768644,0.0010916037478395646,
florence,55851,0,127,8,117,16.032123565673828,link+k10d,0,15.85503878212341,7.906758001048992,0.57809515146002,0.9925407077230965,0.8965705448922041,-0.09669789866278544,0.998544528336214,0.9979987264622942,0.0005458018739197268,0.9998180660420267,0.9999090330210134,9.096697898669515e-05,6.5047622740974305,0.03575002274174477,1.6540862252185076,-0.04789045747916032,14.574277185352466,-0.379359228806351,0.01064313654143545,
florence,55851,0,127,8,117,16.032123565673828,link+k25,0,13.438781429460597,1.4744203149881825,0.6530519421450014,0.9925407077230965,0.9503320294733012,-0.04239061220776863,0.998544528336214,0.9989993632311471,0.0010006367688528695,0.9998180660420267,0.9999090330210134,9.096697898669515e-05,5.5468448124468575,0.06522332393341218,1.6540862252185076,-0.14130515702902957,9.441391614614627,-0.17323504394669687,0.0005458018739197268,
florence,55851,0,127,8,117,16.032123565673828,link+k25,1,13.322217013453045,0.41644508087343834,0.6248521786591468,0.9925407077230965,0.9762576184844901,-0.015009551532793597,0.998544528336214,0.9987264622941872,0.0012735377058127328,0.9998180660420267,0.9998180660420267,0.00018193395797327927,5.592520942161387,0.038660966069316835,1.6540862252185076,-0.012586261022260237,11.282926624973815,-0.2687836688403743,9.096697898658412e-05,
florence,55851,0,127,8,117,16.032123565673828,link+k25,2,13.38470128935676,-0.8924894570606081,0.6513235695442554,0.9925407077230965,0.9795324297280087,-0.011734740289275014,0.998544528336214,0.9989083962521604,0.0010916037478394536,0.9998180660420267,0.9998180660420267,0.00018193395797327927,5.647806676276843,0.04448285272446101,1.6540862252185076,-0.08355323931350034,10.547453295189566,-0.20895945562801244,0.00045483489493314266,
florence,55851,0,127,8,117,16.032123565673828,link+k25,3,13.774864567709347,-3.2281665534489843,0.6942599836259438,0.9925407077230965,0.9792595287910488,-0.012007641226234878,0.998544528336214,0.9989993632311471,0.0010006367688528695,0.9998180660420267,0.9999090330210134,9.096697898669515e-05,5.483193338502021,0.10024561084326389,1.6540862252185076,-0.23638684120540465,8.17228323827651,-0.10944145165863339,0.00045483489493314266,
florence,55851,0,127,8,117,16.032123565673828,link+k25,4,13.420135381499543,1.012325729055977,0.6435004093514054,0.9925407077230965,0.9653415810060948,-0.026653324843082027,0.998544528336214,0.9987264622941872,0.0012735377058127328,0.9998180660420267,0.9998180660420267,0.00018193395797327927,5.779808686686865,0.03256617847721276,1.6540862252185076,-0.028113160426216588,11.920191716323654,-0.29430110575559965,0.0010916037478395646,
florence,55851,0,127,8,117,16.032123565673828,link+k25,5,13.291424121451934,0.7291774752061689,0.6744291822068589,0.9925407077230965,0.9617938688256163,-0.029473301191667467,0.998544528336214,0.9987264622941872,0.0012735377058127328,0.9998180660420267,0.9998180660420267,0.00018193395797327927,5.56283459436948,0.04138997543891576,1.6540862252185076,-0.09578062298225132,10.085287236017553,-0.1854267082506379,9.096697898658412e-05,
florence,55851,0,127,8,117,16.032123565673828,link+k25,6,13.306062212527804,0.2836646442871415,0.6603293004639316,0.9925407077230965,0.9613390339306832,-0.029200400254707604,0.998544528336214,0.998544528336214,0.0014554716637860121,0.9998180660420267,0.9998180660420267,0.00018193395797327927,5.495764839899756,0.047848630946966286,1.6540862252185076,-0.08291453450368302,10.364525987229277,-0.22115111993195347,0.00018193395797327927,
florence,55851,0,127,8,117,16.032123565673828,link+k25,7,13.38951423629793,-1.1988219524935835,0.6956244883107432,0.9925407077230965,0.9798053306649687,-0.012189575184208157,0.998544528336214,0.9987264622941872,0.0012735377058127328,0.9998180660420267,0.9999090330210134,9.096697898669515e-05,5.119559865332709,0.047302829073046504,1.6540862252185076,-0.0748510396163451,9.362082239556994,-0.22653813439183446,9.096697898658412e-05,
florence,55851,0,127,8,117,16.032123565673828,link+k25,8,13.53153454959154,0.8158754303402025,0.64850359319567,0.9925407077230965,0.9527881379059402,-0.03811516419539707,0.998544528336214,0.998544528336214,0.0014554716637860121,0.9998180660420267,0.9998180660420267,0.00018193395797327927,5.723253345600819,0.07313745110524883,1.6540862252185076,-0.1368859639336193,10.317856142399847,-0.18485965409696625,0.0010916037478395646,
florence,55851,0,127,8,117,16.032123565673828,link+k25,9,13.313966254853149,0.7423523379861102,0.6789775311561903,0.9925407077230965,0.9594287273719639,-0.03311198035113261,0.998544528336214,0.9989993632311471,0.0010006367688528695,0.9998180660420267,0.9998180660420267,0.00018193395797327927,5.377320197775551,0.048940234694805795,1.6540862252185076,-0.08599665267387535,9.260951576020233,-0.16699744825630847,9.096697898658412e-05,
florence,55851,0,127,8,117,16.032123565673828,link+k25d,0,14.112713183666276,4.683001475146244,0.6519603383971618,0.9925407077230965,0.9220412990084599,-0.07086327663058312,0.998544528336214,0.9987264622941872,0.0012735377058127328,0.9998180660420267,0.9999090330210134,9.096697898669515e-05,5.40540143067887,0.04075320658600928,1.6540862252185076,4.007105157088908e-05,10.903450857795397,-0.2852282392968528,0.00045483489493314266,
