city,gamma_global,pl0_global,mu,tau,gamma_median,gamma_sd,pl0_median,fit_rmse_db,shrink_median,gamma_ols_min,gamma_ols_max,gamma_min,gamma_max,median_n_bs
amsterdam,2.4655249883320662,100.53719034056765,2.869299519073446,1.0609571122736026,2.8443347601403604,0.9303448985923087,100.8909947473727,11.271774206648127,0.2704649643819664,-4.6711618449517225,6.579930459354424,-0.21645271455703663,5.877933473539313,18.0
barcelona,1.920366256146689,105.42288910021978,2.4695788525556566,1.1423053323601022,2.4336802896606384,0.9605928045082693,105.48149687226413,11.557426835693304,0.2752951821960305,-2.192358166755615,8.262195417074603,-0.5683237602221087,5.69557923655696,18.0
berlin,2.6524033955622115,98.20259126973403,2.8687191250344126,0.9983878093093282,2.8222984845187216,0.8117281810808521,97.51640296238884,11.615006772789963,0.3620535500899606,-4.174097672922138,7.819253790796608,-0.025910754606564446,6.445975185281617,19.0
chicago,0.8149212563057487,115.57774952782646,2.7649057094144984,1.1940350617435054,2.791522202602909,0.8322178954851159,97.18358032958801,12.728859748399199,0.5390107405474996,-2.800910143808991,8.773944765838877,-0.6161892630119634,5.427734997360092,19.0
hamburg,2.1397152258022976,100.17102309202531,3.1094691443109514,0.9381996416427429,3.1473930198145474,0.723734846513592,92.23418265105829,11.444494226429086,0.3734638310069252,-0.7692497367506641,6.410347492023946,-0.04337346828223293,5.024877247473562,20.0
london,1.719965737575005,104.42678996269873,2.425080447186583,0.7895168111206975,2.396892454284166,0.5978276297914294,103.31235574813081,11.215709334905096,0.4165934110010791,-0.9121981462274731,5.413108947625987,0.6960064051408004,4.242612893043829,19.0
munich,2.11794801720569,103.96849204180901,2.9788035376302746,0.9157640978679416,2.998972636910251,0.8044647383239292,99.83982090935238,11.158523141278293,0.33390420214708044,-3.6159606024656643,6.735000501955774,-0.8121263557124223,5.488822954367587,18.0
newyork,1.1093161434878278,115.88941144572907,2.646098282760463,1.1779301054599003,2.686033478166627,0.7895494117871263,102.17498128983081,12.564921346886122,0.5295516695966227,-4.06842552630035,7.488799259867955,-0.5847948648051224,5.557079216823942,17.0
paris,2.0573576520641823,103.64701909674008,2.4386580294385776,1.1304225638461274,2.406302370797773,0.9471445864300222,106.67041654322483,11.772277676422899,0.2945644801098204,-4.760231762295502,7.980369279060864,-0.773969866906471,5.614781512754269,17.0
prague,2.4750579512806516,100.90269158218652,2.9639226661068756,0.9476403714860733,2.915994170013869,0.7713885192833844,99.03673457290506,11.399211453518664,0.37395889809088145,-0.436631175800399,7.1569938597242615,-0.23609202792746845,6.11287980153047,19.0
vienna,2.2924449045491055,106.07643788618098,2.4039018708788333,1.0940737965274692,2.387649677028447,0.9151016140495676,108.43806212383271,11.352884566294083,0.32222480498305195,-3.0100935699446194,7.962579466813509,-0.9021079657390123,5.450313296162905,16.0
