fold,mode,k,draw,gamma_rmse,pl0_rmse,source
amsterdam,bias,0,0,0.7752242706028039,22.797739983177195,gbdt
amsterdam,residual,0,0,0.7752242706028039,22.797739983177195,gbdt
amsterdam,bias,3,0,0.5723354556114838,15.605529535318716,gbdt
amsterdam,residual,3,0,0.5569811248841398,15.259050909866271,gbdt
amsterdam,bias,3,1,0.5649312576516154,16.716666352423285,gbdt
amsterdam,residual,3,1,0.5641781875237617,16.716768762078956,gbdt
amsterdam,bias,3,2,0.6515569059067085,22.30200495125373,gbdt
amsterdam,residual,3,2,0.6147535288307856,21.38181322131527,gbdt
amsterdam,bias,3,3,0.5720876136401976,16.0134525488317,gbdt
amsterdam,residual,3,3,0.5234585515341998,14.697866251704228,gbdt
amsterdam,bias,3,4,0.6141156674603221,17.863599820512,gbdt
amsterdam,residual,3,4,0.6130168308225276,17.804585343443648,gbdt
amsterdam,bias,3,5,0.994622519529604,25.878480493155838,gbdt
amsterdam,residual,3,5,0.9674469842395219,25.06547542065074,gbdt
amsterdam,bias,3,6,0.6573692557395661,19.303374213493694,gbdt
amsterdam,residual,3,6,0.6607386985816385,19.28656027222722,gbdt
amsterdam,bias,3,7,0.5961458914942298,15.828291947052671,gbdt
amsterdam,residual,3,7,0.5774828340488325,15.400531541448672,gbdt
amsterdam,bias,3,8,0.8784478614617448,19.975292884398037,gbdt
amsterdam,residual,3,8,0.8784478632439365,19.975292963064184,gbdt
amsterdam,bias,3,9,0.8670211526021746,26.23980435631907,gbdt
amsterdam,residual,3,9,0.8730370181295354,26.41273157011743,gbdt
amsterdam,bias,5,0,0.6092097967624647,17.017997078283507,gbdt
amsterdam,residual,5,0,0.5743189118758806,16.308245039281644,gbdt
amsterdam,bias,5,1,0.5720453955874973,15.786931479956028,gbdt
amsterdam,residual,5,1,0.5421373860318714,15.254609258765676,gbdt
amsterdam,bias,5,2,0.6856936684486054,17.70794294703737,gbdt
amsterdam,residual,5,2,0.6871922905235879,17.748758024130122,gbdt
amsterdam,bias,5,3,0.5629168125563317,15.795896435583725,gbdt
amsterdam,residual,5,3,0.550937690753488,15.380104125067414,gbdt
amsterdam,bias,5,4,0.74250019744265,21.049961079816853,gbdt
amsterdam,residual,5,4,0.7658924843176451,21.553528695233872,gbdt
amsterdam,bias,5,5,0.8834781895508675,23.369550597994678,gbdt
amsterdam,residual,5,5,0.8446847373731625,22.552662684709436,gbdt
amsterdam,bias,5,6,0.568277189940279,16.12981702544188,gbdt
amsterdam,residual,5,6,0.5514170745416895,16.00606502944508,gbdt
amsterdam,bias,5,7,0.5686128825719423,15.62524245166089,gbdt
amsterdam,residual,5,7,0.5463094894396006,15.34630844247245,gbdt
amsterdam,bias,5,8,0.56219869618727,15.669889532239184,gbdt
amsterdam,residual,5,8,0.5466879531263996,15.375247765672471,gbdt
amsterdam,bias,5,9,0.5624603100627218,15.623948744085345,gbdt
amsterdam,residual,5,9,0.5582200144288518,15.635631330106271,gbdt
amsterdam,bias,10,0,0.5870293897616213,16.55906360316523,gbdt
amsterdam,residual,10,0,0.547742109504428,15.810809363246799,gbdt
amsterdam,bias,10,1,0.5896952588966689,16.22550445963687,gbdt
amsterdam,residual,10,1,0.5415424738180388,15.12203449889446,gbdt
amsterdam,bias,10,2,0.5684321545000512,15.957379999795913,gbdt
amsterdam,residual,10,2,0.5247527323774199,15.128816766183595,gbdt
amsterdam,bias,10,3,0.5613366997429947,15.602785706710396,gbdt
amsterdam,residual,10,3,0.5145895846222557,14.401910306411189,gbdt
amsterdam,bias,10,4,0.6101493966788523,17.067026039792545,gbdt
amsterdam,residual,10,4,0.572847836010672,16.454166605667925,gbdt
amsterdam,bias,10,5,0.6159437341838702,16.374699582954133,gbdt
amsterdam,residual,10,5,0.5561040467733294,15.037340817188067,gbdt
amsterdam,bias,10,6,0.5829573826989909,16.05374195116344,gbdt
amsterdam,residual,10,6,0.5479908658833655,15.260911159695068,gbdt
amsterdam,bias,10,7,0.5642835556622702,15.724824481670487,gbdt
amsterdam,residual,10,7,0.5342858644871447,15.060175038181043,gbdt
amsterdam,bias,10,8,0.5751952733981255,15.609451970103718,gbdt
amsterdam,residual,10,8,0.5134915132879619,14.06615557146591,gbdt
amsterdam,bias,10,9,0.5926870313650876,16.406559819017403,gbdt
amsterdam,residual,10,9,0.5363999981809088,15.178666800741937,gbdt
amsterdam,bias,25,0,0.5790173524923752,16.18533271780764,gbdt
amsterdam,residual,25,0,0.5191147574777083,15.130291343212749,gbdt
amsterdam,bias,25,1,0.5584033664581176,15.645518906171132,gbdt
amsterdam,residual,25,1,0.44785085696949034,13.07615980885971,gbdt
amsterdam,bias,25,2,0.5650463644782915,15.5959145517418,gbdt
amsterdam,residual,25,2,0.49912072631945387,14.17996172012793,gbdt
amsterdam,bias,25,3,0.5809001959743784,16.08564276447436,gbdt
amsterdam,residual,25,3,0.4956341045767157,14.188017134706183,gbdt
amsterdam,bias,25,4,0.5650942894145984,15.79330613201439,gbdt
amsterdam,residual,25,4,0.5082464191539927,14.515441614126788,gbdt
amsterdam,bias,25,5,0.567370111058408,15.753737753597628,gbdt
amsterdam,residual,25,5,0.4994171522393929,14.399561799460836,gbdt
amsterdam,bias,25,6,0.562409737117289,15.634440511792402,gbdt
amsterdam,residual,25,6,0.47141576826620224,13.339473924991243,gbdt
amsterdam,bias,25,7,0.5605022026927602,15.675689762119932,gbdt
amsterdam,residual,25,7,0.46523316987692614,13.894357857064524,gbdt
amsterdam,bias,25,8,0.5724974921753826,15.749958976420283,gbdt
amsterdam,residual,25,8,0.5164236561136945,14.674160927521413,gbdt
amsterdam,bias,25,9,0.5635192444833172,15.659150020322924,gbdt
amsterdam,residual,25,9,0.48363801699854825,14.104573038394411,gbdt
amsterdam,bias,50,0,0.5580625505103292,15.565422314640943,gbdt
amsterdam,residual,50,0,0.4330036764251158,12.710318483979858,gbdt
amsterdam,bias,50,1,0.561458522987813,15.678532893477287,gbdt
amsterdam,residual,50,1,0.4427914910736523,13.012609486524246,gbdt
amsterdam,bias,50,2,0.5601628081611717,15.526584946211306,gbdt
amsterdam,residual,50,2,0.4400196045550616,12.696329022242884,gbdt
amsterdam,bias,50,3,0.5630369415024876,15.719125204271583,gbdt
amsterdam,residual,50,3,0.43763617733711513,12.763825276266841,gbdt
amsterdam,bias,50,4,0.563680271555561,15.605019634970967,gbdt
amsterdam,residual,50,4,0.459148834715789,13.066268334003073,gbdt
amsterdam,bias,50,5,0.576355916477552,15.916870939187703,gbdt
amsterdam,residual,50,5,0.47012059785267996,13.478590283903172,gbdt
amsterdam,bias,50,6,0.5647357111366909,15.90604513597264,gbdt
amsterdam,residual,50,6,0.4543230921425359,13.482419747898357,gbdt
amsterdam,bias,50,7,0.569302668865905,15.973114139695175,gbdt
amsterdam,residual,50,7,0.4534068243109283,13.283881901222676,gbdt
amsterdam,bias,50,8,0.5586719923244698,15.535696773671184,gbdt
amsterdam,residual,50,8,0.4320460225189788,12.574202633334885,gbdt
amsterdam,bias,50,9,0.557791459441904,15.52624677435912,gbdt
amsterdam,residual,50,9,0.43590049823642363,12.955212360520711,gbdt
amsterdam,bias,100,0,0.5638773608186138,15.684734093290217,gbdt
amsterdam,residual,100,0,0.4115758287912209,12.315140042080037,gbdt
amsterdam,bias,100,1,0.5625236754442525,15.637967417040151,gbdt
amsterdam,residual,100,1,0.4270660240797307,12.59477365308245,gbdt
amsterdam,bias,100,2,0.5660153544730524,15.727473523485974,gbdt
amsterdam,residual,100,2,0.4391210568585115,12.908514059560108,gbdt
amsterdam,bias,100,3,0.5553451393584089,15.460797648365014,gbdt
amsterdam,residual,100,3,0.4156604377695443,12.286196445187416,gbdt
amsterdam,bias,100,4,0.5618836509795673,15.646376480812597,gbdt
amsterdam,residual,100,4,0.43194362358025795,12.721797787258614,gbdt
amsterdam,bias,100,5,0.5622256934091645,15.58480124098389,gbdt
amsterdam,residual,100,5,0.42236017155706035,12.493848206963284,gbdt
amsterdam,bias,100,6,0.5629881494209427,15.718967393771072,gbdt
amsterdam,residual,100,6,0.43184593018681067,12.972580094628656,gbdt
amsterdam,bias,100,7,0.5698897908060379,15.95703068722664,gbdt
amsterdam,residual,100,7,0.4450014998022796,13.052405095522964,gbdt
amsterdam,bias,100,8,0.5614686825577923,15.583902530082073,gbdt
amsterdam,residual,100,8,0.42902665186542016,12.59894519044377,gbdt
amsterdam,bias,100,9,0.5652911404429115,15.77333295161955,gbdt
amsterdam,residual,100,9,0.4426672579740521,13.167397937529055,gbdt
barcelona,bias,0,0,0.41885421570012876,11.143511993269394,gbdt
barcelona,residual,0,0,0.41885421570012876,11.143511993269394,gbdt
barcelona,bias,3,0,0.3605954488072504,8.83438264201887,gbdt
barcelona,residual,3,0,0.3610346084265915,8.831150442933255,gbdt
barcelona,bias,3,1,0.35977937389408393,10.627948102992917,gbdt
barcelona,residual,3,1,0.35729744184209294,10.52163848896757,gbdt
barcelona,bias,3,2,0.3513186535362189,9.341433861680569,gbdt
barcelona,residual,3,2,0.339100292613755,9.05521780024208,gbdt
barcelona,bias,3,3,0.4577083263502785,12.392582953082517,gbdt
barcelona,residual,3,3,0.45715606121980223,12.312717384511144,gbdt
barcelona,bias,3,4,0.31677276116209885,12.395814322181552,gbdt
barcelona,residual,3,4,0.3156537727061677,12.335960778808714,gbdt
barcelona,bias,3,5,0.3569697466317787,9.941082332310534,gbdt
barcelona,residual,3,5,0.35525252204515073,9.942549813460442,gbdt
barcelona,bias,3,6,0.3287576506080598,8.905607866844813,gbdt
barcelona,residual,3,6,0.32674444120102064,8.803327146651874,gbdt
barcelona,bias,3,7,0.4700685719833753,9.339363878653769,gbdt
barcelona,residual,3,7,0.47040526592917303,9.301099509874575,gbdt
barcelona,bias,3,8,0.39306536212448046,9.707713504118791,gbdt
barcelona,residual,3,8,0.3924335922884457,9.655675612411295,gbdt
barcelona,bias,3,9,0.4395846131354064,10.03985843539442,gbdt
barcelona,residual,3,9,0.4374300926539388,10.007170270912587,gbdt
barcelona,bias,5,0,0.3219931997913816,8.94478415808475,gbdt
barcelona,residual,5,0,0.3210152893582698,8.915223648970677,gbdt
barcelona,bias,5,1,0.31815684493433494,9.460468879503605,gbdt
barcelona,residual,5,1,0.32228067392796717,9.523330482612382,gbdt
barcelona,bias,5,2,0.3542791637422651,9.520311755639266,gbdt
barcelona,residual,5,2,0.3523786168745985,9.41824219843146,gbdt
barcelona,bias,5,3,0.3173893351740539,9.07961987138515,gbdt
barcelona,residual,5,3,0.3200071014061052,9.120322982889174,gbdt
barcelona,bias,5,4,0.31872265424004304,9.320655848261042,gbdt
barcelona,residual,5,4,0.3192761567946196,9.31420110943758,gbdt
barcelona,bias,5,5,0.4022876546316984,8.906852881730968,gbdt
barcelona,residual,5,5,0.40120698115203934,8.811890027444885,gbdt
barcelona,bias,5,6,0.3423380125347197,9.609325642082409,gbdt
barcelona,residual,5,6,0.3406644988935707,9.56950878013906,gbdt
barcelona,bias,5,7,0.32030929393850266,9.876379507217415,gbdt
barcelona,residual,5,7,0.3204508612582524,9.77087505810442,gbdt
barcelona,bias,5,8,0.32320569568114155,8.84190047003304,gbdt
barcelona,residual,5,8,0.32119673552416533,8.74399194643808,gbdt
barcelona,bias,5,9,0.3170882553729036,9.082592010483443,gbdt
barcelona,residual,5,9,0.31729483660610686,9.083023923314387,gbdt
barcelona,bias,10,0,0.3371511655814669,9.813200500974942,gbdt
barcelona,residual,10,0,0.3391774073347441,9.62845876356758,gbdt
barcelona,bias,10,1,0.32469172531306306,8.857350453975538,gbdt
barcelona,residual,10,1,0.3227052263986433,8.661459497530357,gbdt
barcelona,bias,10,2,0.36377121332097595,9.26205292391425,gbdt
barcelona,residual,10,2,0.3647822549732353,9.102324449709712,gbdt
barcelona,bias,10,3,0.3161844638824164,8.851655238859902,gbdt
barcelona,residual,10,3,0.3179083745719033,8.764549217082589,gbdt
barcelona,bias,10,4,0.3222051261248702,9.462069770729128,gbdt
barcelona,residual,10,4,0.3234696162963425,9.536081702861368,gbdt
barcelona,bias,10,5,0.3693956918378292,10.613699585710531,gbdt
barcelona,residual,10,5,0.36183648660399725,10.083136635787628,gbdt
barcelona,bias,10,6,0.40423399051657727,10.875999558923795,gbdt
barcelona,residual,10,6,0.4050568115451112,10.70730166455239,gbdt
barcelona,bias,10,7,0.36173320511767376,9.306597483837367,gbdt
barcelona,residual,10,7,0.3724994569052932,9.421509318650498,gbdt
barcelona,bias,10,8,0.32724551127882745,8.84555235553294,gbdt
barcelona,residual,10,8,0.32532655570112934,8.626321516386453,gbdt
barcelona,bias,10,9,0.32145486787887595,8.819093695479564,gbdt
barcelona,residual,10,9,0.3200370310519579,8.755525786881336,gbdt
barcelona,bias,25,0,0.3299851198817369,9.092219136429646,gbdt
barcelona,residual,25,0,0.3305983000448554,9.047829649385536,gbdt
barcelona,bias,25,1,0.3179983415283643,8.903008431491466,gbdt
barcelona,residual,25,1,0.31720789578792935,8.644558301037174,gbdt
barcelona,bias,25,2,0.3169752923491541,8.921762668182122,gbdt
barcelona,residual,25,2,0.3161961497971247,8.561001366052114,gbdt
barcelona,bias,25,3,0.32357942079884583,8.857384814567816,gbdt
barcelona,residual,25,3,0.3193097230046174,8.44069181332133,gbdt
barcelona,bias,25,4,0.31881694002572053,9.047659692597922,gbdt
barcelona,residual,25,4,0.31522491603912084,8.661529490581033,gbdt
barcelona,bias,25,5,0.3194022794196543,8.880079553942643,gbdt
barcelona,residual,25,5,0.3194865619511759,8.50813343022428,gbdt
barcelona,bias,25,6,0.3216619506671428,9.129838447092,gbdt
barcelona,residual,25,6,0.3215963449234687,8.922641090444763,gbdt
barcelona,bias,25,7,0.33344575480930433,8.849259828454827,gbdt
barcelona,residual,25,7,0.34502619462627415,8.713323529397513,gbdt
barcelona,bias,25,8,0.317473363173242,8.927912940537736,gbdt
barcelona,residual,25,8,0.3166807094393329,8.512383708477934,gbdt
barcelona,bias,25,9,0.326116268683793,9.211394177400756,gbdt
barcelona,residual,25,9,0.3226654640707203,8.929841387275022,gbdt
barcelona,bias,50,0,0.320145456084159,9.048923642104665,gbdt
barcelona,residual,50,0,0.3162997373714418,8.63332536080996,gbdt
barcelona,bias,50,1,0.31860886510787456,8.790800230015215,gbdt
barcelona,residual,50,1,0.31880105923516616,8.324773795735284,gbdt
barcelona,bias,50,2,0.3346229305574459,9.137736675295011,gbdt
barcelona,residual,50,2,0.3341132041259753,8.717457684714844,gbdt
barcelona,bias,50,3,0.3197466966361037,8.906971162005709,gbdt
barcelona,residual,50,3,0.3160391868209329,8.422681199317548,gbdt
barcelona,bias,50,4,0.3183653973271917,9.0171329075407,gbdt
barcelona,residual,50,4,0.3171524195751846,8.61158115420754,gbdt
barcelona,bias,50,5,0.3180158287205392,8.880191563467429,gbdt
barcelona,residual,50,5,0.3149670623019902,8.304773589339955,gbdt
barcelona,bias,50,6,0.3206001695737379,8.899895849824818,gbdt
barcelona,residual,50,6,0.3186399580885556,8.462079765828912,gbdt
barcelona,bias,50,7,0.3185739632388921,8.872967129172473,gbdt
barcelona,residual,50,7,0.3133642502051951,8.29009031743115,gbdt
barcelona,bias,50,8,0.31685604243736537,8.81325660026963,gbdt
barcelona,residual,50,8,0.3155066043320473,8.426526215443513,gbdt
barcelona,bias,50,9,0.31780155921341807,8.83782712555787,gbdt
barcelona,residual,50,9,0.31753934675411527,8.59020819421053,gbdt
barcelona,bias,100,0,0.316659365938816,8.835446913560622,gbdt
barcelona,residual,100,0,0.3115049459601822,8.27399192664583,gbdt
barcelona,bias,100,1,0.3187638631889485,8.90994121611239,gbdt
barcelona,residual,100,1,0.31645828400386267,8.481279481730674,gbdt
barcelona,bias,100,2,0.316529476074681,8.887045694699092,gbdt
barcelona,residual,100,2,0.3103060383958051,8.381715794481664,gbdt
barcelona,bias,100,3,0.3188628138181488,8.96331849973907,gbdt
barcelona,residual,100,3,0.31143290358838976,8.299206628281889,gbdt
barcelona,bias,100,4,0.3170927780174969,8.871447036767416,gbdt
barcelona,residual,100,4,0.3107827250699052,8.265015909884626,gbdt
barcelona,bias,100,5,0.3212195922363348,8.92721017231027,gbdt
barcelona,residual,100,5,0.3188278212594557,8.347665931356076,gbdt
barcelona,bias,100,6,0.3156081642510877,8.776688317987043,gbdt
barcelona,residual,100,6,0.3125926961877925,8.151429559548399,gbdt
barcelona,bias,100,7,0.32346736348305494,8.984101545068148,gbdt
barcelona,residual,100,7,0.3193050333001099,8.38958643665615,gbdt
barcelona,bias,100,8,0.3179780533807887,8.86910417668579,gbdt
barcelona,residual,100,8,0.3153550969939305,8.420821817566294,gbdt
barcelona,bias,100,9,0.32270253114058045,8.94381533332534,gbdt
barcelona,residual,100,9,0.3184093636026707,8.265812400182167,gbdt
berlin,bias,0,0,0.4329231228756561,10.721691909147447,gbdt
berlin,residual,0,0,0.4329231228756561,10.721691909147447,gbdt
berlin,bias,3,0,0.5909872662942894,16.306549695253672,gbdt
berlin,residual,3,0,0.5972282668842908,16.3927643240604,gbdt
berlin,bias,3,1,0.454081237945129,10.47132645869632,gbdt
berlin,residual,3,1,0.4540127748728861,10.467110929839398,gbdt
berlin,bias,3,2,0.4272612238244219,10.91728932843575,gbdt
berlin,residual,3,2,0.42664060873365234,10.95338423697544,gbdt
berlin,bias,3,3,0.4257273783760291,10.866844276554744,gbdt
berlin,residual,3,3,0.42557827482572075,10.866565305936698,gbdt
berlin,bias,3,4,0.4263893342587425,10.627644398281621,gbdt
berlin,residual,3,4,0.42472816222181825,10.646590349582631,gbdt
berlin,bias,3,5,0.42814435073609725,10.490110063770237,gbdt
berlin,residual,3,5,0.427929865487221,10.451230115132711,gbdt
berlin,bias,3,6,0.4438651919755534,10.379879535716551,gbdt
berlin,residual,3,6,0.4370716682445637,10.419464092516856,gbdt
berlin,bias,3,7,0.4268189365901808,10.302375723244923,gbdt
berlin,residual,3,7,0.4268446911383898,10.290674108074846,gbdt
berlin,bias,3,8,0.4284078058212175,10.859953730216395,gbdt
berlin,residual,3,8,0.4283245205996692,10.87261289745573,gbdt
berlin,bias,3,9,0.4971984909150445,11.698721085630519,gbdt
berlin,residual,3,9,0.4928471677188246,11.558001233430112,gbdt
berlin,bias,5,0,0.43027846433005845,10.329542495340124,gbdt
berlin,residual,5,0,0.43087650915123726,10.289926864172017,gbdt
berlin,bias,5,1,0.4262873806093864,10.335293187642069,gbdt
berlin,residual,5,1,0.42574330007359334,10.318272270651645,gbdt
berlin,bias,5,2,0.436842792174829,10.677775809276271,gbdt
berlin,residual,5,2,0.4351505641770155,10.68766643865339,gbdt
berlin,bias,5,3,0.4650194650786889,10.51173167074054,gbdt
berlin,residual,5,3,0.46976377473452763,10.601393256053404,gbdt
berlin,bias,5,4,0.5953871904462537,16.166835657090154,gbdt
berlin,residual,5,4,0.5802025581789721,15.573263101758135,gbdt
berlin,bias,5,5,0.4272724507302404,11.814953352910562,gbdt
berlin,residual,5,5,0.42669462941724134,11.85662461553566,gbdt
berlin,bias,5,6,0.4269782307462866,10.515972233361124,gbdt
berlin,residual,5,6,0.42565985013123364,10.44908922302473,gbdt
berlin,bias,5,7,0.44188321245232276,10.475101217743596,gbdt
berlin,residual,5,7,0.44221780862019183,10.469620061672353,gbdt
berlin,bias,5,8,0.4266093818683522,10.328056334831574,gbdt
berlin,residual,5,8,0.42669575106306507,10.287225777799206,gbdt
berlin,bias,5,9,0.42534288996417924,10.897263668422685,gbdt
berlin,residual,5,9,0.42947956595744613,10.563770662888043,gbdt
berlin,bias,10,0,0.46750637482432955,11.277728348879085,gbdt
berlin,residual,10,0,0.46708477267639764,11.247029609519359,gbdt
berlin,bias,10,1,0.4671365680637779,10.593205685150558,gbdt
berlin,residual,10,1,0.4698448423076343,10.704509364300002,gbdt
berlin,bias,10,2,0.42819265482746033,10.338947827161096,gbdt
berlin,residual,10,2,0.4283079824734803,10.347003329560438,gbdt
berlin,bias,10,3,0.45475303931495814,10.303884708084716,gbdt
berlin,residual,10,3,0.4593651127556213,10.27809379397652,gbdt
berlin,bias,10,4,0.4314788781287794,10.347982359085584,gbdt
berlin,residual,10,4,0.42997774029619384,10.310769649997441,gbdt
berlin,bias,10,5,0.42727947765729085,10.222838651132001,gbdt
berlin,residual,10,5,0.4274986300610369,10.03020093996308,gbdt
berlin,bias,10,6,0.426399703507111,11.596238293275444,gbdt
berlin,residual,10,6,0.4241556815478142,11.506134181732456,gbdt
berlin,bias,10,7,0.4919806371911472,11.286288999053442,gbdt
berlin,residual,10,7,0.4930753215376294,11.33886142780379,gbdt
berlin,bias,10,8,0.4319697165859004,10.319584201232848,gbdt
berlin,residual,10,8,0.4300473050434342,10.245692605056322,gbdt
berlin,bias,10,9,0.4323366686964959,10.385110256652299,gbdt
berlin,residual,10,9,0.4300303627229525,10.331686529220443,gbdt
berlin,bias,25,0,0.4265655361447835,10.299427941502904,gbdt
berlin,residual,25,0,0.42479500957092986,10.286076222322322,gbdt
berlin,bias,25,1,0.4373322244258919,10.592868194863323,gbdt
berlin,residual,25,1,0.4362672098167942,10.509438375089994,gbdt
berlin,bias,25,2,0.4238340127140161,10.310399864052453,gbdt
berlin,residual,25,2,0.4210316003877221,10.101414804571483,gbdt
berlin,bias,25,3,0.42532658910314863,10.330403179936065,gbdt
berlin,residual,25,3,0.42133150419387133,10.282834277633304,gbdt
berlin,bias,25,4,0.4499863715457015,10.57954918099419,gbdt
berlin,residual,25,4,0.4447699301526597,10.443835614032102,gbdt
berlin,bias,25,5,0.4276256858635247,10.42454762003018,gbdt
berlin,residual,25,5,0.42693371499910593,10.279610114807012,gbdt
berlin,bias,25,6,0.4278830881465686,10.315300708108623,gbdt
berlin,residual,25,6,0.4234720156868925,10.16242303883463,gbdt
berlin,bias,25,7,0.4545449177082806,10.85735622749506,gbdt
berlin,residual,25,7,0.45314289775940575,10.81504603932174,gbdt
berlin,bias,25,8,0.42566776560401737,10.398778772381688,gbdt
berlin,residual,25,8,0.42318739979048065,10.327819758555611,gbdt
berlin,bias,25,9,0.4253498580896004,10.285769250105643,gbdt
berlin,residual,25,9,0.4197156640391718,10.141739762294492,gbdt
berlin,bias,50,0,0.4283028270068821,10.319108457725994,gbdt
berlin,residual,50,0,0.4213052007389943,10.184834407607429,gbdt
berlin,bias,50,1,0.42397638202360255,10.294093172273657,gbdt
berlin,residual,50,1,0.41365007943065435,9.929154521429153,gbdt
berlin,bias,50,2,0.43262219848691325,10.392436791225865,gbdt
berlin,residual,50,2,0.42654285051204244,10.244200754534221,gbdt
berlin,bias,50,3,0.42720323910096514,10.264089089117038,gbdt
berlin,residual,50,3,0.42663420915960926,10.208018965897589,gbdt
berlin,bias,50,4,0.4275026508124634,10.273861561874686,gbdt
berlin,residual,50,4,0.416393183684726,9.922975808041048,gbdt
berlin,bias,50,5,0.42933446172037865,10.325519897700742,gbdt
berlin,residual,50,5,0.4314752341393797,10.381421889378734,gbdt
berlin,bias,50,6,0.4289809836697065,10.339100117468654,gbdt
berlin,residual,50,6,0.4187532007298838,10.085771063495365,gbdt
berlin,bias,50,7,0.436620164647471,10.434379567505754,gbdt
berlin,residual,50,7,0.42719422740948815,10.070415103714575,gbdt
berlin,bias,50,8,0.4408320469777133,11.030371794614975,gbdt
berlin,residual,50,8,0.43763344617485955,10.976481535880676,gbdt
berlin,bias,50,9,0.43154111832878833,10.301410235508152,gbdt
berlin,residual,50,9,0.416988771849151,9.948363671710105,gbdt
berlin,bias,100,0,0.42584625940506016,10.431708351013322,gbdt
berlin,residual,100,0,0.41293373326319643,10.16897987027586,gbdt
berlin,bias,100,1,0.42246933778527584,10.17792844009649,gbdt
berlin,residual,100,1,0.40856680720788663,9.692858137330388,gbdt
berlin,bias,100,2,0.4222717100572829,10.221752737619914,gbdt
berlin,residual,100,2,0.41234778819575973,9.926372625230298,gbdt
berlin,bias,100,3,0.42319033203740364,10.185324102003523,gbdt
berlin,residual,100,3,0.4126585628881021,9.89103726538556,gbdt
berlin,bias,100,4,0.42337301949817685,10.233547022811829,gbdt
berlin,residual,100,4,0.4095085984767661,9.768117225498488,gbdt
berlin,bias,100,5,0.433450179340979,10.402460882856396,gbdt
berlin,residual,100,5,0.424630395511713,10.082884219492385,gbdt
berlin,bias,100,6,0.4298007169177869,10.338129045393558,gbdt
berlin,residual,100,6,0.41810359302180505,10.003657815353261,gbdt
berlin,bias,100,7,0.42571509988240486,10.372107430638666,gbdt
berlin,residual,100,7,0.4105474548905211,9.818112981872197,gbdt
berlin,bias,100,8,0.4325969211249855,10.436849880666104,gbdt
berlin,residual,100,8,0.4202990287953769,10.162727118907398,gbdt
berlin,bias,100,9,0.42861804243319956,10.281040326281643,gbdt
berlin,residual,100,9,0.4205141315506831,9.988584780578993,gbdt
chicago,bias,0,0,1.0000379789865106,31.22506763317256,gbdt
chicago,residual,0,0,1.0000379789865106,31.22506763317256,gbdt
chicago,bias,3,0,0.6556285509685323,21.66174334690489,gbdt
chicago,residual,3,0,0.6549175361950281,21.628295460418194,gbdt
chicago,bias,3,1,0.6377591627322625,20.10205552044599,gbdt
chicago,residual,3,1,0.6380150191853605,20.112995474166354,gbdt
chicago,bias,3,2,0.5981835604067088,17.726325569999336,gbdt
chicago,residual,3,2,0.5956259266872331,17.721699691963146,gbdt
chicago,bias,3,3,0.875666065193653,26.647635693953646,gbdt
chicago,residual,3,3,0.8623361024046027,26.347398172837018,gbdt
chicago,bias,3,4,0.6162998866242763,18.033868128027308,gbdt
chicago,residual,3,4,0.6099476606935893,17.75702920346224,gbdt
chicago,bias,3,5,0.6082623431666223,18.241728498903296,gbdt
chicago,residual,3,5,0.6046708321519467,18.265340322043198,gbdt
chicago,bias,3,6,0.5677908568144444,18.137142975724895,gbdt
chicago,residual,3,6,0.5649709091918464,18.037210925987928,gbdt
chicago,bias,3,7,0.5765272772541066,17.439707343208724,gbdt
chicago,residual,3,7,0.5760604072849178,17.41420051671255,gbdt
chicago,bias,3,8,0.6086803489850675,17.470715414136674,gbdt
chicago,residual,3,8,0.6084759830351137,17.46069974258785,gbdt
chicago,bias,3,9,0.5680533802492289,17.5083975577282,gbdt
chicago,residual,3,9,0.5536627242919469,17.220248562821645,gbdt
chicago,bias,5,0,0.5696389984000582,17.443458655016823,gbdt
chicago,residual,5,0,0.5707412005101627,17.346364986623048,gbdt
chicago,bias,5,1,0.5666661914818701,17.42603950562544,gbdt
chicago,residual,5,1,0.5541619563841109,16.827798561686215,gbdt
chicago,bias,5,2,0.627596553268904,18.535191267626384,gbdt
chicago,residual,5,2,0.623140488727182,18.424581758445804,gbdt
chicago,bias,5,3,0.5951259593315879,17.42801397238264,gbdt
chicago,residual,5,3,0.5904688078522787,17.224498567311976,gbdt
chicago,bias,5,4,0.5696936882072574,18.20373975899231,gbdt
chicago,residual,5,4,0.5639324527821129,17.622745590679912,gbdt
chicago,bias,5,5,0.5658348213595858,17.46378321542025,gbdt
chicago,residual,5,5,0.5672099013031193,17.44831885360142,gbdt
chicago,bias,5,6,0.5929603930519429,17.488197510299724,gbdt
chicago,residual,5,6,0.5864700766256397,17.18941420907111,gbdt
chicago,bias,5,7,0.591064648477772,17.45715703407261,gbdt
chicago,residual,5,7,0.5838356050120581,17.140819302929255,gbdt
chicago,bias,5,8,0.5967549944379537,19.25499699364903,gbdt
chicago,residual,5,8,0.596499424819218,19.30930227763394,gbdt
chicago,bias,5,9,0.6007635842670677,20.58413025928612,gbdt
chicago,residual,5,9,0.5960990645495307,20.498222451013348,gbdt
chicago,bias,10,0,0.6100075158598421,18.531292504289677,gbdt
chicago,residual,10,0,0.5955138266514135,17.97046319859763,gbdt
chicago,bias,10,1,0.5832715233526647,18.383335394569514,gbdt
chicago,residual,10,1,0.5958502884750541,18.56044528268928,gbdt
chicago,bias,10,2,0.5741203927047922,18.346281774703908,gbdt
chicago,residual,10,2,0.5616267124148334,18.037203753608566,gbdt
chicago,bias,10,3,0.5827042127037771,17.44570664803689,gbdt
chicago,residual,10,3,0.5526947853601464,16.674460121644046,gbdt
chicago,bias,10,4,0.6105535991445167,18.508290503562225,gbdt
chicago,residual,10,4,0.5987455020411471,17.946519416650254,gbdt
chicago,bias,10,5,0.630910527641112,18.856989900756467,gbdt
chicago,residual,10,5,0.6261007554307525,18.78018101578023,gbdt
chicago,bias,10,6,0.5679367834383415,17.46039724270676,gbdt
chicago,residual,10,6,0.5451361206084681,16.627410071748447,gbdt
chicago,bias,10,7,0.6167617984236613,18.114500222637346,gbdt
chicago,residual,10,7,0.6067507097653795,17.654325772067725,gbdt
chicago,bias,10,8,0.567860945624566,17.62802987694351,gbdt
chicago,residual,10,8,0.5526736747629751,17.059581674230348,gbdt
chicago,bias,10,9,0.5661142315476593,17.702989332586448,gbdt
chicago,residual,10,9,0.5519842113510821,17.271582937936227,gbdt
chicago,bias,25,0,0.5734685846781238,17.808037034869376,gbdt
chicago,residual,25,0,0.5472012809497813,16.79762736221787,gbdt
chicago,bias,25,1,0.5773984755604824,17.414296826793414,gbdt
chicago,residual,25,1,0.5619347275764047,16.540873002577626,gbdt
chicago,bias,25,2,0.5693864534792785,17.954328614236516,gbdt
chicago,residual,25,2,0.5479454116558375,17.062171437830244,gbdt
chicago,bias,25,3,0.571456392424738,17.673315698220687,gbdt
chicago,residual,25,3,0.5506464970873604,16.784507514316317,gbdt
chicago,bias,25,4,0.575410385100375,17.549520308134394,gbdt
chicago,residual,25,4,0.5565159334534757,16.44900411225748,gbdt
chicago,bias,25,5,0.5765249002755735,17.706307616765034,gbdt
chicago,residual,25,5,0.543824080181869,16.431610093606213,gbdt
chicago,bias,25,6,0.5745179270327412,17.896726427844552,gbdt
chicago,residual,25,6,0.5463611751906358,16.61072500656018,gbdt
chicago,bias,25,7,0.5664539618787081,17.473768241756606,gbdt
chicago,residual,25,7,0.5424707156247481,16.59229876851716,gbdt
chicago,bias,25,8,0.597555832825066,17.537774344012877,gbdt
chicago,residual,25,8,0.5696089201765199,16.349187479819964,gbdt
chicago,bias,25,9,0.5758895934446724,17.371592200056245,gbdt
chicago,residual,25,9,0.5369586254090073,16.18926690690611,gbdt
chicago,bias,50,0,0.5763991173881753,17.67893950082744,gbdt
chicago,residual,50,0,0.5572300833957786,16.810760783051784,gbdt
chicago,bias,50,1,0.5701025248678117,17.472568045388016,gbdt
chicago,residual,50,1,0.5295150863281831,16.10025389298882,gbdt
chicago,bias,50,2,0.59252523096153,17.988401968029972,gbdt
chicago,residual,50,2,0.5578648817123564,16.518497307905164,gbdt
chicago,bias,50,3,0.5726667095619344,17.45130500576551,gbdt
chicago,residual,50,3,0.5403555554572863,16.244312407045875,gbdt
chicago,bias,50,4,0.5681076208199902,17.518323627902312,gbdt
chicago,residual,50,4,0.542285668194343,16.574485740221597,gbdt
chicago,bias,50,5,0.5773358587338824,17.782588887932025,gbdt
chicago,residual,50,5,0.5569508630612426,16.82887102953482,gbdt
chicago,bias,50,6,0.5650888733732622,17.400317093810553,gbdt
chicago,residual,50,6,0.5201082241470665,15.90773991208604,gbdt
chicago,bias,50,7,0.5674650172446567,17.424415695108934,gbdt
chicago,residual,50,7,0.53130071609442,16.107824284344236,gbdt
chicago,bias,50,8,0.5694769172286236,17.51412402709487,gbdt
chicago,residual,50,8,0.5420745497320776,16.544173199848444,gbdt
chicago,bias,50,9,0.5712626497214206,17.408342060563655,gbdt
chicago,residual,50,9,0.5277035456175383,15.876421515265484,gbdt
chicago,bias,100,0,0.5646325381011418,17.434768485720678,gbdt
chicago,residual,100,0,0.5150108505937842,15.695097507851745,gbdt
chicago,bias,100,1,0.564182792941002,17.425496868570672,gbdt
chicago,residual,100,1,0.512389384200133,15.621510241407082,gbdt
chicago,bias,100,2,0.5666092146151345,17.510833733538767,gbdt
chicago,residual,100,2,0.5180508680318637,15.88319544884388,gbdt
chicago,bias,100,3,0.5620341235098307,17.323014991344305,gbdt
chicago,residual,100,3,0.5117125706879612,15.394367591833104,gbdt
chicago,bias,100,4,0.5672721092653659,17.418903388201446,gbdt
chicago,residual,100,4,0.530665615420741,15.995312646618235,gbdt
chicago,bias,100,5,0.5707623449763584,17.505114134754418,gbdt
chicago,residual,100,5,0.5167101660913985,15.585157510811745,gbdt
chicago,bias,100,6,0.5736731742966683,17.699440117925782,gbdt
chicago,residual,100,6,0.5242801242734021,15.909111082442296,gbdt
chicago,bias,100,7,0.5687829687400957,17.459950527647283,gbdt
chicago,residual,100,7,0.5156062591096667,15.589624524731018,gbdt
chicago,bias,100,8,0.5706674928984801,17.59320590174916,gbdt
chicago,residual,100,8,0.5288499994077067,16.011973088760108,gbdt
chicago,bias,100,9,0.5667975560595833,17.49244355294666,gbdt
chicago,residual,100,9,0.5204018891680725,15.867869854446646,gbdt
hamburg,bias,0,0,0.6321631351204352,16.49269153653314,gbdt
hamburg,residual,0,0,0.6321631351204352,16.49269153653314,gbdt
hamburg,bias,3,0,0.5140185389167968,12.549947740334481,gbdt
hamburg,residual,3,0,0.5160082217693602,12.603060789937762,gbdt
hamburg,bias,3,1,0.559052498964972,12.168559887913569,gbdt
hamburg,residual,3,1,0.549807839983626,12.034049264291088,gbdt
hamburg,bias,3,2,0.6050941826513085,14.599607875268704,gbdt
hamburg,residual,3,2,0.6011285847881465,14.573100802969547,gbdt
hamburg,bias,3,3,0.6964002574577783,15.632074078551119,gbdt
hamburg,residual,3,3,0.6720107658727885,15.066083882062902,gbdt
hamburg,bias,3,4,0.5529422896626923,11.999985860769835,gbdt
hamburg,residual,3,4,0.5551842730692024,12.097873375266277,gbdt
hamburg,bias,3,5,0.667387511216609,12.506066738317823,gbdt
hamburg,residual,3,5,0.6664236732688316,12.470061174828277,gbdt
hamburg,bias,3,6,0.6399374433964637,14.506186298650684,gbdt
hamburg,residual,3,6,0.6411420004847044,14.590001061676933,gbdt
hamburg,bias,3,7,0.5179705829130775,12.148942962063815,gbdt
hamburg,residual,3,7,0.5201748630924441,12.216883566832053,gbdt
hamburg,bias,3,8,0.5206437972113676,12.159294514796235,gbdt
hamburg,residual,3,8,0.519402170496433,12.144820494929553,gbdt
hamburg,bias,3,9,0.5127863397236941,13.132378110828542,gbdt
hamburg,residual,3,9,0.5128736936111759,13.064108714825178,gbdt
hamburg,bias,5,0,0.525651647106246,14.37872990333478,gbdt
hamburg,residual,5,0,0.5203406423601898,14.39760836113542,gbdt
hamburg,bias,5,1,0.5194142524010885,12.269060472563353,gbdt
hamburg,residual,5,1,0.5191742925379926,12.250356500613828,gbdt
hamburg,bias,5,2,0.5153518271981373,13.694183436935306,gbdt
hamburg,residual,5,2,0.5120795544336879,13.452568444419418,gbdt
hamburg,bias,5,3,0.5143655030390084,12.607281407357098,gbdt
hamburg,residual,5,3,0.5161125306270501,12.635588176231334,gbdt
hamburg,bias,5,4,0.5116059882068702,12.011000474864181,gbdt
hamburg,residual,5,4,0.5120926560518813,12.039439201758325,gbdt
hamburg,bias,5,5,0.584808223564032,12.768157433964243,gbdt
hamburg,residual,5,5,0.5748552999203833,12.574879711947377,gbdt
hamburg,bias,5,6,0.5106472060340543,12.224427513931069,gbdt
hamburg,residual,5,6,0.5047955152486979,12.133459370979423,gbdt
hamburg,bias,5,7,0.5350235049740898,12.53437027001513,gbdt
hamburg,residual,5,7,0.534656017676375,12.529524385117078,gbdt
hamburg,bias,5,8,0.6030427471292563,12.855547832050826,gbdt
hamburg,residual,5,8,0.6182286801356238,12.951381270643214,gbdt
hamburg,bias,5,9,0.883537414680874,20.933919120465358,gbdt
hamburg,residual,5,9,0.8813245387963973,20.88699773984416,gbdt
hamburg,bias,10,0,0.5109995453720222,12.185570637685116,gbdt
hamburg,residual,10,0,0.5110414416564123,12.13700839813021,gbdt
hamburg,bias,10,1,0.5177109448797316,12.006463594340183,gbdt
hamburg,residual,10,1,0.502972617142748,11.757030065713323,gbdt
hamburg,bias,10,2,0.5671023039716552,12.87398218805454,gbdt
hamburg,residual,10,2,0.561938197416025,12.795828500350066,gbdt
hamburg,bias,10,3,0.5079111656765322,12.031142212582704,gbdt
hamburg,residual,10,3,0.49405683467586775,11.818645577332665,gbdt
hamburg,bias,10,4,0.5685322541656523,13.727777555952901,gbdt
hamburg,residual,10,4,0.5674851429415494,13.755852255678763,gbdt
hamburg,bias,10,5,0.5348169801763396,13.381229941048725,gbdt
hamburg,residual,10,5,0.5252745277177442,13.205915826782748,gbdt
hamburg,bias,10,6,0.599901334577325,14.34300611852445,gbdt
hamburg,residual,10,6,0.5902897733113767,13.733570835252333,gbdt
hamburg,bias,10,7,0.5225753370723702,12.046280688326597,gbdt
hamburg,residual,10,7,0.5234408273505119,12.154379086948932,gbdt
hamburg,bias,10,8,0.5138108088646264,11.99735886363893,gbdt
hamburg,residual,10,8,0.4986661507979459,11.713598396351255,gbdt
hamburg,bias,10,9,0.578870737535053,12.688224986128805,gbdt
hamburg,residual,10,9,0.574747402592163,12.616126278397129,gbdt
hamburg,bias,25,0,0.5102418751872105,12.009800366954828,gbdt
hamburg,residual,25,0,0.49787327419090327,11.83318403511069,gbdt
hamburg,bias,25,1,0.5161668839401917,12.217341150574642,gbdt
hamburg,residual,25,1,0.5047609884044034,12.104810606388456,gbdt
hamburg,bias,25,2,0.5310096125357159,12.218859677267346,gbdt
hamburg,residual,25,2,0.5128399383195298,11.935485339203527,gbdt
hamburg,bias,25,3,0.517118447924335,12.005324820136215,gbdt
hamburg,residual,25,3,0.4955436433146824,11.654226366498202,gbdt
hamburg,bias,25,4,0.5101354080451985,12.023149571843783,gbdt
hamburg,residual,25,4,0.48601423228220314,11.654524205722048,gbdt
hamburg,bias,25,5,0.5400471222665418,12.8526898355869,gbdt
hamburg,residual,25,5,0.5328402863029427,12.36541380128843,gbdt
hamburg,bias,25,6,0.5113054055000277,12.017820332662053,gbdt
hamburg,residual,25,6,0.4915040774545888,11.636539691578529,gbdt
hamburg,bias,25,7,0.5136671436863545,12.023258722961952,gbdt
hamburg,residual,25,7,0.49250328390027315,11.67134536090414,gbdt
hamburg,bias,25,8,0.5096655327299905,12.034659164457386,gbdt
hamburg,residual,25,8,0.495727598031935,11.830127837634777,gbdt
hamburg,bias,25,9,0.5134582380912142,12.126304834529693,gbdt
hamburg,residual,25,9,0.4906028219567085,11.687764297461044,gbdt
hamburg,bias,50,0,0.5082329237200489,11.99087904804437,gbdt
hamburg,residual,50,0,0.48035741292398726,11.432422955569653,gbdt
hamburg,bias,50,1,0.5097598652077577,11.992095895239752,gbdt
hamburg,residual,50,1,0.484268234549168,11.498698721430925,gbdt
hamburg,bias,50,2,0.5120464565833762,12.035743916612347,gbdt
hamburg,residual,50,2,0.48243295926731966,11.306746630093077,gbdt
hamburg,bias,50,3,0.5199986644795929,12.12301091296281,gbdt
hamburg,residual,50,3,0.48674383797195786,11.32478272250656,gbdt
hamburg,bias,50,4,0.5154999043635099,12.138222258223173,gbdt
hamburg,residual,50,4,0.4925972869099209,11.778596259795645,gbdt
hamburg,bias,50,5,0.5137098486281557,12.237429626410147,gbdt
hamburg,residual,50,5,0.4835624406936717,11.697226279188538,gbdt
hamburg,bias,50,6,0.5030949480911486,11.842547172002678,gbdt
hamburg,residual,50,6,0.4654912276107126,11.101074180829372,gbdt
hamburg,bias,50,7,0.5154099875066784,12.118555583387359,gbdt
hamburg,residual,50,7,0.4858569139870686,11.4616255856127,gbdt
hamburg,bias,50,8,0.5317032040161427,12.229612328123194,gbdt
hamburg,residual,50,8,0.5039696752032524,11.661414440438781,gbdt
hamburg,bias,50,9,0.5117192579468656,12.095012576452046,gbdt
hamburg,residual,50,9,0.4794585893020249,11.348499484567588,gbdt
hamburg,bias,100,0,0.5095167838403071,11.961153940200713,gbdt
hamburg,residual,100,0,0.46129378579996966,10.899006403803309,gbdt
hamburg,bias,100,1,0.5098423463897594,12.036997481258599,gbdt
hamburg,residual,100,1,0.47054713728652675,11.305823224583568,gbdt
hamburg,bias,100,2,0.508954113255927,11.937929607976692,gbdt
hamburg,residual,100,2,0.4596025545681656,10.883123827138123,gbdt
hamburg,bias,100,3,0.512882140149537,12.089602110617859,gbdt
hamburg,residual,100,3,0.47460220887300736,11.28693691596036,gbdt
hamburg,bias,100,4,0.507489493297076,11.964111130413823,gbdt
hamburg,residual,100,4,0.46405893709450613,11.101905301032465,gbdt
hamburg,bias,100,5,0.5305398133538058,12.528642688521177,gbdt
hamburg,residual,100,5,0.4882530682135866,11.684984245579267,gbdt
hamburg,bias,100,6,0.51022190534374,12.042957478094051,gbdt
hamburg,residual,100,6,0.46981498682028483,11.253727749322012,gbdt
hamburg,bias,100,7,0.5092359432813831,12.01390676984935,gbdt
hamburg,residual,100,7,0.46259661916797884,10.935287500828318,gbdt
hamburg,bias,100,8,0.505452822307474,11.917303826639568,gbdt
hamburg,residual,100,8,0.4583928679251397,10.988369692766776,gbdt
hamburg,bias,100,9,0.5099968213008561,12.036013267317768,gbdt
hamburg,residual,100,9,0.46466879959114893,11.117854497768906,gbdt
london,bias,0,0,0.4025898702945417,10.170508378295075,gbdt
london,residual,0,0,0.4025898702945417,10.170508378295075,gbdt
london,bias,3,0,0.4272308682069829,12.644008531049813,gbdt
london,residual,3,0,0.42163945581293555,12.351198410365901,gbdt
london,bias,3,1,0.40672742301930614,11.101437260037235,gbdt
london,residual,3,1,0.40590973745956704,11.07647549660516,gbdt
london,bias,3,2,0.5193139437913693,10.970358808059588,gbdt
london,residual,3,2,0.5155525307486567,10.792053645744259,gbdt
london,bias,3,3,0.3973036556316803,10.201287534254266,gbdt
london,residual,3,3,0.3973850832247375,10.214146273787742,gbdt
london,bias,3,4,0.425527544515375,10.394982599405258,gbdt
london,residual,3,4,0.42425409615338117,10.378891143380955,gbdt
london,bias,3,5,0.4032762847680021,10.29048221558213,gbdt
london,residual,3,5,0.40441475912805164,10.296485817204536,gbdt
london,bias,3,6,0.4940123335280391,13.906766719477304,gbdt
london,residual,3,6,0.49490293491588827,13.998042169169501,gbdt
london,bias,3,7,0.5375478248438684,10.618868110320134,gbdt
london,residual,3,7,0.5411150524480465,10.530321149248904,gbdt
london,bias,3,8,0.47969206005120285,12.986260498610793,gbdt
london,residual,3,8,0.4773366833669022,13.040305847432505,gbdt
london,bias,3,9,0.4820670001155766,12.435994590084622,gbdt
london,residual,3,9,0.48166473994675363,12.42237012784499,gbdt
london,bias,5,0,0.4709512379855952,12.010382305860414,gbdt
london,residual,5,0,0.46059760309979514,11.78816096531886,gbdt
london,bias,5,1,0.39720964285947513,10.426314836919985,gbdt
london,residual,5,1,0.3967997111863666,10.408255455664863,gbdt
london,bias,5,2,0.42651164297039995,11.377368112291583,gbdt
london,residual,5,2,0.42827068574477123,11.357309516663022,gbdt
london,bias,5,3,0.40249807224503387,11.04918858087575,gbdt
london,residual,5,3,0.3999206256531765,10.898046806533282,gbdt
london,bias,5,4,0.3973293124536681,10.183897356672153,gbdt
london,residual,5,4,0.39580692380195526,10.190035523124195,gbdt
london,bias,5,5,0.5872424198721402,11.408656378783038,gbdt
london,residual,5,5,0.5860229555242735,11.403386612432257,gbdt
london,bias,5,6,0.6088352108345438,10.6309732098738,gbdt
london,residual,5,6,0.6276388935731049,10.807583124264845,gbdt
london,bias,5,7,0.4052801182963726,10.257192549238432,gbdt
london,residual,5,7,0.4033849531791923,10.230790106895459,gbdt
london,bias,5,8,0.41335806564454475,10.421850437630031,gbdt
london,residual,5,8,0.4126823800846553,10.419801657780344,gbdt
london,bias,5,9,0.4584002174806705,12.972423025122787,gbdt
london,residual,5,9,0.46151856867091234,12.919947288156884,gbdt
london,bias,10,0,0.41121825942560536,10.249165909214012,gbdt
london,residual,10,0,0.4079662058707195,10.079737732510194,gbdt
london,bias,10,1,0.39894949548548286,10.23300775991199,gbdt
london,residual,10,1,0.39984001944463265,10.339339608955338,gbdt
london,bias,10,2,0.40376572797725846,10.176166553115111,gbdt
london,residual,10,2,0.4039304611985721,10.246705414202662,gbdt
london,bias,10,3,0.40823735814940926,10.2445685599465,gbdt
london,residual,10,3,0.40333368876725784,9.963457166983538,gbdt
london,bias,10,4,0.41894799572496644,10.329186335068224,gbdt
london,residual,10,4,0.4192182247217825,10.321824817417719,gbdt
london,bias,10,5,0.4046857675781478,10.538170364518852,gbdt
london,residual,10,5,0.40326664648826105,10.553582170552867,gbdt
london,bias,10,6,0.39812527215145116,10.201687289972998,gbdt
london,residual,10,6,0.39990252326096476,10.309669794158605,gbdt
london,bias,10,7,0.3971530910713196,10.165176867624492,gbdt
london,residual,10,7,0.3967510407538923,10.213060409097642,gbdt
london,bias,10,8,0.3996371622601413,11.027139548002646,gbdt
london,residual,10,8,0.3983449432498791,10.923732030238405,gbdt
london,bias,10,9,0.4301359820045921,10.544352246269904,gbdt
london,residual,10,9,0.4319831065151093,10.539887065238371,gbdt
london,bias,25,0,0.39924526758853573,10.344522682486115,gbdt
london,residual,25,0,0.3905996398503824,9.965503089765658,gbdt
london,bias,25,1,0.40051701250965477,10.174294696588532,gbdt
london,residual,25,1,0.39718811963104506,9.995281796883939,gbdt
london,bias,25,2,0.40422197249358016,10.456068630571203,gbdt
london,residual,25,2,0.40541737120135507,10.263463396225648,gbdt
london,bias,25,3,0.3948750626570868,10.189990298616731,gbdt
london,residual,25,3,0.38850889991875975,9.887172378182848,gbdt
london,bias,25,4,0.4176917950638849,10.823403330184009,gbdt
london,residual,25,4,0.401806028026294,10.162615624311002,gbdt
london,bias,25,5,0.40698635072231165,10.203827708218823,gbdt
london,residual,25,5,0.4033500552223361,10.022133787363234,gbdt
london,bias,25,6,0.39729317902692146,10.242663073143188,gbdt
london,residual,25,6,0.3945747082319941,10.131642940097047,gbdt
london,bias,25,7,0.40165997499596606,10.25693745451092,gbdt
london,residual,25,7,0.4018333112843538,10.015140840903193,gbdt
london,bias,25,8,0.4005981494404165,10.238914915127014,gbdt
london,residual,25,8,0.39934413673754265,10.142717818561254,gbdt
london,bias,25,9,0.397835082702357,10.1518936532871,gbdt
london,residual,25,9,0.38900239739864206,9.78530514983613,gbdt
london,bias,50,0,0.39668028335593564,10.160857792304508,gbdt
london,residual,50,0,0.3855511923554408,9.630186535635934,gbdt
london,bias,50,1,0.39779699449562034,10.178065011377644,gbdt
london,residual,50,1,0.38453175250205057,9.553595143299829,gbdt
london,bias,50,2,0.399103272731445,10.253586528274633,gbdt
london,residual,50,2,0.3958070523016419,10.103654973410448,gbdt
london,bias,50,3,0.4037887467692388,10.445986802947012,gbdt
london,residual,50,3,0.3882673923960394,9.730539307584053,gbdt
london,bias,50,4,0.39643037588583224,10.19149760303494,gbdt
london,residual,50,4,0.3874658452855777,9.803484870311205,gbdt
london,bias,50,5,0.397529063540684,10.175448617313762,gbdt
london,residual,50,5,0.3816237530519235,9.367181008430757,gbdt
london,bias,50,6,0.401982145249152,10.267540651747181,gbdt
london,residual,50,6,0.39752309453090684,10.128528962952359,gbdt
london,bias,50,7,0.40767119070404845,10.182420689623923,gbdt
london,residual,50,7,0.3977971994921309,9.696693530761118,gbdt
london,bias,50,8,0.4021419701630891,10.280672934241245,gbdt
london,residual,50,8,0.3876210225694957,9.658715681524733,gbdt
london,bias,50,9,0.3994112489937744,10.15769159010132,gbdt
london,residual,50,9,0.3885431092560582,9.640478707761641,gbdt
london,bias,100,0,0.3995315490655367,10.22405630522171,gbdt
london,residual,100,0,0.3868289575626672,9.579427502478945,gbdt
london,bias,100,1,0.3973617724929404,10.158931204487217,gbdt
london,residual,100,1,0.387107891335847,9.58302723501641,gbdt
london,bias,100,2,0.39670553371807404,10.160785849966402,gbdt
london,residual,100,2,0.3784108556641369,9.355243957663978,gbdt
london,bias,100,3,0.39873800891052336,10.1754858976135,gbdt
london,residual,100,3,0.38447329645662326,9.53246272470293,gbdt
london,bias,100,4,0.39196050759339796,10.017227106332133,gbdt
london,residual,100,4,0.3678838275356475,9.015244369844202,gbdt
london,bias,100,5,0.400562130896691,10.274523639483512,gbdt
london,residual,100,5,0.39172908995709227,9.832578106172459,gbdt
london,bias,100,6,0.3929584364402435,10.014279254202028,gbdt
london,residual,100,6,0.38357888098013776,9.558171639126114,gbdt
london,bias,100,7,0.39782870201219434,10.095675711858313,gbdt
london,residual,100,7,0.3780160816537089,9.109861864062585,gbdt
london,bias,100,8,0.4031494856825068,10.375544397432861,gbdt
london,residual,100,8,0.39770022759127455,10.029182311829137,gbdt
london,bias,100,9,0.3990794171802502,10.196485678952174,gbdt
london,residual,100,9,0.38781959578119124,9.501239289341013,gbdt
munich,bias,0,0,0.4429368319591374,12.643503153079545,gbdt
munich,residual,0,0,0.4429368319591374,12.643503153079545,gbdt
munich,bias,3,0,0.34330882208848784,8.750040410494366,gbdt
munich,residual,3,0,0.34338886247970074,8.745023236580588,gbdt
munich,bias,3,1,0.45897781007562477,9.035892818386785,gbdt
munich,residual,3,1,0.4590573763872854,9.021422867836856,gbdt
munich,bias,3,2,0.3423450420579583,10.492493196449955,gbdt
munich,residual,3,2,0.3423200192995274,10.476000300197372,gbdt
munich,bias,3,3,0.3520236271714219,9.163376076385768,gbdt
munich,residual,3,3,0.3513583447345807,9.119525674692516,gbdt
munich,bias,3,4,0.34692679352532446,8.598385492685011,gbdt
munich,residual,3,4,0.34693491406148314,8.575793431139767,gbdt
munich,bias,3,5,0.3423417240588689,8.60863685854514,gbdt
munich,residual,3,5,0.34421493354057675,8.624933444816882,gbdt
munich,bias,3,6,0.3429455985899292,8.605429311340592,gbdt
munich,residual,3,6,0.34262271248614623,8.611127396945193,gbdt
munich,bias,3,7,0.349221685084853,9.057174860193491,gbdt
munich,residual,3,7,0.3471060476639042,9.096512255350492,gbdt
munich,bias,3,8,0.35787400408117775,8.695228731912884,gbdt
munich,residual,3,8,0.35436215648393227,8.694228025281001,gbdt
munich,bias,3,9,0.41143918287118725,11.73694660356758,gbdt
munich,residual,3,9,0.4121560925680957,11.804642808455755,gbdt
munich,bias,5,0,0.3421484068114371,8.600292341179372,gbdt
munich,residual,5,0,0.3410616396106159,8.584782567190917,gbdt
munich,bias,5,1,0.36739596988905493,9.031002766180897,gbdt
munich,residual,5,1,0.36703409997015074,8.993546754897633,gbdt
munich,bias,5,2,0.3451253880335962,8.826676220545,gbdt
munich,residual,5,2,0.34124266305188566,8.764518599147188,gbdt
munich,bias,5,3,0.3428978814667338,8.68828226071051,gbdt
munich,residual,5,3,0.34191669878851444,8.629541625199696,gbdt
munich,bias,5,4,0.35297536901900173,8.845454501198537,gbdt
munich,residual,5,4,0.34871831375742707,8.701234456164352,gbdt
munich,bias,5,5,0.35467966067382223,9.171244089313003,gbdt
munich,residual,5,5,0.3574208316442485,9.19700925707742,gbdt
munich,bias,5,6,0.3408485576527593,9.21177588003609,gbdt
munich,residual,5,6,0.337247014346137,9.038758283962744,gbdt
munich,bias,5,7,0.37542741677346053,8.774828709085755,gbdt
munich,residual,5,7,0.36424957217766346,8.402222529128219,gbdt
munich,bias,5,8,0.36209799548515176,8.726156840284572,gbdt
munich,residual,5,8,0.3616234053279953,8.698846907977547,gbdt
munich,bias,5,9,0.39750298086525915,9.542546899925037,gbdt
munich,residual,5,9,0.4004392715835264,9.525194224452832,gbdt
munich,bias,10,0,0.34178442359232036,8.60666662388825,gbdt
munich,residual,10,0,0.33547888169667534,8.399852579653274,gbdt
munich,bias,10,1,0.39214947577387527,8.829107531756764,gbdt
munich,residual,10,1,0.38761472338417746,8.650130297306758,gbdt
munich,bias,10,2,0.3421781793979617,8.905335011165025,gbdt
munich,residual,10,2,0.34144432689658655,8.930576107141203,gbdt
munich,bias,10,3,0.3706763406631448,8.806350996271826,gbdt
munich,residual,10,3,0.3647892599066591,8.588654401756155,gbdt
munich,bias,10,4,0.34514181708904135,8.680785848906737,gbdt
munich,residual,10,4,0.3458585691854726,8.696626739250274,gbdt
munich,bias,10,5,0.41512980582087866,8.747525768068678,gbdt
munich,residual,10,5,0.4182003253294697,8.821357434895418,gbdt
munich,bias,10,6,0.34517721219312036,8.625545308780792,gbdt
munich,residual,10,6,0.34693099450453846,8.585808941109022,gbdt
munich,bias,10,7,0.35000813112908646,8.577386436607402,gbdt
munich,residual,10,7,0.35853467246308374,8.722502692390512,gbdt
munich,bias,10,8,0.34899591284204934,8.646249610098659,gbdt
munich,residual,10,8,0.3477910239276507,8.6027092089119,gbdt
munich,bias,10,9,0.3676186293765426,9.987477066047209,gbdt
munich,residual,10,9,0.3541593260625269,9.617189890869392,gbdt
munich,bias,25,0,0.34621560964498976,8.85974122557126,gbdt
munich,residual,25,0,0.34375464872023204,8.731553848538,gbdt
munich,bias,25,1,0.3434078220830902,8.625895133440874,gbdt
munich,residual,25,1,0.3382105283428948,8.43084854525532,gbdt
munich,bias,25,2,0.3410476093901407,8.547314625394833,gbdt
munich,residual,25,2,0.3361691540979455,8.305498668745896,gbdt
munich,bias,25,3,0.34201321640176785,8.690748015016885,gbdt
munich,residual,25,3,0.3350468356017087,8.388983486645357,gbdt
munich,bias,25,4,0.3467610625813954,8.6255241589756,gbdt
munich,residual,25,4,0.34697427303227546,8.646573473296115,gbdt
munich,bias,25,5,0.3727212342771001,10.083794489941123,gbdt
munich,residual,25,5,0.3711006656344342,9.951773975861858,gbdt
munich,bias,25,6,0.34839339327809676,8.702577535886448,gbdt
munich,residual,25,6,0.3461642843341231,8.614937443002615,gbdt
munich,bias,25,7,0.3573601397370764,8.655148317537877,gbdt
munich,residual,25,7,0.355262497852867,8.53320392520067,gbdt
munich,bias,25,8,0.38592973369507866,9.22086697260447,gbdt
munich,residual,25,8,0.37844907237344644,8.952463192584608,gbdt
munich,bias,25,9,0.3497895917953054,8.77786279390751,gbdt
munich,residual,25,9,0.3537862997987863,8.85117828706738,gbdt
munich,bias,50,0,0.3465021705543361,8.71535379453446,gbdt
munich,residual,50,0,0.33974022802330434,8.479987263221775,gbdt
munich,bias,50,1,0.34796454759778045,8.990417764603972,gbdt
munich,residual,50,1,0.3433221158101827,8.710404078666539,gbdt
munich,bias,50,2,0.34702180210171013,8.706271157912747,gbdt
munich,residual,50,2,0.35089957611986694,8.768425420335026,gbdt
munich,bias,50,3,0.3455310529694969,8.723158410663178,gbdt
munich,residual,50,3,0.3436385913787607,8.641899055747526,gbdt
munich,bias,50,4,0.3419269810831916,8.624640302557495,gbdt
munich,residual,50,4,0.34270431103118737,8.617077360201973,gbdt
munich,bias,50,5,0.34603524467253766,9.009891070708017,gbdt
munich,residual,50,5,0.330517036943596,8.427751899034307,gbdt
munich,bias,50,6,0.3448746924730405,8.65441009545833,gbdt
munich,residual,50,6,0.33417559200162583,8.267511895486415,gbdt
munich,bias,50,7,0.3576126153120496,8.88273595264873,gbdt
munich,residual,50,7,0.35713637844444934,8.63804677893494,gbdt
munich,bias,50,8,0.3440672353408757,8.64619321553319,gbdt
munich,residual,50,8,0.34787712029853657,8.680641952274142,gbdt
munich,bias,50,9,0.34235431286466195,8.635141241275235,gbdt
munich,residual,50,9,0.3331211343010506,8.174951343604542,gbdt
munich,bias,100,0,0.34807745913659566,8.721269021490562,gbdt
munich,residual,100,0,0.34608792306230707,8.452362662950964,gbdt
munich,bias,100,1,0.34409911080166194,8.646075072415512,gbdt
munich,residual,100,1,0.3311528578568452,8.246086471750825,gbdt
munich,bias,100,2,0.3446767455846273,8.583689780058997,gbdt
munich,residual,100,2,0.3314475099949219,7.955565216319695,gbdt
munich,bias,100,3,0.34187874299676846,8.586350352149521,gbdt
munich,residual,100,3,0.3267443621998269,8.04660591405589,gbdt
munich,bias,100,4,0.34565022751050734,8.736215118407356,gbdt
munich,residual,100,4,0.3339779701542659,8.24568826684748,gbdt
munich,bias,100,5,0.338402467581689,8.53447694902321,gbdt
munich,residual,100,5,0.32383325746699626,7.984417350700571,gbdt
munich,bias,100,6,0.34441490526948887,8.649409876072939,gbdt
munich,residual,100,6,0.3346522102815397,8.318448402981359,gbdt
munich,bias,100,7,0.34142759200880357,8.493738171091211,gbdt
munich,residual,100,7,0.32765206059348534,7.91372373673579,gbdt
munich,bias,100,8,0.34093695885741765,8.592934455173241,gbdt
munich,residual,100,8,0.3254642599563941,7.9434574840598575,gbdt
munich,bias,100,9,0.33653455536924004,8.368893457752375,gbdt
munich,residual,100,9,0.32278064510306137,7.864703339084758,gbdt
newyork,bias,0,0,0.8350245299707406,22.67053565527521,gbdt
newyork,residual,0,0,0.8350245299707406,22.67053565527521,gbdt
newyork,bias,3,0,0.718853796968051,17.91908770835752,gbdt
newyork,residual,3,0,0.7190618490174975,17.924578355676974,gbdt
newyork,bias,3,1,0.693951778480127,20.78614285190052,gbdt
newyork,residual,3,1,0.6939413108189809,20.790337477626643,gbdt
newyork,bias,3,2,0.6214797986533789,16.238726909663804,gbdt
newyork,residual,3,2,0.6139146037091375,16.103343804929814,gbdt
newyork,bias,3,3,0.662507987679379,17.4118877235834,gbdt
newyork,residual,3,3,0.6659345532101457,17.457074116228405,gbdt
newyork,bias,3,4,0.7413907129340757,17.17151229762468,gbdt
newyork,residual,3,4,0.7441277853688001,17.32897472951166,gbdt
newyork,bias,3,5,0.5887752783856866,16.17957490933238,gbdt
newyork,residual,3,5,0.5849230123084287,16.09558159846407,gbdt
newyork,bias,3,6,0.6197614031336443,17.09182805748773,gbdt
newyork,residual,3,6,0.6244861871060522,17.239696529092715,gbdt
newyork,bias,3,7,0.7003318417628605,19.272146450323024,gbdt
newyork,residual,3,7,0.6954801166501506,19.098558131388433,gbdt
newyork,bias,3,8,0.6780769384066122,20.343726211622716,gbdt
newyork,residual,3,8,0.667626359539254,20.080859559772698,gbdt
newyork,bias,3,9,0.5774878975243358,16.59848482870906,gbdt
newyork,residual,3,9,0.5745490059097063,16.573107675491013,gbdt
newyork,bias,5,0,0.5728090810524482,15.828013267231654,gbdt
newyork,residual,5,0,0.5717700059638708,15.845565769417945,gbdt
newyork,bias,5,1,0.6548555022176215,17.02223345026652,gbdt
newyork,residual,5,1,0.6361061627641317,16.55204193245179,gbdt
newyork,bias,5,2,0.6542105397447658,16.155673599921826,gbdt
newyork,residual,5,2,0.6506432668738757,16.11824720436253,gbdt
newyork,bias,5,3,0.5776635233944645,16.0781412191059,gbdt
newyork,residual,5,3,0.5829218249303568,16.249152591872964,gbdt
newyork,bias,5,4,0.7362792772039664,18.669703529622428,gbdt
newyork,residual,5,4,0.7627755649744856,19.49476087194301,gbdt
newyork,bias,5,5,0.6706771403065321,18.479361603398267,gbdt
newyork,residual,5,5,0.6724133337784645,18.500703441778526,gbdt
newyork,bias,5,6,0.6571945712997951,17.528824248258505,gbdt
newyork,residual,5,6,0.6557053658388438,17.545118567968938,gbdt
newyork,bias,5,7,0.5972180629375126,17.959014906524168,gbdt
newyork,residual,5,7,0.5891483406395691,17.57797848325067,gbdt
newyork,bias,5,8,0.6217171978257806,17.186595833682336,gbdt
newyork,residual,5,8,0.6065445194570367,16.736797012196384,gbdt
newyork,bias,5,9,0.660467497090176,19.25920536936976,gbdt
newyork,residual,5,9,0.6606571019879185,19.259428382146368,gbdt
newyork,bias,10,0,0.5757409230054616,16.33616113298406,gbdt
newyork,residual,10,0,0.5611631447969855,15.81887957364624,gbdt
newyork,bias,10,1,0.6166844750403451,17.084223593768076,gbdt
newyork,residual,10,1,0.6126235447044551,17.070092003382165,gbdt
newyork,bias,10,2,0.5716479900063577,15.82611818839186,gbdt
newyork,residual,10,2,0.5543455722022873,15.351470347157973,gbdt
newyork,bias,10,3,0.5717553212442202,15.963056830535615,gbdt
newyork,residual,10,3,0.5615994215337907,15.723340634191969,gbdt
newyork,bias,10,4,0.5980210773321759,16.890774437403987,gbdt
newyork,residual,10,4,0.5843368591862856,16.444204478641588,gbdt
newyork,bias,10,5,0.6132762024391406,17.497572992807626,gbdt
newyork,residual,10,5,0.6071305273069808,17.508288145632523,gbdt
newyork,bias,10,6,0.6472049817197947,17.59209501570433,gbdt
newyork,residual,10,6,0.6316668145724196,17.189877600323797,gbdt
newyork,bias,10,7,0.5717490471294411,16.211689596210892,gbdt
newyork,residual,10,7,0.5561204124726944,15.862342016689912,gbdt
newyork,bias,10,8,0.608590661912243,17.00202062396969,gbdt
newyork,residual,10,8,0.601359023249562,16.75639738932699,gbdt
newyork,bias,10,9,0.573307314202574,15.921784799848728,gbdt
newyork,residual,10,9,0.5627756496012497,15.638918485920419,gbdt
newyork,bias,25,0,0.571628577703242,15.82875569332331,gbdt
newyork,residual,25,0,0.5470351427617746,15.081802800105208,gbdt
newyork,bias,25,1,0.5755835931531917,15.976317641347272,gbdt
newyork,residual,25,1,0.5522104211627763,15.292787138034443,gbdt
newyork,bias,25,2,0.5695343867986924,15.851959136238172,gbdt
newyork,residual,25,2,0.5457378890983795,15.12270260574911,gbdt
newyork,bias,25,3,0.5680249789243731,15.926587251400303,gbdt
newyork,residual,25,3,0.5397936358097754,15.172000611966322,gbdt
newyork,bias,25,4,0.5983735663875155,17.27782957357109,gbdt
newyork,residual,25,4,0.5890078512844765,17.199983820504936,gbdt
newyork,bias,25,5,0.5716689383942414,16.25785098307123,gbdt
newyork,residual,25,5,0.5589117568536829,15.99982152950588,gbdt
newyork,bias,25,6,0.5767154987295805,15.902154952406043,gbdt
newyork,residual,25,6,0.557030074772505,15.337346975906502,gbdt
newyork,bias,25,7,0.5694485099521721,15.828555785794903,gbdt
newyork,residual,25,7,0.5579790116129968,15.64101777972252,gbdt
newyork,bias,25,8,0.5710522201629853,15.842390876356324,gbdt
newyork,residual,25,8,0.550547576367034,15.266185879605732,gbdt
newyork,bias,25,9,0.571152432656163,15.994804039871786,gbdt
newyork,residual,25,9,0.5608482110988169,15.592488326133651,gbdt
newyork,bias,50,0,0.6220544864310227,17.214086691577165,gbdt
newyork,residual,50,0,0.6004545742687195,16.543221939435167,gbdt
newyork,bias,50,1,0.5697089991810015,15.836720281431292,gbdt
newyork,residual,50,1,0.5302992610557451,14.656478746982513,gbdt
newyork,bias,50,2,0.5776706717045601,15.828244395123978,gbdt
newyork,residual,50,2,0.5372481462332663,14.692091327769111,gbdt
newyork,bias,50,3,0.5874310831475232,16.401897773968773,gbdt
newyork,residual,50,3,0.5667980440780875,15.739537229484505,gbdt
newyork,bias,50,4,0.583777826632671,15.969245247946585,gbdt
newyork,residual,50,4,0.5540567474735263,15.198592262268786,gbdt
newyork,bias,50,5,0.5712379303172445,15.828599496362447,gbdt
newyork,residual,50,5,0.5345370808079132,14.65432440688959,gbdt
newyork,bias,50,6,0.5727040590101558,15.99051662984858,gbdt
newyork,residual,50,6,0.5415433824905671,15.168499085941528,gbdt
newyork,bias,50,7,0.572950462778892,15.890376686849358,gbdt
newyork,residual,50,7,0.5385580699344339,14.89855183412975,gbdt
newyork,bias,50,8,0.5796257577401644,16.186317554026797,gbdt
newyork,residual,50,8,0.5650177431441564,15.626654426308917,gbdt
newyork,bias,50,9,0.5714304259363037,15.887668710880758,gbdt
newyork,residual,50,9,0.5589143380686127,15.597625942187047,gbdt
newyork,bias,100,0,0.5741983506542779,15.817328102847684,gbdt
newyork,residual,100,0,0.5200402081031139,14.252546581879521,gbdt
newyork,bias,100,1,0.5737865785978379,15.887533116341107,gbdt
newyork,residual,100,1,0.5366176612691279,14.700176701142425,gbdt
newyork,bias,100,2,0.5826383814323058,16.33007211566959,gbdt
newyork,residual,100,2,0.5400654089516922,15.104707606953134,gbdt
newyork,bias,100,3,0.5706045951713027,15.822950772223919,gbdt
newyork,residual,100,3,0.5157030108136128,14.357021000554186,gbdt
newyork,bias,100,4,0.5692268578571514,15.834817562899435,gbdt
newyork,residual,100,4,0.5136707512012252,14.143217248657354,gbdt
newyork,bias,100,5,0.5723135626404088,15.919630820386642,gbdt
newyork,residual,100,5,0.5196653036498592,14.36280278694763,gbdt
newyork,bias,100,6,0.5649327191020561,15.636690570682005,gbdt
newyork,residual,100,6,0.5123831078405201,13.942876400425542,gbdt
newyork,bias,100,7,0.5700001713147929,15.751656670007247,gbdt
newyork,residual,100,7,0.5123295804754331,13.92225809598104,gbdt
newyork,bias,100,8,0.5717502024543881,15.911806361352676,gbdt
newyork,residual,100,8,0.525598522538344,14.628492519107782,gbdt
newyork,bias,100,9,0.5696704796586537,15.868621123805665,gbdt
newyork,residual,100,9,0.5131168126714337,14.1433180097257,gbdt
paris,bias,0,0,0.4060460754687759,8.983546006337749,gbdt
paris,residual,0,0,0.4060460754687759,8.983546006337749,gbdt
paris,bias,3,0,0.3114544660084494,7.735846090178044,gbdt
paris,residual,3,0,0.3095575348779663,7.820728020448882,gbdt
paris,bias,3,1,0.3166328227931928,8.808051739049608,gbdt
paris,residual,3,1,0.31600360081854284,8.811130175309634,gbdt
paris,bias,3,2,0.315025124713121,8.37669607793464,gbdt
paris,residual,3,2,0.3133814142172824,8.358348996574318,gbdt
paris,bias,3,3,0.38407567958779965,7.813716162017,gbdt
paris,residual,3,3,0.3836267077795658,7.831647812231336,gbdt
paris,bias,3,4,0.36822245637782886,8.444498463479004,gbdt
paris,residual,3,4,0.36552930025598146,8.624174482442465,gbdt
paris,bias,3,5,0.31667378387019557,7.446599894855788,gbdt
paris,residual,3,5,0.31649759465530786,7.43929564439522,gbdt
paris,bias,3,6,0.3454405538921106,7.529482898533067,gbdt
paris,residual,3,6,0.34517893771642316,7.537440158439481,gbdt
paris,bias,3,7,0.33332609644852096,7.536290570644695,gbdt
paris,residual,3,7,0.33405612536525087,7.506079355936382,gbdt
paris,bias,3,8,0.3785767124171792,7.9378183361743755,gbdt
paris,residual,3,8,0.385193464209121,7.976153745814498,gbdt
paris,bias,3,9,0.3938386250973256,7.870266817727757,gbdt
paris,residual,3,9,0.3943486024641214,7.910508905106636,gbdt
paris,bias,5,0,0.33091927816577915,7.4203868304879945,gbdt
paris,residual,5,0,0.3280162923261022,7.391957677090751,gbdt
paris,bias,5,1,0.3195198877934265,8.26821292077068,gbdt
paris,residual,5,1,0.31995016006526605,8.288420173555151,gbdt
paris,bias,5,2,0.3245349580956398,7.449208423761706,gbdt
paris,residual,5,2,0.32692433573765234,7.4182009241447355,gbdt
paris,bias,5,3,0.34494938335686365,7.5856749216419495,gbdt
paris,residual,5,3,0.3443351865795567,7.61768842443648,gbdt
paris,bias,5,4,0.3543943657627973,7.529554689268603,gbdt
paris,residual,5,4,0.35379913405837005,7.48433470012967,gbdt
paris,bias,5,5,0.35266340833006904,7.75868325698794,gbdt
paris,residual,5,5,0.3525602552269198,7.784730687076491,gbdt
paris,bias,5,6,0.31163929357076386,9.635644575529996,gbdt
paris,residual,5,6,0.3110609200662955,9.563073427753327,gbdt
paris,bias,5,7,0.3447972894768589,8.166366706981803,gbdt
paris,residual,5,7,0.34252576234407217,8.137360477169274,gbdt
paris,bias,5,8,0.3875081131862375,7.416565876174921,gbdt
paris,residual,5,8,0.39000615901718283,7.4316620763286245,gbdt
paris,bias,5,9,0.32330819534933325,8.080128210869145,gbdt
paris,residual,5,9,0.325898627862748,8.046490981658573,gbdt
paris,bias,10,0,0.31471421724421905,8.24182532963263,gbdt
paris,residual,10,0,0.314808651408238,8.2066057119141,gbdt
paris,bias,10,1,0.31162619497822586,7.699050482483429,gbdt
paris,residual,10,1,0.3071555345686983,7.608821394176557,gbdt
paris,bias,10,2,0.3571924103253321,8.523725958184063,gbdt
paris,residual,10,2,0.3515212181088687,8.487640940789246,gbdt
paris,bias,10,3,0.3381468696342708,7.443010988264844,gbdt
paris,residual,10,3,0.3389351382365418,7.413419934150489,gbdt
paris,bias,10,4,0.3185013080918157,8.066296391680666,gbdt
paris,residual,10,4,0.3178168084227176,8.030395293696095,gbdt
paris,bias,10,5,0.3774110288946596,7.815818690897305,gbdt
paris,residual,10,5,0.3807657397586597,7.824539124843498,gbdt
paris,bias,10,6,0.3286383165869496,7.423390350211581,gbdt
paris,residual,10,6,0.32723195491059415,7.303147681901094,gbdt
paris,bias,10,7,0.3430649602013097,7.442776924628224,gbdt
paris,residual,10,7,0.34241463577636305,7.400696445654628,gbdt
paris,bias,10,8,0.3190643121850781,7.450124911022377,gbdt
paris,residual,10,8,0.316670384820028,7.366140265376548,gbdt
paris,bias,10,9,0.31249091616496455,7.417070003932214,gbdt
paris,residual,10,9,0.3095849926981138,7.438911401874299,gbdt
paris,bias,25,0,0.31232800840331276,7.443224035463202,gbdt
paris,residual,25,0,0.3066242155789453,7.258726807984939,gbdt
paris,bias,25,1,0.3104515250183477,7.444436971200948,gbdt
paris,residual,25,1,0.3063860517259968,7.346356350186017,gbdt
paris,bias,25,2,0.3130087573613853,7.43007879738088,gbdt
paris,residual,25,2,0.31177434416779626,7.275439856031248,gbdt
paris,bias,25,3,0.3146939075565615,7.550722119553854,gbdt
paris,residual,25,3,0.310035690277635,7.439885640425345,gbdt
paris,bias,25,4,0.311774677998726,7.424863302845618,gbdt
paris,residual,25,4,0.30927628945745184,7.309467979535642,gbdt
paris,bias,25,5,0.3119475918786435,7.493269437639668,gbdt
paris,residual,25,5,0.3111561979471342,7.305056294603041,gbdt
paris,bias,25,6,0.3231207578505958,7.695178072358076,gbdt
paris,residual,25,6,0.3211265172091702,7.583201164699964,gbdt
paris,bias,25,7,0.3121731932361752,7.455982834174858,gbdt
paris,residual,25,7,0.30721983246153445,7.283218378798022,gbdt
paris,bias,25,8,0.3458365785612389,7.827812369675728,gbdt
paris,residual,25,8,0.3373560147662876,7.669013345597718,gbdt
paris,bias,25,9,0.31165800175451774,7.4105988505772915,gbdt
paris,residual,25,9,0.31092743107152004,7.283062809260382,gbdt
paris,bias,50,0,0.31080092370601525,7.491906271713093,gbdt
paris,residual,50,0,0.3050669766788898,7.387338491656047,gbdt
paris,bias,50,1,0.31920120193585916,7.512580193339403,gbdt
paris,residual,50,1,0.31214623933759433,7.273513035277811,gbdt
paris,bias,50,2,0.31388964038093303,7.435620191025424,gbdt
paris,residual,50,2,0.3089965905244115,7.309903504328125,gbdt
paris,bias,50,3,0.3149393576227305,7.449744037576595,gbdt
paris,residual,50,3,0.30992124985226605,7.317502916325704,gbdt
paris,bias,50,4,0.3116043719898179,7.494169384249943,gbdt
paris,residual,50,4,0.30676022563863453,7.261964032214911,gbdt
paris,bias,50,5,0.30917290835776823,7.603007204678292,gbdt
paris,residual,50,5,0.30089619841536697,7.306427789274316,gbdt
paris,bias,50,6,0.31213077689446833,7.394152174962895,gbdt
paris,residual,50,6,0.3057289663242244,7.278733183448204,gbdt
paris,bias,50,7,0.31237454304762013,7.409047192540692,gbdt
paris,residual,50,7,0.3063783359346232,7.161589540989988,gbdt
paris,bias,50,8,0.3100836319683851,7.388760915904069,gbdt
paris,residual,50,8,0.3013376202189131,7.156518465132165,gbdt
paris,bias,50,9,0.33443105153790714,8.085443316941756,gbdt
paris,residual,50,9,0.33131740940595555,7.84177774335095,gbdt
paris,bias,100,0,0.31519124432864826,7.550605349982275,gbdt
paris,residual,100,0,0.3073830114124777,7.295452981115216,gbdt
paris,bias,100,1,0.314833841458878,7.442619398875134,gbdt
paris,residual,100,1,0.30460913374289644,7.181381313787607,gbdt
paris,bias,100,2,0.31266775315315326,7.4446993073800565,gbdt
paris,residual,100,2,0.30321995133637475,7.155398040660862,gbdt
paris,bias,100,3,0.31036497337916696,7.51425087837403,gbdt
paris,residual,100,3,0.30128333250242323,7.205156905559534,gbdt
paris,bias,100,4,0.3134921350266269,7.491056737624987,gbdt
paris,residual,100,4,0.303965077413212,7.259757793722578,gbdt
paris,bias,100,5,0.31294016116800044,7.483449186630228,gbdt
paris,residual,100,5,0.3012847439494754,7.190225087216503,gbdt
paris,bias,100,6,0.31198892120800975,7.461107498420227,gbdt
paris,residual,100,6,0.30116319973368316,7.112080124766432,gbdt
paris,bias,100,7,0.31458724606175603,7.569181253723695,gbdt
paris,residual,100,7,0.3051492313412384,7.260230405293802,gbdt
paris,bias,100,8,0.31178151750575456,7.372420132066373,gbdt
paris,residual,100,8,0.3014585201079922,7.134628675350914,gbdt
paris,bias,100,9,0.31238845289640876,7.3808426185127525,gbdt
paris,residual,100,9,0.3033350384430856,7.124441262730401,gbdt
prague,bias,0,0,0.4127685109635515,12.10875954639525,gbdt
prague,residual,0,0,0.4127685109635515,12.10875954639525,gbdt
prague,bias,3,0,0.4562539851341133,13.076708976732874,gbdt
prague,residual,3,0,0.45750969616998377,13.105842117923146,gbdt
prague,bias,3,1,0.32001005813423966,9.0402031883108,gbdt
prague,residual,3,1,0.31997195951987584,9.03498095951872,gbdt
prague,bias,3,2,0.5288395024637755,10.00122370526151,gbdt
prague,residual,3,2,0.5077694091731361,9.618627494780926,gbdt
prague,bias,3,3,0.33841124654661964,10.409823291981397,gbdt
prague,residual,3,3,0.3357863189562227,10.345565460064684,gbdt
prague,bias,3,4,0.305887351401967,7.9241562140149995,gbdt
prague,residual,3,4,0.30567424907426405,7.884509705473713,gbdt
prague,bias,3,5,0.32644393372328145,7.714058438419825,gbdt
prague,residual,3,5,0.32842336359257823,7.682475782192992,gbdt
prague,bias,3,6,0.34046744735096507,10.41790063775794,gbdt
prague,residual,3,6,0.3523618618305897,11.21318672599192,gbdt
prague,bias,3,7,0.30007207668737934,7.698405097589298,gbdt
prague,residual,3,7,0.2996761844861457,7.560994263804441,gbdt
prague,bias,3,8,0.3019345824162856,8.609988865118561,gbdt
prague,residual,3,8,0.29917923978124844,8.808434877290907,gbdt
prague,bias,3,9,0.35255025302256077,7.713652339994675,gbdt
prague,residual,3,9,0.34243274210808927,7.559446536253019,gbdt
prague,bias,5,0,0.30757508213642404,9.026784747582676,gbdt
prague,residual,5,0,0.30411832175140435,8.763683263772633,gbdt
prague,bias,5,1,0.32506082740875053,9.174785315506906,gbdt
prague,residual,5,1,0.32304209377712784,9.069507050471083,gbdt
prague,bias,5,2,0.30041037932594367,7.927734384247705,gbdt
prague,residual,5,2,0.29845054399125626,7.893271319609461,gbdt
prague,bias,5,3,0.3847454287531231,9.370576747836528,gbdt
prague,residual,5,3,0.37807147437818,9.309097606519183,gbdt
prague,bias,5,4,0.30015813854232154,7.9278399706159925,gbdt
prague,residual,5,4,0.2982967019916141,7.95165882413301,gbdt
prague,bias,5,5,0.3350595460171418,7.704730672508594,gbdt
prague,residual,5,5,0.331151181242329,7.613437165765665,gbdt
prague,bias,5,6,0.2999734487773098,7.942528218726118,gbdt
prague,residual,5,6,0.3016153819755933,7.89066296967223,gbdt
prague,bias,5,7,0.34407816630008164,7.760317831691836,gbdt
prague,residual,5,7,0.34371617255101194,7.747908882030678,gbdt
prague,bias,5,8,0.3864045057861185,10.380739652568932,gbdt
prague,residual,5,8,0.37820045250100903,9.994525949228969,gbdt
prague,bias,5,9,0.3118792322460044,7.767332644581531,gbdt
prague,residual,5,9,0.3116631054184292,7.739391670401764,gbdt
prague,bias,10,0,0.3019710813330261,7.855699574971254,gbdt
prague,residual,10,0,0.3017310199638062,7.861021919123521,gbdt
prague,bias,10,1,0.30399217610928264,7.71562099184183,gbdt
prague,residual,10,1,0.3030962502296417,7.6389115447467075,gbdt
prague,bias,10,2,0.2992844983640125,7.961494891806428,gbdt
prague,residual,10,2,0.29736155999583197,7.6140909877598455,gbdt
prague,bias,10,3,0.30999631760646085,8.471265810919753,gbdt
prague,residual,10,3,0.3051290155343354,8.285485679093503,gbdt
prague,bias,10,4,0.3077904435674499,8.713907174894919,gbdt
prague,residual,10,4,0.3109032376719859,8.786286696917099,gbdt
prague,bias,10,5,0.299276766893045,7.711318403003448,gbdt
prague,residual,10,5,0.2935949505428898,7.430278077195959,gbdt
prague,bias,10,6,0.3175254671495624,8.081262318393735,gbdt
prague,residual,10,6,0.3180925902665308,8.09212709178259,gbdt
prague,bias,10,7,0.31835707841108757,8.263251139568526,gbdt
prague,residual,10,7,0.31567959306026816,8.189431077992811,gbdt
prague,bias,10,8,0.30177314480156164,8.099110879214239,gbdt
prague,residual,10,8,0.29859379251855833,7.910179017938355,gbdt
prague,bias,10,9,0.30265921873916896,7.703157954664636,gbdt
prague,residual,10,9,0.3008951343445226,7.52453367304651,gbdt
prague,bias,25,0,0.3106183608910747,7.721753463852505,gbdt
prague,residual,25,0,0.301126777448205,7.48542846655567,gbdt
prague,bias,25,1,0.3064249200112271,7.785429670273474,gbdt
prague,residual,25,1,0.3022657872367047,7.5283703756491684,gbdt
prague,bias,25,2,0.30049589738397714,7.740743306235175,gbdt
prague,residual,25,2,0.29379756422541314,7.392214109058103,gbdt
prague,bias,25,3,0.2992559257224686,7.679135886041836,gbdt
prague,residual,25,3,0.2935974269646658,7.297408006720374,gbdt
prague,bias,25,4,0.30338407864946804,7.676619888689539,gbdt
prague,residual,25,4,0.29580446790533166,7.2092967777484676,gbdt
prague,bias,25,5,0.29893915695894135,7.894403828375606,gbdt
prague,residual,25,5,0.29348945535774573,7.686689917762833,gbdt
prague,bias,25,6,0.31466961365932483,7.870510460337364,gbdt
prague,residual,25,6,0.30605040520131854,7.516907272856752,gbdt
prague,bias,25,7,0.2989196329587887,7.673135911703308,gbdt
prague,residual,25,7,0.2903975401802964,7.261747343098947,gbdt
prague,bias,25,8,0.29817820103022685,7.7583849701527425,gbdt
prague,residual,25,8,0.29000569096107043,7.433301110912158,gbdt
prague,bias,25,9,0.30062461394065293,7.743515169271657,gbdt
prague,residual,25,9,0.29412824933819903,7.415329582437243,gbdt
prague,bias,50,0,0.3012938270293252,7.72795120427682,gbdt
prague,residual,50,0,0.29374444020742263,7.309999455088509,gbdt
prague,bias,50,1,0.3000715240089506,7.758579612259665,gbdt
prague,residual,50,1,0.29390255925325853,7.292298881688972,gbdt
prague,bias,50,2,0.3009459454420048,7.644209464835949,gbdt
prague,residual,50,2,0.29449527589327446,7.225519748631062,gbdt
prague,bias,50,3,0.30118870043455,7.661554539971033,gbdt
prague,residual,50,3,0.29243553183183535,7.186589801641428,gbdt
prague,bias,50,4,0.302467731329412,7.683078038867262,gbdt
prague,residual,50,4,0.2969337275193617,7.2272941914458855,gbdt
prague,bias,50,5,0.2976401010677901,7.7006773448782955,gbdt
prague,residual,50,5,0.2890596743647117,7.209682624934087,gbdt
prague,bias,50,6,0.3019107344525376,7.730558211622862,gbdt
prague,residual,50,6,0.2936384784396792,7.373057510182297,gbdt
prague,bias,50,7,0.3007502601894805,7.731716500375083,gbdt
prague,residual,50,7,0.2949718169614693,7.397870405419839,gbdt
prague,bias,50,8,0.3048058922932748,7.721471749035084,gbdt
prague,residual,50,8,0.2964300420149848,7.265426771127781,gbdt
prague,bias,50,9,0.30255833914434604,7.666267864009066,gbdt
prague,residual,50,9,0.2961413821354408,7.2567951574075105,gbdt
prague,bias,100,0,0.2995043628361334,7.771112738407394,gbdt
prague,residual,100,0,0.28871611964217114,7.19114045361499,gbdt
prague,bias,100,1,0.3020461839919243,7.783591258493051,gbdt
prague,residual,100,1,0.29205036843047805,7.311275261003325,gbdt
prague,bias,100,2,0.29747027877061566,7.689145362502432,gbdt
prague,residual,100,2,0.2876485996826498,7.104265996015182,gbdt
prague,bias,100,3,0.3058282375269091,7.716754335654548,gbdt
prague,residual,100,3,0.300911571036882,7.246776691597918,gbdt
prague,bias,100,4,0.30011254492441836,7.7257776106123455,gbdt
prague,residual,100,4,0.289761892855869,7.226807525865587,gbdt
prague,bias,100,5,0.2990506464229782,7.751119297902065,gbdt
prague,residual,100,5,0.2892646732324756,7.253863014484478,gbdt
prague,bias,100,6,0.2998861569887856,7.716998345879304,gbdt
prague,residual,100,6,0.289365621276037,7.152737025625349,gbdt
prague,bias,100,7,0.2998962538240024,7.721691054639993,gbdt
prague,residual,100,7,0.28963876547207473,7.281290350565965,gbdt
prague,bias,100,8,0.29716503532687205,7.643073344495261,gbdt
prague,residual,100,8,0.2853950471551088,7.149236788731737,gbdt
prague,bias,100,9,0.2987636161090456,7.764593253433298,gbdt
prague,residual,100,9,0.2888558993543009,7.3251782151265035,gbdt
vienna,bias,0,0,0.34384163856541633,9.235340859802104,gbdt
vienna,residual,0,0,0.34384163856541633,9.235340859802104,gbdt
vienna,bias,3,0,0.357688462871288,11.09711828517596,gbdt
vienna,residual,3,0,0.3581162807308229,11.120368678973687,gbdt
vienna,bias,3,1,0.3409643432094191,9.27868807866305,gbdt
vienna,residual,3,1,0.340640072398952,9.329575242117935,gbdt
vienna,bias,3,2,0.41959540743413126,11.000527175567575,gbdt
vienna,residual,3,2,0.4185132195717997,10.854982843801512,gbdt
vienna,bias,3,3,0.4199027672951855,9.221483697635131,gbdt
vienna,residual,3,3,0.41045084651646147,9.224916027671052,gbdt
vienna,bias,3,4,0.3584338819119675,9.541075377750014,gbdt
vienna,residual,3,4,0.3586783341562742,9.533354376535025,gbdt
vienna,bias,3,5,0.34734174137784257,11.181949609834843,gbdt
vienna,residual,3,5,0.3492073439299792,11.117245083364702,gbdt
vienna,bias,3,6,0.5912619029008448,13.880251994720377,gbdt
vienna,residual,3,6,0.600007144402339,14.013926214596076,gbdt
vienna,bias,3,7,0.36031634504613236,9.725026204655407,gbdt
vienna,residual,3,7,0.3605735506137973,9.738111446956784,gbdt
vienna,bias,3,8,0.37104874664497867,9.428081297957368,gbdt
vienna,residual,3,8,0.37104874340189326,9.428081303543326,gbdt
vienna,bias,3,9,0.41017529952329035,9.631398819429547,gbdt
vienna,residual,3,9,0.40738802528161705,9.590514345331371,gbdt
vienna,bias,5,0,0.3426824270297422,9.263454814786217,gbdt
vienna,residual,5,0,0.3423842447017374,9.319866020535224,gbdt
vienna,bias,5,1,0.3496450241891696,10.983437403188116,gbdt
vienna,residual,5,1,0.3485020395581552,10.839362393205771,gbdt
vienna,bias,5,2,0.36843921842321253,10.882537908406762,gbdt
vienna,residual,5,2,0.37370225190436485,10.967911748437592,gbdt
vienna,bias,5,3,0.359094091372341,9.19208961931064,gbdt
vienna,residual,5,3,0.3528587264566574,9.280086647774633,gbdt
vienna,bias,5,4,0.34454082436653144,10.474958716031916,gbdt
vienna,residual,5,4,0.34316765790214065,10.527405268503964,gbdt
vienna,bias,5,5,0.3507376190825179,10.603960416052365,gbdt
vienna,residual,5,5,0.35046231853407056,10.626703900375496,gbdt
vienna,bias,5,6,0.34124379177883335,9.406642873960305,gbdt
vienna,residual,5,6,0.3388544629515549,9.404337738629524,gbdt
vienna,bias,5,7,0.36409819534816956,9.692831768260548,gbdt
vienna,residual,5,7,0.3698602392624488,9.565859604070141,gbdt
vienna,bias,5,8,0.354822160787743,10.039920787929818,gbdt
vienna,residual,5,8,0.35299475760642307,10.027484846356723,gbdt
vienna,bias,5,9,0.34268817105538396,9.13402343578707,gbdt
vienna,residual,5,9,0.34098282323887735,9.102320724217746,gbdt
vienna,bias,10,0,0.3414460170271207,9.20836976883242,gbdt
vienna,residual,10,0,0.3397680329518839,9.257992189585126,gbdt
vienna,bias,10,1,0.34623628614264157,9.16509653619318,gbdt
vienna,residual,10,1,0.34304885935594687,9.160698860859997,gbdt
vienna,bias,10,2,0.3432286796466017,9.151757599231548,gbdt
vienna,residual,10,2,0.3410209303079218,9.115485362140111,gbdt
vienna,bias,10,3,0.36310188444865216,9.442600246506938,gbdt
vienna,residual,10,3,0.3629717067584738,9.395304678851499,gbdt
vienna,bias,10,4,0.3524623366188824,9.341266146878757,gbdt
vienna,residual,10,4,0.35353231812474095,9.343540942581825,gbdt
vienna,bias,10,5,0.34191201762332984,9.848963010392657,gbdt
vienna,residual,10,5,0.33930120001272374,9.885165875007106,gbdt
vienna,bias,10,6,0.368563015936399,10.326039720599777,gbdt
vienna,residual,10,6,0.37437336141463534,10.211276596487895,gbdt
vienna,bias,10,7,0.35106927242945835,9.599794836020159,gbdt
vienna,residual,10,7,0.34979768968020586,9.618934295204497,gbdt
vienna,bias,10,8,0.3424436199885282,9.133731031164926,gbdt
vienna,residual,10,8,0.3439809221212392,9.149055254897638,gbdt
vienna,bias,10,9,0.3478607920921308,9.16705398195323,gbdt
vienna,residual,10,9,0.3464774843435986,9.123855376523082,gbdt
vienna,bias,25,0,0.3467777460434495,9.194126681330824,gbdt
vienna,residual,25,0,0.3404197962334087,9.15371070175172,gbdt
vienna,bias,25,1,0.34275696429959934,9.163703305850929,gbdt
vienna,residual,25,1,0.3401469505400526,9.135791454304988,gbdt
vienna,bias,25,2,0.35063391434846847,9.474160025423135,gbdt
vienna,residual,25,2,0.3480796473375813,9.353496694414744,gbdt
vienna,bias,25,3,0.345630433482876,9.215692064113467,gbdt
vienna,residual,25,3,0.34271538351807285,9.149008284019132,gbdt
vienna,bias,25,4,0.34212511271593504,9.217312946901558,gbdt
vienna,residual,25,4,0.337321161320794,9.229554519398473,gbdt
vienna,bias,25,5,0.34930889788343156,9.551524404285987,gbdt
vienna,residual,25,5,0.34879652356685326,9.51038702759539,gbdt
vienna,bias,25,6,0.38063873541231524,9.239653143983464,gbdt
vienna,residual,25,6,0.3770181773404958,9.169556532868274,gbdt
vienna,bias,25,7,0.34982291103835395,9.227003478903676,gbdt
vienna,residual,25,7,0.3447219726713596,9.254741535960212,gbdt
vienna,bias,25,8,0.341437973464908,9.104152915969971,gbdt
vienna,residual,25,8,0.3374615926986736,9.132088967311672,gbdt
vienna,bias,25,9,0.34451320644686234,9.144698671837372,gbdt
vienna,residual,25,9,0.3431529760298811,9.10793148175455,gbdt
vienna,bias,50,0,0.3395611973522055,9.09065441746552,gbdt
vienna,residual,50,0,0.3301888228449621,9.006785697912166,gbdt
vienna,bias,50,1,0.3383567177818869,9.134238990257511,gbdt
vienna,residual,50,1,0.3268317458058373,9.009394508898671,gbdt
vienna,bias,50,2,0.34255547979151296,9.196231500689626,gbdt
vienna,residual,50,2,0.3415455524468891,9.080155088034765,gbdt
vienna,bias,50,3,0.3490330398876896,9.123184856927967,gbdt
vienna,residual,50,3,0.33812539044651996,8.927468982828445,gbdt
vienna,bias,50,4,0.34884814910537254,9.202407235380443,gbdt
vienna,residual,50,4,0.3378007244496718,9.016294807405773,gbdt
vienna,bias,50,5,0.3482506725779239,9.143099061968913,gbdt
vienna,residual,50,5,0.3442063526963265,9.059760834744681,gbdt
vienna,bias,50,6,0.3389400744072307,9.100805681912947,gbdt
vienna,residual,50,6,0.3308476622269524,9.089371397046481,gbdt
vienna,bias,50,7,0.3500740485949868,9.205818171795553,gbdt
vienna,residual,50,7,0.3462127028807051,9.133684851893532,gbdt
vienna,bias,50,8,0.3443158491354298,9.193159706150482,gbdt
vienna,residual,50,8,0.3371277628382758,9.166231154891777,gbdt
vienna,bias,50,9,0.34402896085076756,9.303162849990015,gbdt
vienna,residual,50,9,0.3420817111328687,9.320203781015495,gbdt
vienna,bias,100,0,0.34433671175904074,9.293665339502626,gbdt
vienna,residual,100,0,0.33346677350932685,9.21329455505352,gbdt
vienna,bias,100,1,0.3371458114207727,9.076876981592633,gbdt
vienna,residual,100,1,0.32662055829528014,8.914121239012916,gbdt
vienna,bias,100,2,0.34245579185440067,9.198860223829806,gbdt
vienna,residual,100,2,0.33226838488336574,9.003729478331184,gbdt
vienna,bias,100,3,0.34350648206830875,9.1925630294806,gbdt
vienna,residual,100,3,0.3374752688761112,9.160438424680112,gbdt
vienna,bias,100,4,0.3464618623686686,9.221514555539528,gbdt
vienna,residual,100,4,0.33682841079703457,9.115606878986233,gbdt
vienna,bias,100,5,0.34434460541681744,9.283077620253424,gbdt
vienna,residual,100,5,0.3409301289939187,9.14821811323031,gbdt
vienna,bias,100,6,0.3467679029608401,9.098338301468452,gbdt
vienna,residual,100,6,0.3434262665552828,8.94611965312411,gbdt
vienna,bias,100,7,0.3486211687111275,9.285970100382515,gbdt
vienna,residual,100,7,0.3546568751405731,9.37988261900944,gbdt
vienna,bias,100,8,0.33837216301253625,9.121141816908453,gbdt
vienna,residual,100,8,0.329373821314002,9.017456206655389,gbdt
vienna,bias,100,9,0.3411568687087881,9.398194503361953,gbdt
vienna,residual,100,9,0.33295594150498603,9.335805158590905,gbdt
