city,n_tiles,n_split_pairs,gamma_se_analytic,gamma_se_cluster,gamma_se_half,gamma_se_split_full,pl0_se_analytic,pl0_se_cluster,pl0_se_half,pl0_se_split_full,median_n_bs
amsterdam,948,915,0.13980166667188665,0.44012492451271706,0.8486434569848921,0.6000815432436113,1.4204052437449592,5.057611588385477,9.753672701590485,6.896888108768745,18.0
barcelona,942,869,0.17759187470344387,0.46970140422717954,0.8376291867557722,0.5922932780747796,1.732970776954777,5.309363836000277,9.765554396783187,6.905289736011496,18.0
berlin,957,947,0.13069509381112177,0.44531781042697915,0.8251242892637473,0.583450980260126,1.4967971302280154,5.3357817659327145,9.88801687457209,6.9918837844969355,19.0
chicago,961,959,0.11658863681463046,0.5454805671021414,1.423084038025014,1.006272373485822,1.3304231627716527,6.731217812706172,17.513827599972604,12.384146260472743,19.0
hamburg,961,956,0.09764960757489471,0.40224481081893504,0.8889252846826291,0.6285650967672692,1.0882656905087935,4.77387572390206,10.541750264971668,7.454143097936551,20.0
london,940,921,0.105222366869116,0.3526942629485634,0.760032019019363,0.5374237945674946,1.1832471937512608,4.3920775585580625,9.366634871848472,6.623211034782442,19.0
munich,950,938,0.13065841015124438,0.39698131771377076,0.7902539420618094,0.5587939212913065,1.4097424550455588,4.7589961052864655,9.551280560208468,6.753775253138654,18.0
newyork,960,951,0.14246182030909507,0.54104640759115,1.2585292388030018,0.8899145590791464,1.5419685590739678,6.646089107684629,14.707149198299772,10.399524930040064,17.0
paris,910,786,0.18745337209242252,0.4879797834422496,0.9201432901465513,0.6506395601259273,1.9095276830918406,5.574112591575504,10.68507236100053,7.555487123932428,17.0
prague,960,949,0.11459244491567291,0.41571705852845353,0.9436794413594544,0.667282132251603,1.254594968537763,4.838157384848587,10.532338298234075,7.4474878324320954,19.0
vienna,939,858,0.17943618870483272,0.4806693037077284,0.9529037701758893,0.6738047177095987,1.7983005811321218,5.422501946899713,10.877670014203195,7.691674230552648,16.0
