feature,gain_share
ke_loss_db,0.2287578119775166
max_excess,0.1973514342026926
n_cross,0.1742355368935872
log_d3,0.1172040930235586
blocked_frac,0.08508584165764078
built_len,0.05878449311349081
d2,0.024260033861530205
dens_50,0.018072983875280314
rx_bld_h,0.017627988271683197
tx_h,0.015607277640906561
rx_indoor,0.01412208130821257
elev_deg,0.01271206251131147
tx_dens_100,0.006949723117396453
hmean_50,0.003847356230772592
d_building_density,0.0026577554842790114
d_height_mean,0.002559831283010068
d_plane10_dist_mean,0.002067652333268574
d_plane5_dist_mean,0.0017689937998623486
d_plane5_n,0.0014722567469690221
d_height_std,0.0013926166765548854
d_base_area_std,0.0013377186178110412
d_plane5_dist_std,0.001293355948482471
d_base_area_mean,0.0011800477042522976
d_base_area_ratio_h2,0.0011724112348924067
d_plane10_n,0.0010475722603158937
d_plane10_dist_std,0.0010444779716234278
d_volume_mean,0.0010314687280262643
d_volume_std,0.001022348400241771
d_n_buildings_h2,0.0008970017965523683
d_base_area_ratio_h1,0.0007475240251851037
d_base_area_ratio_h0,0.0007185577058789844
d_base_area_ratio_h3,0.0004293827838926866
d_plane30_dist_mean,0.0003452241751037784
d_plane30_dist_std,0.0002309055879974603
d_n_buildings_h1,0.0001884594072802325
d_n_buildings_h0,0.00017651409868058696
d_plane30_n,0.00013394137311785104
d_base_area_ratio_h4,0.00012721056734457418
d_n_buildings_h3,0.00011226384560125915
d_plane60_dist_mean,6.969190221417367e-05
d_plane60_dist_std,4.7745479595174065e-05
d_plane100_dist_mean,3.540947574334766e-05
d_n_buildings_h4,2.6094090393932002e-05
d_plane100_n,2.199060422596222e-05
d_plane100_dist_std,1.9171534572864527e-05
d_plane60_n,5.6866714502487665e-06
