fold,operator,seed,gamma_nmse,gamma_rmse,gamma_mae,gamma_pearson,gamma_spearman,pl0_nmse,pl0_rmse,pl0_mae,pl0_pearson,pl0_spearman
amsterdam,median,0,0.09897858338091589,0.9489725271387722,0.7305998721079072,,,0.019989315253662068,14.102127523965896,10.651998525190526,,
amsterdam,uma_los,0,0.14436608555768993,1.1460817931407332,0.9180764744592937,,,0.044700199772126574,21.088243663919258,18.39016314453841,,
amsterdam,uma_nlos,0,0.21371183443505365,1.3944318984496116,1.1808087807884364,,,0.02076077964123187,14.37167899801929,10.764806973170902,,
amsterdam,cost231,0,0.1176566393738255,1.0346447123928577,0.8209872767704685,,,0.03578606370262075,18.86872888202996,14.651747601524939,,
amsterdam,kernel,0,0.0780477998747865,0.842681297715898,0.6484454541358424,0.4927915182770436,0.5676316421272214,0.010263876424751918,10.10511793019742,7.716030769413724,0.7026910124895874,0.693327202539326
amsterdam,knn,0,0.06366979169257056,0.7611140471399472,0.5991755642946388,0.6152226186569871,0.5878235573420586,0.008199909217064573,9.0321304428714,7.0255943928131295,0.7685203301720296,0.7247628497864379
amsterdam,ridge,0,0.06791778303089915,0.7860945285941018,0.6052743737134548,0.5927840693394573,0.6084354042542709,0.008952169645320349,9.437344977124484,7.17746357621992,0.7437549349144696,0.7256159792691713
amsterdam,coral,0,0.07383698652816759,0.819634074097843,0.6446264676685942,0.5870472191617627,0.5961271967742902,0.011006438958548175,10.464273778190627,8.365370715911816,0.7204713285481463,0.6960664653823596
amsterdam,gp_ard,0,0.06747936568788045,0.7835532541997714,0.6031362298809183,0.5946950884062024,0.6102883099455833,0.008618495254240188,9.25979564618009,7.107947188750682,0.7553166310362016,0.730143860965563
amsterdam,mlp,0,0.06689788839163889,0.7801699665549081,0.5964746030152928,0.6049805643676841,0.6221515531942956,0.008430809097640029,9.158414739846902,7.00024049103378,0.7625548249971801,0.7327079922039015
amsterdam,gbdt,0,0.0692166076871103,0.7935753662262887,0.6081104528069525,0.5708011361038792,0.5756973650413804,0.008900744191875493,9.410199673300436,7.203753896088034,0.7575687203306521,0.7200390327810106
amsterdam,gbdt_iw,0,0.0707382000739292,0.8022505534777666,0.6135021704650159,0.5508751468755254,0.5579173202701893,0.0092125759228781,9.573620742123685,7.347796635264774,0.7439739793300513,0.6990510262109877
amsterdam,mlp,1,0.06808069965097278,0.7870367792814007,0.5991165455265524,0.5738407829122255,0.5898282065675774,0.008911321226178598,9.41578923137005,7.232479211961783,0.7538304619958005,0.7162398597130696
amsterdam,gbdt,1,0.0689065166771149,0.7917957585211918,0.6067366554532522,0.5721991438456561,0.5790533771024671,0.008803737123561526,9.358779434781425,7.167812692231417,0.7596114310102156,0.7215767068848435
amsterdam,gbdt_iw,1,0.06996395418668006,0.7978480652583939,0.6132514183223668,0.5647377659945838,0.5697279719375323,0.009154658678318706,9.543479772018127,7.336462629572277,0.7420585709445638,0.6943302792413799
amsterdam,mlp,2,0.06660871129467885,0.7784819340475027,0.593233393242141,0.5939896863309378,0.6101517559637994,0.009108094425332613,9.519177854068925,7.251370058865245,0.7522337572180677,0.7188007509040238
amsterdam,gbdt,2,0.0688513464535715,0.7914787181420604,0.6063958673219235,0.5734918810589497,0.57971387966308,0.00886854183438252,9.393161480145082,7.198373560177308,0.7609729534189892,0.7239522445284053
amsterdam,gbdt_iw,2,0.07081992319774817,0.8027138356667235,0.6161482288439742,0.5431224924503106,0.5535980111476854,0.009257284050546693,9.596822755892987,7.4021915058829375,0.737067152127298,0.6846096533904903
amsterdam,mlp,3,0.06673370856683415,0.7792120375670034,0.5969617551177436,0.5794336698977534,0.5979476526149881,0.00872096721656006,9.314681422964359,7.137339400561769,0.7513600512865226,0.7174738951515592
amsterdam,gbdt,3,0.06918463550872203,0.793392062936351,0.6078372181240177,0.5680128261067077,0.575711140077318,0.008795849459817876,9.354586019756303,7.174202923287587,0.7565788448057619,0.7184137072090309
amsterdam,gbdt_iw,3,0.07036512643560844,0.8001322199458343,0.6121449993668594,0.5503650789805831,0.5612196126838008,0.00918940499346593,9.561573658266333,7.346538107770148,0.73946540733557,0.6922390285626834
amsterdam,mlp,4,0.06676137114867324,0.7793735210506014,0.602527943470146,0.6122520486435372,0.6174364390205869,0.008657462414468261,9.280705386966542,7.079232308198711,0.7582258728361563,0.7363887564681226
amsterdam,gbdt,4,0.06903166117094756,0.7925144418545219,0.6078193159391301,0.5748376006216167,0.5826744218188377,0.008782785298538731,9.347636421924836,7.148056873320812,0.75595147288837,0.7160727269641171
amsterdam,gbdt_iw,4,0.07114054711291819,0.8045288518438919,0.6167990877380668,0.5428075166144691,0.5516084555262296,0.009265678287237507,9.60117283025676,7.393361657758721,0.7462393780133555,0.7015122912994426
barcelona,median,0,0.14296752133293483,1.001925535252752,0.7895954813128034,,,0.021314925024574626,15.284175798482554,12.332835645758253,,
barcelona,uma_los,0,0.1417650127047163,0.9977030088249141,0.7711861903005484,,,0.059605523512368724,25.55897145706633,22.602717636017513,,
barcelona,uma_nlos,0,0.4260868925486277,1.729680298057466,1.5004073824503639,,,0.02047272201055531,14.979175679484309,11.841326359158819,,
barcelona,cost231,0,0.24756510174799454,1.3184433174651593,1.0915504810443692,,,0.02700825881951145,17.204751849855995,12.938696153154405,,
barcelona,kernel,0,0.11533507683678267,0.8999066394400622,0.6997449703096634,0.5895637687056854,0.5381042402791861,0.013408743120970838,12.122554772498487,9.702141796163858,0.7673024217989164,0.7061047148436241
barcelona,knn,0,0.09366067568028463,0.8109524582619443,0.625740016503572,0.5882498575997531,0.5469246242227113,0.008629904246996238,9.725302263686805,7.595172474495261,0.7808865475605242,0.7103325324562285
barcelona,ridge,0,0.090114218355493,0.795450961965246,0.6130100474726569,0.5939240092707322,0.5618628862713408,0.008139456233119173,9.444909822500875,7.298434586892544,0.788059451738313,0.7312258669193323
barcelona,coral,0,0.09512441851763093,0.8172647338221023,0.6294923947505913,0.5947115150046627,0.5590183497296757,0.008599529353051548,9.708171979793327,7.519540753941222,0.7880907181562521,0.7283199529961372
barcelona,gp_ard,0,0.08595503785248605,0.7768772777844907,0.6073405881325211,0.5899506045780802,0.5686240463332918,0.007720704474605472,9.198745093000445,7.1913516236225385,0.7942537614044745,0.7408526974423899
barcelona,mlp,0,0.0860763622772136,0.7774253605669253,0.6001419103675283,0.5975542467550503,0.573630143500978,0.007776222444974464,9.231758975921727,7.176734477296029,0.7899758829813579,0.7386361627827133
barcelona,gbdt,0,0.1119678793707367,0.8866729873960496,0.6873666467630422,0.5830318755218478,0.555823599581599,0.009821646358589816,10.37509939441426,8.082405280078477,0.7908293930806362,0.7320381209579724
barcelona,gbdt_iw,0,0.10909795364338346,0.8752357601950569,0.6778885000099901,0.5840875519675945,0.5566994850439055,0.008963957036415612,9.911742315845935,7.735963719070423,0.7950816699928668,0.7407184039540877
barcelona,mlp,1,0.08594995465752041,0.7768543060241853,0.6013036952668939,0.5983321977546406,0.5731635749003748,0.00794437131599302,9.331036472198436,7.318419517490742,0.7906862241051142,0.7381610228846193
barcelona,gbdt,1,0.11162298302594498,0.8853063180641889,0.6854489859877015,0.570430138161525,0.540186797005911,0.009536251511018395,10.223249689064254,7.975161296870658,0.7936354586506973,0.73781562942084
barcelona,gbdt_iw,1,0.11416359772338804,0.8953247181222748,0.6943148585643903,0.5691498709036302,0.5433024360981268,0.00995520194377957,10.445401949765365,8.120303101448025,0.7948394983516579,0.7390742412468372
barcelona,mlp,2,0.08496885995194166,0.7724077933120393,0.5993911921871143,0.6011633200022394,0.5767309431731525,0.007696765186371447,9.184472925461002,7.2029610585636785,0.7949163642518897,0.7388058802159448
barcelona,gbdt,2,0.1080397338664566,0.8709806450917549,0.6733021562351647,0.5710344663691159,0.5396579452009925,0.010119729859942807,10.53136292345368,8.209874641796256,0.7883996461655904,0.7276338580417641
barcelona,gbdt_iw,2,0.11766462350011041,0.9089493975406191,0.7036538383402232,0.5820769643507949,0.5621060591606524,0.010024614856158555,10.481754115755079,8.148848776991553,0.7931239507674283,0.7374681075447117
barcelona,mlp,3,0.0863299075910145,0.778569505208899,0.6011841908205374,0.6007774041734584,0.5735470579087174,0.007684812260687577,9.177338501137715,7.097807369876995,0.7937062836368599,0.7389177234445106
barcelona,gbdt,3,0.10757467100043126,0.869104031818422,0.6715890453471861,0.5751379700787107,0.5427172328352744,0.009945959038432643,10.44055180800112,8.154483216326858,0.7879978705473091,0.7198257149686864
barcelona,gbdt_iw,3,0.11528756076150197,0.8997212472861502,0.6972937102642693,0.5704757818465988,0.5359907793784205,0.01049103893830774,10.722828725197177,8.323711034695982,0.7947978708497692,0.7344263125332787
barcelona,mlp,4,0.08608727539545522,0.7774746416108906,0.6011802676748217,0.5977861526405546,0.5709366455683643,0.007804024484355101,9.248247234154674,7.196941738335491,0.7901860720989524,0.7368558310717248
barcelona,gbdt,4,0.11457288398693861,0.8969281901128737,0.6951334469629746,0.573203660038225,0.543365789480728,0.009818808551459503,10.37360042687826,8.097201050567302,0.7905684261748068,0.7290161076156155
barcelona,gbdt_iw,4,0.11401139734574357,0.8947277055418479,0.6934232358923491,0.5769801650497962,0.5534756777235654,0.00939526848963254,10.147398533095659,7.911887208334927,0.7940123195960412,0.7374943801519179
berlin,median,0,0.0783353407811402,0.8344338925305478,0.6434689448281313,,,0.01453795635504903,11.813651196853643,9.28995465842833,,
berlin,uma_los,0,0.1244410051258451,1.0517071399147286,0.8458456016697219,,,0.0344067274128082,18.174151625305694,15.594747134277043,,
berlin,uma_nlos,0,0.19564794472918115,1.318714289385713,1.1259477010157843,,,0.015404243239464047,12.160534031935127,9.612237633291306,,
berlin,cost231,0,0.10076514452128539,0.9463858389816591,0.7655028236920478,,,0.034736794741398,18.261116823645963,15.4772305083624,,
berlin,kernel,0,0.06903386229329535,0.7833289062668204,0.6168208764338385,0.31350297325317966,0.31753492235918157,0.01048578545011653,10.033049323861018,7.687393929935831,0.4884249907856677,0.5294511249642764
berlin,knn,0,0.06760585393363092,0.7751847467213513,0.6071617774951585,0.3304473230630553,0.3253764872011296,0.010237311619351762,9.91346380402939,7.61112901427708,0.49751035955638684,0.5313430661968899
berlin,ridge,0,0.06521787437278471,0.7613710985496271,0.5960476240024798,0.36244327694965084,0.34600618373289016,0.009500066056841427,9.549832980551233,7.258064121117562,0.5216117409264368,0.5422895176539436
berlin,coral,0,0.08652011872776978,0.876943514366873,0.6920977720001784,0.2849342612783857,0.29184315862685306,0.01896834289251836,13.49420052543629,11.072700495509553,0.4483587966085811,0.49552295112309425
berlin,gp_ard,0,0.0635028379980105,0.7512935053035176,0.5852554511529949,0.3919399504804176,0.38665685872135247,0.009251835952577505,9.42424190880267,7.151374838988855,0.5470667734557488,0.5741798276974205
berlin,mlp,0,0.06410279363929866,0.7548341593131185,0.58947967781799,0.3850746755851492,0.38134753916546543,0.009391941555444844,9.495332001262888,7.204847986257617,0.5418827067595019,0.5690605853578187
berlin,gbdt,0,0.06451418813543457,0.7572524468906617,0.5874302292817482,0.38095024923364906,0.37696522213037226,0.009535601552738117,9.56767713522111,7.258033664001038,0.5357041029896494,0.566020709217167
berlin,gbdt_iw,0,0.06443512316221524,0.7567882815543221,0.5878571092173989,0.3779452449155658,0.372292906518872,0.009596544538227381,9.598202432218605,7.305855694445887,0.5340296609147392,0.5639321013470366
berlin,mlp,1,0.06578437941758053,0.7646707151696855,0.5994368902111729,0.36480219168445066,0.35491792040612236,0.00964856387788498,9.624181437385777,7.331116371038557,0.5352582089876835,0.5613044546316683
berlin,gbdt,1,0.06417868493619554,0.7552808512202943,0.5854779930585418,0.3886633623946684,0.38753948756531165,0.009584997760966356,9.592426308167097,7.305013330141872,0.5350129298564358,0.5661867991636153
berlin,gbdt_iw,1,0.06445594916762173,0.7569105720285358,0.5881145017695798,0.3755340936543406,0.3742049043592078,0.009539732690339801,9.569749427700843,7.289909462484979,0.5353891119595843,0.5637800587419193
berlin,mlp,2,0.06318809222461166,0.7494293351569837,0.5839874273093472,0.3919214064728686,0.3866590767224357,0.009306024396191506,9.451800731138073,7.176092307361403,0.5445298183021431,0.5729869812383243
berlin,gbdt,2,0.06399881212847983,0.7542217004250671,0.5841799908559069,0.38928986693341966,0.3861626976166082,0.009524503647141155,9.562107896118404,7.271893577608729,0.5369486813532525,0.5674440684056922
berlin,gbdt_iw,2,0.06388164402291746,0.7535309750123261,0.5836598069782395,0.3886867769558387,0.3871485030642946,0.009509284687736331,9.554465318794893,7.254536820687188,0.5352279289926055,0.5626969338120136
berlin,mlp,3,0.0639004796205063,0.7536420566881765,0.5902559297013658,0.38017881573442525,0.37388669010204106,0.009502008434175384,9.550809206977553,7.255961636001085,0.53977005368001,0.5645351238143758
berlin,gbdt,3,0.0643303135574892,0.7561725384798678,0.5866565263938394,0.38431073645814967,0.38377939514701853,0.00959505698205557,9.597458496807594,7.298423435269837,0.5326394300037911,0.5635140853741805
berlin,gbdt_iw,3,0.0648169663045064,0.7590273365050754,0.5893734040865617,0.36945578523568506,0.3688414977044862,0.009545717250698148,9.57275065246393,7.290425137519335,0.5337480017407519,0.5640864030273317
berlin,mlp,4,0.0659236809541884,0.7654799002376905,0.5981702176853002,0.36708100684342143,0.3649932861661571,0.009766672375689994,9.682907283239668,7.392452121486169,0.527818213832256,0.5601828032690703
berlin,gbdt,4,0.0648031193253596,0.7589462559046527,0.5901289931668825,0.37749579791832305,0.3734160370268759,0.009587900514983606,9.593878700065714,7.280949199140531,0.5326338591960796,0.5638445401539804
berlin,gbdt_iw,4,0.06419044182843568,0.755350027995686,0.5860303145567576,0.38219896635242184,0.3786297699721557,0.00952372519842421,9.56171712705585,7.259463580723156,0.5333744431364924,0.5618446611177125
chicago,median,0,0.08364744388795796,0.835100601610986,0.6376895983138748,,,0.02218681591732911,14.479547571005362,11.360441269580116,,
chicago,uma_los,0,0.12134699175787567,1.005835516421434,0.8193416046167693,,,0.037769694130987415,18.89205650893575,15.892008886130103,,
chicago,uma_nlos,0,0.23979628068265169,1.4139487907045452,1.2054675948519873,,,0.022913125995320412,14.714641093972716,11.537262774557691,,
chicago,cost231,0,0.12745539899354255,1.0308407490608014,0.8114440824991522,,,0.045332310566310006,20.697192060699212,17.171530936999137,,
chicago,kernel,0,0.10553131495374955,0.9380006389925617,0.7499440276219549,0.1458829620377846,0.13153010284788402,0.014294680724204485,11.622370929672579,9.284498712502675,0.5761889730837977,0.594504398277577
chicago,knn,0,0.1105656197401746,0.960113357238602,0.7668404941054432,0.15816295597100374,0.14299454675224552,0.014503009967520998,11.706756220283008,9.371890410533883,0.5917601125570068,0.6179908672604454
chicago,ridge,0,0.0989375301361693,0.9082240368765613,0.7187849748862236,0.15184643999270953,0.13042745313526244,0.013890147008467609,11.456736460702896,9.032890889850574,0.5727900985479097,0.6043888227227722
chicago,coral,0,0.09197258641030036,0.8756723953846852,0.6911946972109135,0.1491904548976882,0.11239466592344317,0.014151259917513653,11.563919398074123,9.19252647843647,0.5337993902269358,0.5464674773798386
chicago,gp_ard,0,0.09585433230470641,0.8939605058794597,0.711715764365707,0.17346009637967735,0.14311291542290142,0.012902577507002314,11.041949087169733,8.818016546943134,0.609320860215088,0.6377710450692805
chicago,mlp,0,0.09533249076014849,0.891523775158543,0.7063752914789948,0.17062136185569948,0.13408022780373705,0.012676222714674041,10.944663979412564,8.701145127052518,0.610411089151588,0.6355795918259209
chicago,gbdt,0,0.09154587999801435,0.8736386946822553,0.6896663304217123,0.17287840410478889,0.1528734286395048,0.012098281536548204,10.692255927156454,8.343759415194933,0.6004819568370509,0.6340219480397837
chicago,gbdt_iw,0,0.09044232778302472,0.8683570312783772,0.6838798024271613,0.16432967525208883,0.12771797008922026,0.012160836586974741,10.719862833321798,8.414279722604459,0.6065819638255869,0.6374859738787679
chicago,mlp,1,0.09556751697165924,0.8926220495846375,0.7102158141661937,0.1752689154116502,0.1481501184202328,0.012746768538013396,10.975076394171076,8.73566568640615,0.6095060213608671,0.6289554075392895
chicago,gbdt,1,0.09248474094435499,0.87810712616415,0.6932047663983513,0.16405170093491525,0.14625297532426176,0.011982979060850468,10.641182762106446,8.280335899748753,0.6023051015073116,0.6354068698876456
chicago,gbdt_iw,1,0.09150189057169666,0.8734287699823279,0.6851509859934521,0.15536326303944248,0.13405764233467798,0.012251956879525319,10.759949470695181,8.444896633921548,0.6049944795368891,0.6349726009367719
chicago,mlp,2,0.0977867507647777,0.9029266413038436,0.7178067237777295,0.16474416350591847,0.13370429243841528,0.013084572460309554,11.119551493040067,8.880706909669977,0.6020696730292087,0.6213122608940066
chicago,gbdt,2,0.09165864245292385,0.8741765852258957,0.6899558522018304,0.1637020524311926,0.14385212260272057,0.012036368791698898,10.664862118716671,8.332478470222819,0.6041427947224107,0.63780450122436
chicago,gbdt_iw,2,0.09119910851688988,0.8719824736611907,0.685869803936899,0.16092949501865922,0.13100296216738377,0.012154779963804471,10.717193022935867,8.44104614153312,0.6076978377821002,0.6402532728529914
chicago,mlp,3,0.0976843928681418,0.9024539501198692,0.7192598070501923,0.16678369474219087,0.13237836795739943,0.0133847931357191,11.246395023028336,8.994798974294426,0.6091374382239817,0.6301913521801514
chicago,gbdt,3,0.09392773783183332,0.8849309627534315,0.7001340652608798,0.16282251699953873,0.1462687665298627,0.01208497867455014,10.686375888489568,8.33408927681522,0.6002951766554551,0.6287770525069246
chicago,gbdt_iw,3,0.09004032243464086,0.8664250103246938,0.6785337769585884,0.15115170720950466,0.11603631337594916,0.012119811618368077,10.701765658646504,8.380745056881182,0.6088387565188481,0.6416776974866248
chicago,mlp,4,0.09923826764543574,0.9096033405014506,0.720818971502549,0.15107860879500482,0.12373312932590663,0.013519569865408613,11.302875378803572,9.043931707812755,0.5965424462814757,0.614254898603728
chicago,gbdt,4,0.0928416385426074,0.879799797608103,0.6952700448357655,0.16064259696581606,0.13516684858143332,0.012066046203021067,10.678001905635519,8.344201404229391,0.6018044053430944,0.6340479261435513
chicago,gbdt_iw,4,0.09191906068470404,0.8754175486765661,0.6882036279255429,0.15199690808368646,0.11731534110381686,0.012185377571645407,10.730673906936962,8.421538151020599,0.6062366145165897,0.640349328958806
hamburg,median,0,0.0709411055118942,0.8503373667032649,0.7003037919432418,,,0.03342061417029278,16.992893211521167,13.867059525016,,
hamburg,uma_los,0,0.13254003034568654,1.1622935311321945,1.0078367497148149,,,0.03067586997299387,16.28015588367074,13.262421981861692,,
hamburg,uma_nlos,0,0.11394980078638464,1.077702953297214,0.8694831041471138,,,0.03416955134645997,17.182238898296454,14.03300169955362,,
hamburg,cost231,0,0.05812791817417841,0.7697233696849424,0.5966126532973319,,,0.06819077278547248,24.27297010199718,20.998235305975122,,
hamburg,kernel,0,0.05038920215088806,0.716656474550286,0.5813965976997222,0.5013168067335448,0.5469004112009238,0.01665805861561669,11.996990302953208,9.75875012591201,0.7611928745984269,0.8225222421486018
hamburg,knn,0,0.038969441773663654,0.6302377023985848,0.502259844172487,0.5410058750055605,0.5478216324203011,0.009383457151574261,9.004125766516502,7.074053288826682,0.7786116416751546,0.8152885445566391
hamburg,ridge,0,0.038852707184914785,0.6292930427597349,0.5002522713095843,0.5568786668233744,0.5647255892128119,0.009192959782778258,8.912258914957812,6.982036028029383,0.8078878297671827,0.8343921201274782
hamburg,coral,0,0.03725203603463042,0.6161937585904563,0.48535637553013977,0.5625829803064665,0.5674775585618099,0.008535731591178536,8.587771688273182,6.595752506977019,0.8134629679715053,0.8399638837540999
hamburg,gp_ard,0,0.03906402095717046,0.6310020351875042,0.49728502677766323,0.5431352538896651,0.5495152249792559,0.007752471466174479,8.18427480002133,6.39986356470517,0.813017197142595,0.8361092438454838
hamburg,mlp,0,0.03720891364234188,0.6158370070403336,0.48561326116586107,0.5673631962222814,0.5736913529627982,0.008094095541762837,8.362656880763133,6.537773167840313,0.8179227626230076,0.8410613724891708
hamburg,gbdt,0,0.05340468513099596,0.7377886456520255,0.5979448476951054,0.5407851989946701,0.5525413952038687,0.009630281132841296,9.121780082446303,7.240316854340508,0.8103491954454822,0.8338611268552353
hamburg,gbdt_iw,0,0.04370913585901482,0.6674648472935203,0.5265459513690839,0.5235078945414331,0.5313297716976353,0.008658381668681995,8.64925054954266,6.734243750136349,0.8068381888902977,0.8299514156400336
hamburg,mlp,1,0.03744928604777055,0.6178229817135495,0.4884430556741511,0.5674228706667556,0.5723777468751556,0.007832547665224725,8.226434385363941,6.401126162430151,0.8179758343922557,0.8410057831776695
hamburg,gbdt,1,0.05263644392952314,0.7324627756349317,0.5927918044867239,0.5277699072570462,0.5351796437092472,0.0096892048626221,9.14964373637143,7.254687902916955,0.8072754776353458,0.8313137426816534
hamburg,gbdt_iw,1,0.0444558214008386,0.6731418738448041,0.5306583988915029,0.5200422770385118,0.5272069083586003,0.00877827259747983,8.70892692395045,6.784152944031794,0.8042626444221553,0.8274485861791756
hamburg,mlp,2,0.03670705047159503,0.6116697911947468,0.48041286219675583,0.5668395740519514,0.5730524828301055,0.007544562893643311,8.073784558860842,6.248230031336628,0.8180672985100081,0.8411386929078035
hamburg,gbdt,2,0.05332612774594497,0.737245808667271,0.5969846711793184,0.5424439278370544,0.5488089663722927,0.01009884022825852,9.341053630570212,7.4310660217241775,0.8095024073311596,0.8328274423316433
hamburg,gbdt_iw,2,0.04292377887851731,0.6614412296522402,0.5216445343876107,0.5280108222138888,0.5371464793738613,0.009321767889586784,8.97447924027094,7.007372642525295,0.8061404924499882,0.8287195795437141
hamburg,mlp,3,0.03625487668464651,0.6078907066411576,0.47584660084864927,0.5668601312005395,0.573232232455948,0.007714830325079376,8.164381769934215,6.33881038091438,0.816947315348746,0.8400869588695832
hamburg,gbdt,3,0.05480540402838576,0.7474015251270356,0.6066975082641658,0.5371416342725707,0.545570104621947,0.009540068713059843,9.078955056766226,7.1940583916536065,0.8087125423135316,0.8324728259514896
hamburg,gbdt_iw,3,0.04362131475711948,0.6667939695624008,0.5249265107915262,0.5235206519096971,0.5362718068199309,0.009308826273773807,8.968247342886126,6.980804413165544,0.8052537224186805,0.8282256122504152
hamburg,mlp,4,0.037223304782515745,0.6159560879144196,0.4849214137150815,0.5667075272937957,0.573622632745115,0.007890448469907125,8.256784672124864,6.446884586802252,0.8176290777031757,0.8404240487648507
hamburg,gbdt,4,0.053469316185562187,0.7382349514382381,0.597957908062174,0.5386698233281221,0.5510120025512862,0.009343226704050306,8.984802978390512,7.121649074148079,0.8081919567749162,0.8325163001787613
hamburg,gbdt_iw,4,0.044107029225620646,0.6704960003729032,0.5287355001868738,0.5290366682748192,0.5418024185012722,0.008816697578065089,8.727966828425531,6.788713220730373,0.8050712205105267,0.8277840986121764
london,median,0,0.07467305000073496,0.6825256988773047,0.5513388161820519,,,0.013724246273768897,11.946798880228812,9.6436281546525,,
london,uma_los,0,0.0654107189375948,0.6387950239691528,0.49153161935581685,,,0.046239247726759504,21.928689651716795,19.530956284421407,,
london,uma_nlos,0,0.40979144126217565,1.598889700716839,1.4846192463171268,,,0.013861821308913834,12.006528312684742,9.389705062976898,,
london,cost231,0,0.1929230483610525,1.0970568183066969,0.9641469890373163,,,0.02441753199462753,15.935224414587415,12.18149160181037,,
london,kernel,0,0.06381316194855888,0.6309460058347313,0.5022548847291134,0.3551023536283847,0.3533571865116132,0.005763523580105659,7.741967402985222,6.026556793955109,0.7613179357648445,0.7127131506262174
london,knn,0,0.07794800623580977,0.6973319577818753,0.5479194926954212,0.3759318776143207,0.3588403533479495,0.005811310417969597,7.773996458822489,6.121217169080172,0.7805732646239965,0.724056875365132
london,ridge,0,0.06273241204927768,0.6255802890141667,0.4992540985538454,0.41488007288715373,0.3932085381024877,0.005284126260904149,7.412998195335839,5.739046010901817,0.7857524389068916,0.7445043999643982
london,coral,0,0.062322900512058646,0.6235350799153369,0.4967401159925892,0.41495612725363495,0.3960113852221629,0.005285727296252459,7.414121140993453,5.685075225142645,0.783818839003277,0.7409721706065858
london,gp_ard,0,0.06500182022436458,0.6367952603301135,0.5085048326434631,0.41293368950418724,0.38876266958312267,0.005503552580290513,7.565347150923437,5.959870441135652,0.7819751049797353,0.7376550979527414
london,mlp,0,0.06250443364390385,0.6244425310176949,0.5006102309801248,0.4205460546184237,0.3976308198857154,0.005339179380760301,7.451514610430015,5.9049346988400355,0.7915849469014248,0.747309776299039
london,gbdt,0,0.06845985631853638,0.6535142393835642,0.5255632348581828,0.42963039786351614,0.3986899566670508,0.005158435415488158,7.32430295976342,5.682545131727207,0.7934739964923877,0.7406319588211978
london,gbdt_iw,0,0.07155635478383582,0.6681302998017226,0.5420614608123288,0.4200387167824138,0.3889828840561864,0.005175336501573004,7.336291812526408,5.704881518211001,0.7925775442685051,0.7401555448035356
london,mlp,1,0.06374813560151966,0.6306244532737532,0.5059689810537842,0.4190034677137471,0.39427544769096173,0.00538996681528121,7.486870943276816,5.922811196799094,0.7897188961625797,0.7446599250058034
london,gbdt,1,0.07033369161086367,0.6623976295389252,0.5323672680674908,0.42601362669328663,0.39912950769640626,0.005137093986772379,7.309136239199347,5.678668483487347,0.7943594445097328,0.7434324549298595
london,gbdt_iw,1,0.07314869527968669,0.6755233343437717,0.5469784760021138,0.4140958135533803,0.3828225030669788,0.005146341194176579,7.315711815754197,5.686140775342788,0.7935683473601987,0.7421387004501234
london,mlp,2,0.06416751424019167,0.6326953913529918,0.5074181215091367,0.4229091305399646,0.3994211572176645,0.005324490213547961,7.441257235248938,5.831431180366645,0.7893923113215091,0.747179760197145
london,gbdt,2,0.07024516447889725,0.6619806272115711,0.5327914023653383,0.4249653685289211,0.3949608064584078,0.00529837872165639,7.4229887135247035,5.760345877570002,0.7896661245311724,0.7402513438503523
london,gbdt_iw,2,0.07146932895721966,0.6677238908865453,0.5396284074463663,0.41169471585012873,0.3770903688046929,0.0051765682299257515,7.337164778084353,5.689449541875321,0.7913813099226226,0.7396705862003571
london,mlp,3,0.0660617636592898,0.6419661739810604,0.5142066812361313,0.42028509619801113,0.39748256453075453,0.005317350225561674,7.4362663057236125,5.773408140502829,0.7877622170490262,0.7442170666916377
london,gbdt,3,0.07108249458471995,0.6659143802794563,0.5383963671842265,0.42374385589947533,0.394367506640893,0.005207896349448541,7.359333214875624,5.696093961355968,0.7918114476082945,0.7364812655527176
london,gbdt_iw,3,0.070359089517094,0.6625172165675879,0.5368374827915663,0.4177769276368261,0.386959439873032,0.005308890972675113,7.430348856890757,5.808324365764002,0.787673026900554,0.7333459313853359
london,mlp,4,0.06520625803513219,0.6377958694484921,0.5104303154416552,0.4267629917996412,0.40422692580032016,0.005456125453405396,7.532679249368843,5.946967109410125,0.7916817168051299,0.7495844655232482
london,gbdt,4,0.06986356139034945,0.6601800914264271,0.5310786390454596,0.4261477711991004,0.39855896635109206,0.005147674939118471,7.316659737895408,5.659036395659934,0.7933381574929,0.7425837587148117
london,gbdt_iw,4,0.07228185998230269,0.671508822437422,0.5436009567713465,0.4160026701119855,0.3840853557490255,0.005323640514517891,7.440663461847532,5.801087591405032,0.7898178967451469,0.7377416543995886
munich,median,0,0.07763579404427437,0.8597246394301044,0.6815332262652795,,,0.01903389918524597,13.723049515576772,10.73028748281936,,
munich,uma_los,0,0.13168501156030224,1.1196867711248617,0.9306550243350498,,,0.043133111673910526,20.658184076042776,17.768942761059616,,
munich,uma_nlos,0,0.1586660414816722,1.2290523100694288,1.0266523060115873,,,0.019945823575107727,14.047942943828302,10.904891548492776,,
munich,cost231,0,0.08034876898424341,0.8746171474347896,0.6802515201285547,,,0.03545844738425499,18.730380744585876,14.93723413362398,,
munich,kernel,0,0.06309090480780011,0.7750179334564404,0.616485947321196,0.42563053348986885,0.42139062987824094,0.009164526960722057,9.522298132152425,7.392648362479517,0.7189494288502986,0.7178654697018187
munich,knn,0,0.0646136306080355,0.7843148651578282,0.612943757667896,0.37420342692506625,0.39653220596616034,0.009017624869883481,9.445671342449801,7.195483736369608,0.7126078707617753,0.7028188958043825
munich,ridge,0,0.06243108558246117,0.7709546236788928,0.6102569096731757,0.40440924100649306,0.41398812755500647,0.009019063897679473,9.446424979997307,7.202535098087443,0.7189006290813623,0.71093943818644
munich,coral,0,0.06830537181190997,0.8064098128734378,0.6443656874163708,0.3958774489957773,0.40409678061089266,0.009541985212856147,9.716416383468871,7.575222257482587,0.7110432833775592,0.7035869403797662
munich,gp_ard,0,0.06339809123160317,0.7769024039492535,0.6160419294075803,0.40469533313957673,0.41926676783176564,0.008847123089371587,9.35594764398978,7.158002310287842,0.7238522181318727,0.7166401070636349
munich,mlp,0,0.06075961039738165,0.7605641738458705,0.599150422864021,0.4082500266396672,0.41466240458318776,0.008780762156628501,9.320792822754647,7.068580799434652,0.7280570480277145,0.7181621370352328
munich,gbdt,0,0.06153245382149995,0.765385959744145,0.6013513062936976,0.3881185016184045,0.4047158084163478,0.008868901298804929,9.367455935849772,7.1516189910585055,0.722850069563398,0.7122114250563797
munich,gbdt_iw,0,0.06170637274140544,0.7664668622824928,0.6022991556844941,0.3832764334142877,0.39218678477554975,0.008966089525143562,9.418641862919895,7.200043404759796,0.7176158543394127,0.7042627412326196
munich,mlp,1,0.06125984546313412,0.7636886259997221,0.5993593598550676,0.41571880686561363,0.42930915025437155,0.008549043447097667,9.196985676787286,7.038528889894909,0.7332247638592709,0.7226154508062939
munich,gbdt,1,0.06158209113428189,0.7656946102300073,0.601165937446852,0.3839693002510954,0.39940823085269955,0.0088647617691203,9.36526956651225,7.161309387049695,0.7223259123398927,0.7092838477978656
munich,gbdt_iw,1,0.06116237463978919,0.7630808298848426,0.600056083332063,0.39037223731071813,0.4028726119314249,0.00893776636113438,9.403753725576056,7.18413221041746,0.7211596660641373,0.7083095329802332
munich,mlp,2,0.06083565216302583,0.7610399550294767,0.5985140235164303,0.41974965144122406,0.42943610741021954,0.008445387535853647,9.141059577447054,6.984184028794815,0.7364184537438536,0.7236506086946147
munich,gbdt,2,0.06108611295581281,0.76260494924066,0.5979924414315889,0.3903069515932967,0.40258217317385026,0.008820725529680608,9.341979335520502,7.1612523913615025,0.7245132849041591,0.7092980204638494
munich,gbdt_iw,2,0.0619467840723804,0.7679585087711596,0.603627134266159,0.37842488099478017,0.38789872694477984,0.008893979029171405,9.380690309498972,7.178253808455838,0.7216505409547652,0.706558156817767
munich,mlp,3,0.06166394811241373,0.7662033346935814,0.6050491038810919,0.4129439890826821,0.4172352293538005,0.008614320792633814,9.232031301957193,7.000885208266954,0.7299697707173339,0.720366087502549
munich,gbdt,3,0.0615842965464638,0.7657083208483971,0.6027042815730391,0.3838127586825973,0.3988222644045695,0.008885161389478815,9.376039069682175,7.1779728646513306,0.7217193123532222,0.709249242231877
munich,gbdt_iw,3,0.06147573060677656,0.7650330958525031,0.6011553432920174,0.38494846671839766,0.3942023053400103,0.008896134656043424,9.38182703598203,7.181818787750264,0.7220533855270618,0.7095155702647212
munich,mlp,4,0.06195741018112028,0.7680243722443236,0.6066056946832462,0.42004772100069115,0.4301244954553923,0.008407511725380503,9.120538665979842,6.990649720263419,0.7371900262249822,0.7255954372130119
munich,gbdt,4,0.062012210584290135,0.7683639502114467,0.6021119895966628,0.37929244807219353,0.3966189697747002,0.008807614726045073,9.335033965616153,7.1403982822152265,0.7255386818985634,0.7124009282064182
munich,gbdt_iw,4,0.06173237824481166,0.7666283549783375,0.6018128537085242,0.3839273413567954,0.3921351142830199,0.008777670761101438,9.319151917711698,7.142926778831434,0.726681972235517,0.7151640615285682
newyork,median,0,0.08230888602460856,0.7922270670055361,0.5919442068806837,,,0.012515787106334254,11.433519654235592,8.692558044918194,,
newyork,uma_los,0,0.10785150821279604,0.9068582863574832,0.7255291971994713,,,0.04588331954707396,21.891638820797912,19.54893274818526,,
newyork,uma_nlos,0,0.2905860998504454,1.4885510463620284,1.2994747119305792,,,0.012578751838727132,11.462243590502544,8.644816621942546,,
newyork,cost231,0,0.14855324043909565,1.0643081288112466,0.8499337602821454,,,0.022914305004251487,15.470494788145796,12.512529680267603,,
newyork,kernel,0,0.12226587714671924,0.9655592934556285,0.7415142978393408,0.046956327936956734,0.08313912959215901,0.012652225947302684,11.495671068119467,9.14103537495949,0.44573146014988996,0.35063416298327466
newyork,knn,0,0.09415296914426206,0.8473119362104211,0.6558445388767684,0.16256260714608806,0.13289168008223531,0.010697411967376466,10.570370736665133,8.331753305446995,0.5363999211459747,0.4119369153079437
newyork,ridge,0,0.0991663339409098,0.869577799162617,0.6662919584819719,0.1064865649772834,0.11040532253994761,0.012287570103776738,11.328798789371623,9.058818667994844,0.48820162351501956,0.4105900464428052
newyork,coral,0,0.09692979910120823,0.8597159232996776,0.6556818775206833,0.08695053535034526,0.09534170064259166,0.012594798236499694,11.469552308480603,9.012871701259645,0.4240022187329796,0.3490309125039414
newyork,gp_ard,0,0.092931143878991,0.8417961899561248,0.6400830054229409,0.09805569712411835,0.09354531393458237,0.01040402375064861,10.424411016808977,8.353749579232394,0.5218266221536261,0.39626472698746595
newyork,mlp,0,0.09479784447544398,0.8502087016445752,0.6451207860075382,0.1177818488748904,0.12273307397686478,0.010382816438207917,10.413781162458214,8.236858837143563,0.5247950119250663,0.40848289979843366
newyork,gbdt,0,0.08940080142791992,0.8256519678663836,0.6312223203771878,0.14187536387145105,0.12889610658367634,0.009798669287914811,10.116596048598321,8.013708122048943,0.5431694756680988,0.4454947128877324
newyork,gbdt_iw,0,0.09955925370422246,0.8712988294272279,0.6678852062087396,0.11830846867653674,0.11524547979768358,0.010186804245472001,10.315014418543276,8.210762024421653,0.5420654609301399,0.45486572736098446
newyork,mlp,1,0.09285495576164085,0.8414510526070834,0.6353934265949078,0.11250787015508444,0.1179605225626799,0.01037258712596588,10.40864998873375,8.200605797573715,0.503785689371679,0.3763317549268661
newyork,gbdt,1,0.08968946458410272,0.826983853156935,0.630339699342912,0.1360675501810888,0.12457174272376377,0.00981815695874725,10.12665103476451,8.038168500829391,0.5465016091086523,0.4504283461152601
newyork,gbdt_iw,1,0.10157659453472773,0.8800819999729744,0.6711105473674625,0.10465965502007268,0.11249311698115375,0.010309074575822363,10.376734374356676,8.233704668445224,0.5375477972071874,0.446288615632994
newyork,mlp,2,0.09154647700268556,0.8355013044750751,0.636772144554134,0.13249416015589358,0.12327145681605972,0.010515687100950162,10.480202797552064,8.365130188727152,0.5391021484681895,0.44001774799536886
newyork,gbdt,2,0.09050032598919887,0.830713725389166,0.6354853303179617,0.13877018076515973,0.12696681735297644,0.009860343707006418,10.148383858577612,8.054233495270768,0.54445831395337,0.4456943867804408
newyork,gbdt_iw,2,0.10144576126923542,0.8795150332249199,0.6765750450481135,0.11244596898682988,0.11862592488763656,0.010247495780489346,10.345696483085213,8.213111363901001,0.5372842411593493,0.44748921181863255
newyork,mlp,3,0.09662947919559804,0.8583830509185568,0.664285933541281,0.1310001315242693,0.11432300601079634,0.011224541597352967,10.827673860227305,8.692122769940033,0.5369358129611423,0.45201862219895367
newyork,gbdt,3,0.08989949635814658,0.8279515884335259,0.6296051034349401,0.13389441361962826,0.12567098215822833,0.009836988700112235,10.13635810693857,8.056198791280249,0.5442268567227362,0.4484408174703454
newyork,gbdt_iw,3,0.1030098646513263,0.8862693343082106,0.684514812120473,0.10682423350517262,0.10913828432753546,0.010407555149968816,10.426180026356915,8.318053137903128,0.5389437824171993,0.45207610014680283
newyork,mlp,4,0.09880076357120515,0.867973497691658,0.6659213463939442,0.11780211133751681,0.1112470578709377,0.011200438864598102,10.81604234823685,8.692748875035477,0.5300394073652566,0.4271063007799636
newyork,gbdt,4,0.09053741834508489,0.830883945618726,0.6358934222546989,0.13580014783368477,0.12400056268543666,0.009832880527993356,10.134241287777021,8.06521380613067,0.5480508953473875,0.45385877398803404
newyork,gbdt_iw,4,0.09928122633838661,0.8700813922321401,0.6687759729449686,0.12249141296428046,0.13159588646931014,0.01021974802412182,10.331680158306073,8.178274901951177,0.5396629275657163,0.4545084929803573
paris,median,0,0.14772111679831648,1.0054965895510732,0.8003482135532989,,,0.019970118497478626,14.90546589978248,12.498208232415193,,
paris,uma_los,0,0.1393953222479723,0.9767499795849512,0.7520800867832688,,,0.06024467666407607,25.88895814031609,22.77420257810891,,
paris,uma_nlos,0,0.446520752959261,1.7481557979931368,1.5469185929484643,,,0.01852035545686637,14.35422975308808,11.800609081984279,,
paris,cost231,0,0.24988166986870305,1.3077553653276432,1.100118764633012,,,0.022938601369507063,15.974920350825753,12.196963031875015,,
paris,kernel,0,0.1043762345569652,0.8452012358270858,0.6556208416889788,0.5045444180882442,0.49873503842038147,0.009194392224039933,10.113855573273087,7.806030870212136,0.7239478284098709,0.6712972679355648
paris,knn,0,0.1021470470962688,0.8361269444424813,0.6519334823841644,0.5070250016339155,0.5055331291385452,0.008713757235950822,9.845957630565142,7.654364356991044,0.733263983723789,0.6777438566225921
paris,ridge,0,0.09558807442301878,0.8088372934011292,0.6287293097182498,0.542048281604164,0.5364144587798945,0.0084045974793815,9.669715436257876,7.341974145449467,0.7344130824831052,0.6836218089487535
paris,coral,0,0.09777471982778185,0.8180363472408424,0.6316649704055592,0.5268670085295176,0.5144470944528177,0.00935928166547119,10.204141988865873,7.974346521772793,0.7221863467144344,0.6670475629363096
paris,gp_ard,0,0.09733599271763962,0.8161989692858636,0.6328529801258922,0.5247169816012875,0.5235248913575554,0.008207271759439791,9.55552694337901,7.299867838854513,0.7426315976949182,0.6887612529863512
paris,mlp,0,0.09471712789070433,0.8051440186757561,0.6238075300091218,0.5449347799328828,0.5423379362782476,0.008056104908557515,9.467118013773744,7.207789445600912,0.750021052223793,0.698620885796902
paris,gbdt,0,0.0948926156582815,0.8058895413957392,0.6274239120434988,0.5355273921322743,0.5292492308869935,0.008280597656277708,9.598117804815677,7.351094378154267,0.74420797045356,0.6932052683326695
paris,gbdt_iw,0,0.09591248346689817,0.8102086563129529,0.6282745705891282,0.5267469456091529,0.5218548460189393,0.008304340994321499,9.611868516903483,7.4059661713238425,0.7407402764858216,0.688085014950736
paris,mlp,1,0.09445033410863063,0.8040092772601105,0.6227624637473939,0.54736758831935,0.5427885783602201,0.008053921519634214,9.465835023943717,7.2218604827933435,0.7500949631290976,0.6991319447154767
paris,gbdt,1,0.09507353306062519,0.8066574094438685,0.6276080969478194,0.5341752484511524,0.5299613717400691,0.008288178610215571,9.602510376816769,7.358778857035096,0.7443631604466721,0.6933668807801182
paris,gbdt_iw,1,0.09547519272133666,0.8083595669594875,0.6288123534252701,0.5271950900906952,0.5239437235069756,0.008245944648258022,9.578013437311725,7.387880152827854,0.742892623317036,0.6912100285759147
paris,mlp,2,0.09572649602951794,0.8094227223621892,0.6289941265205101,0.5471323187002738,0.5424866374960101,0.008080519252907191,9.48145239942707,7.2240886341598785,0.7510077459411567,0.6992543867441098
paris,gbdt,2,0.09526606369685858,0.8074737655433611,0.6278119347869272,0.5349062502750871,0.5326762781470905,0.008261620655653872,9.587113287304081,7.35043831107463,0.7458753834766658,0.6964764481749481
paris,gbdt_iw,2,0.09614503777660588,0.8111902982981756,0.6314693215629934,0.524444600473937,0.5154687908212348,0.008290010514000301,9.60357152088872,7.407357323119748,0.7405757502202217,0.685545304668606
paris,mlp,3,0.09541624730933045,0.808109991948682,0.6267184522960249,0.5482583475396692,0.5432319748806074,0.008101902794179055,9.493989531434456,7.28825975662145,0.7506749153056549,0.7003767958930461
paris,gbdt,3,0.0943533019663701,0.8035961776642975,0.6265091766014577,0.539008202201491,0.5327503171969832,0.008335391696234543,9.62982158486697,7.388068319160212,0.7432730790273816,0.6909433067717233
paris,gbdt_iw,3,0.09660017855693473,0.8131080773092263,0.6348624792369377,0.5201553223848222,0.5133100554628448,0.008217086843525843,9.561238968005393,7.367231234563945,0.7438161774551968,0.6916285362460293
paris,mlp,4,0.09614053291710177,0.8111712939833621,0.6292821432725897,0.543068143079394,0.5380619561655517,0.008327882051648418,9.625482686610646,7.349869238435643,0.7463215898328159,0.6918286415780256
paris,gbdt,4,0.0948939864678465,0.805895362275975,0.6275470524427409,0.5332704536299976,0.5272766703802568,0.008253109096952108,9.582173438983189,7.330841730637221,0.7441910507157024,0.6925702851412929
paris,gbdt_iw,4,0.09680201008416488,0.8139570675269775,0.6341171058374837,0.5179212101588796,0.510382779129857,0.008306543873461938,9.613143294798158,7.4133144110289235,0.741163560995477,0.6896003203128426
prague,median,0,0.06947681767376225,0.8072695095117081,0.6038094888731782,,,0.015911018664678703,12.394525243965075,9.586492836084766,,
prague,uma_los,0,0.12565388486926946,1.0856417859837788,0.8648615661267006,,,0.03699125696316016,18.89863547274586,16.35492903142622,,
prague,uma_nlos,0,0.15845859496657302,1.2191481698517872,1.0565195705805324,,,0.017396287378889434,12.960125004002771,9.932105244720509,,
prague,cost231,0,0.0772886842758576,0.8514448985390262,0.6783815453285483,,,0.03527180254168643,18.4541790936035,14.882983318656049,,
prague,kernel,0,0.05095677313242032,0.6913525193410321,0.5097804561015604,0.5004234983322116,0.5472548521060723,0.008361334603770502,8.985012909456039,6.635167520292032,0.6723776231495583,0.6898041298945147
prague,knn,0,0.048545751041332394,0.6747986465364749,0.4939518321271529,0.5279588007707456,0.5625761316121505,0.008285258585600735,8.944044214483743,6.6608174806113425,0.6735550734185809,0.6833903906639154
prague,ridge,0,0.04828470456747499,0.6729818937666647,0.48842005947188577,0.5405865957545228,0.5854595581813827,0.007692601024607198,8.618218644375752,6.23264157470349,0.6981793613986562,0.7157444581356083
prague,coral,0,0.057359190323723344,0.7334999638689028,0.5482896635250665,0.5365873635840086,0.5738763078563544,0.011754410742752684,10.653230774855498,8.541366345458211,0.6771216334541077,0.6875576447657863
prague,gp_ard,0,0.0481775685941608,0.6722348599991895,0.49141254076854896,0.517086039038352,0.5516317036665508,0.00754315350214328,8.534093104237517,6.172400369033955,0.7102130760848765,0.7313003622439914
prague,mlp,0,0.04782610468158269,0.6697783353025013,0.4905291198836915,0.5178269439447221,0.5574799572089136,0.007893946100339805,8.730276167697108,6.437162717493375,0.6896172211193572,0.6996756433244757
prague,gbdt,0,0.04834113732381744,0.6733750527731266,0.49174652118857654,0.5117718190201073,0.5500920716519965,0.008040532882630732,8.810961831849095,6.417168080869668,0.678844409177681,0.6872246654408102
prague,gbdt_iw,0,0.049949967888335986,0.6844885651512469,0.5058774877996552,0.4777942864387543,0.5181480115716317,0.008260151890465257,8.930482430985952,6.55610987874727,0.6670462154398178,0.6737537752570285
prague,mlp,1,0.04840209258860167,0.6737994617341809,0.4937620973461628,0.500975812681727,0.5472092103100984,0.007898722456798232,8.732916963864781,6.431643250882682,0.6851650721606333,0.6961630561318006
prague,gbdt,1,0.048500448800670705,0.674483716545592,0.49253317849579076,0.5049038561772671,0.5409519969869314,0.007965191590478404,8.769584497865516,6.401854191913828,0.6824944693603299,0.6907150533345768
prague,gbdt_iw,1,0.050246461546277814,0.6865170574051465,0.504801650467892,0.4701950914381873,0.509097340992077,0.008124383770811696,8.856785336218213,6.499904536474973,0.6737103819708674,0.6816029458964018
prague,mlp,2,0.04751252356962276,0.6675789585691458,0.4876646569249532,0.5191759015068566,0.5641031175702312,0.007682149420162088,8.612362053881165,6.3090148815906675,0.6938394476407244,0.7050595848431306
prague,gbdt,2,0.047988698658485,0.670915888974119,0.4886364200806225,0.5149468873905689,0.5528832811677906,0.00798194645527017,8.778803109442414,6.404430237559045,0.6820818716977266,0.6903354331934243
prague,gbdt_iw,2,0.04941502092765865,0.6808133802242468,0.502939750119787,0.4851710538953458,0.5263170606637346,0.008094398018667393,8.840425764763243,6.482365406879105,0.6747822936468965,0.6812270373385014
prague,mlp,3,0.047655501703371406,0.6685826675509338,0.48725672985338825,0.5265463336220322,0.5623620017360615,0.00789474085250351,8.730715633026437,6.4647173041108354,0.6911521306290936,0.7003323562028312
prague,gbdt,3,0.04808301594348279,0.6715748764563558,0.48964317474449015,0.5196053366418345,0.5602600676351245,0.00789182790323452,8.72910478356513,6.3386907717045835,0.68871803556447,0.6992276012708738
prague,gbdt_iw,3,0.049583149801691796,0.6819705909997377,0.5025803686710861,0.48478620083974694,0.526511943320028,0.008164413324511626,8.878577606421597,6.520316344410082,0.6727589957044258,0.6786483595318864
prague,mlp,4,0.047054843342203015,0.6643558393746503,0.4875376482890991,0.5202536794952244,0.5589359101549541,0.007819203960260661,8.688847493618537,6.415807885361234,0.6861952620401987,0.6934675859420537
prague,gbdt,4,0.04868234508938842,0.6757473261870424,0.49407487387931354,0.5047997050306623,0.5387461706767528,0.007969598976642647,8.772010403114107,6.390114158369365,0.6821814701036061,0.6902234060467227
prague,gbdt_iw,4,0.049413699959669266,0.6808042803728708,0.5006000730667609,0.4855388775097089,0.5276816524916341,0.008394717635347904,9.002931590615708,6.642688219546728,0.6611227217341287,0.6668583917619234
vienna,median,0,0.1416378902043269,0.9680383563580995,0.760917244428483,,,0.018719188771439254,14.893226338460035,12.159279424036745,,
vienna,uma_los,0,0.1328546436036321,0.9375430320705349,0.7306008799788366,,,0.06731291724507049,28.241937272274498,25.520778073811798,,
vienna,uma_nlos,0,0.4685080786278307,1.7606027791815837,1.5507475257146666,,,0.016170336526509274,13.842190023732273,11.105692827942484,,
vienna,cost231,0,0.25615975609015174,1.3018420389230938,1.0814331311221512,,,0.014655970041540607,13.178092815903923,10.235533050717898,,
vienna,kernel,0,0.1099420124349502,0.8528736212624727,0.6596774233144153,0.4319150956707963,0.42644724453642124,0.011899599599641758,11.874393916815892,8.999379495921563,0.6287611719489123,0.6193295964204142
vienna,knn,0,0.1064516093918239,0.839226051615541,0.6501001044577792,0.47065133801027287,0.43423290184041813,0.0120101519404757,11.929425480316173,9.08772910100575,0.6203395497484605,0.6011131747199189
vienna,ridge,0,0.10353983894926914,0.8276687988840673,0.6418852086151168,0.48365411365076677,0.4634188405579081,0.01116968806421124,11.504448389377124,8.596635633945068,0.6502339303121447,0.6357987789182822
vienna,coral,0,0.09803303729314339,0.8053581727437685,0.6241329134651981,0.4811489088220297,0.4538757838299565,0.008424224133158515,9.991029339025797,7.598706176491653,0.6309634059124435,0.609693517865814
vienna,gp_ard,0,0.10321736568489043,0.8263789127823018,0.6411958643461803,0.4932892741724664,0.4634808599403058,0.01116367306298287,11.501350335543863,8.696150454133297,0.651922744226127,0.6312740163862792
vienna,mlp,0,0.10091821629611696,0.817123355668387,0.6353140663849494,0.4926412221485189,0.4607030757207961,0.011011582635217532,11.42273624459307,8.630299554633321,0.6511751876772611,0.6282571843345925
vienna,gbdt,0,0.10257167602257355,0.8237900973515329,0.6401272201250565,0.48626749453441076,0.45613252099338397,0.010900301305647491,11.36487148854584,8.590253844340115,0.6561067694173226,0.6319987276098743
vienna,gbdt_iw,0,0.10265346561891048,0.8241184727665135,0.6426566339756864,0.47635985044909684,0.460968420923357,0.010651375789644132,11.234354692883752,8.464514710549565,0.655821194694383,0.6378410407540269
vienna,mlp,1,0.10131344054915058,0.818721835157295,0.6353045595224897,0.481324027016559,0.45178483636975075,0.010238775133274421,11.014613951189618,8.234003147466774,0.647605046877382,0.6245654729880743
vienna,gbdt,1,0.10275781206224954,0.8245372213644813,0.6384720685669342,0.48646718774288106,0.45313002621353016,0.010741128594501527,11.281588010415764,8.499403860229439,0.6586178166781967,0.6366952383202849
vienna,gbdt_iw,1,0.10205555719567266,0.8217149154360692,0.6394341237955973,0.47690491753291236,0.46119418293453573,0.010654595286188383,11.236052418798225,8.459055587907496,0.6588050479785058,0.6394604736035514
vienna,mlp,2,0.10361545348841507,0.8279709645695345,0.6429189641211894,0.4774418197515986,0.44804210650814974,0.010999521646816517,11.416478868186353,8.57924736679787,0.6442479532482296,0.6218647528153534
vienna,gbdt,2,0.10277897402814974,0.8246221196799982,0.640525143799689,0.4843430283889441,0.45165416853307017,0.010711295626840516,11.26591008283679,8.49924767845388,0.6576775643303437,0.6330375290448913
vienna,gbdt_iw,2,0.10240502339921362,0.8231206016611432,0.6420412638324885,0.4735354144269411,0.45807311270098416,0.010724220919036067,11.272705305509268,8.48532345233176,0.6544784110124722,0.6332939936309823
vienna,mlp,3,0.10013584012721413,0.813949787299495,0.6333415416072955,0.48414624297592024,0.45171620777062643,0.01062036098855343,11.217986606047347,8.456166160052595,0.6536596269948676,0.6280535740789434
vienna,gbdt,3,0.10330041455114786,0.8267112988686047,0.642026344288673,0.48500376659095734,0.4527809843612313,0.010762804699786965,11.29296566211743,8.53311855136704,0.659836406917423,0.6359748168406021
vienna,gbdt_iw,3,0.10308698516921316,0.8258568215910937,0.6431718660546609,0.46889680204438616,0.4574580067460184,0.010657125237658951,11.237386349336514,8.445142885125481,0.6556157908888277,0.6358330498600026
vienna,mlp,4,0.10202705325287428,0.8216001556363218,0.6391313306800154,0.4752645496246992,0.4449296727162679,0.010700309833132438,11.260131290108433,8.455407423381027,0.6439952529774111,0.6171751801881775
vienna,gbdt,4,0.10375492764111342,0.8285280326014935,0.6442124299021565,0.4854000995951809,0.4498451324744052,0.010796464616887434,11.31061085603026,8.551659840411107,0.6581136788240579,0.6365144124154353
vienna,gbdt_iw,4,0.10297907610271356,0.8254244645274674,0.6434598785468884,0.4692238098802955,0.4546649133485023,0.010663285465102892,11.240633700450351,8.470690595701644,0.6552742243679963,0.6363147010164517
