fold,model,operator,pl_rmse_db,pl_bias_db,assoc_acc,cov_true_120,cov_acc_120,cov_err_120,cov_true_130,cov_acc_130,cov_err_130,cov_true_140,cov_acc_140,cov_err_140,sinr_mae_db,sinr_ks,se_true,se_err,edge_disp_m,handover_err
amsterdam,sum,oracle,43.3611402572537,-15.689578865610248,0.4000868962763771,0.784508977324769,0.784508977324769,0.21549102267523101,0.8929531816954168,0.8929531816954168,0.10704681830458318,0.960450451508355,0.960450451508355,0.03954954849164505,16.635519679719444,0.3795018729670382,1.6403155978739785,1.2397423207411484,46.172913344938166,-0.8255423051063377
amsterdam,sum,median,57.72421640997987,-48.52154683080902,0.3561220775255698,0.784508977324769,0.784508977324769,0.21549102267523101,0.8929531816954168,0.8929531816954168,0.10704681830458318,0.960450451508355,0.960450451508355,0.03954954849164505,11.318514393291437,0.3549947744806773,1.6403155978739785,0.5305596143156164,41.07275997307108,-0.7935171095934039
amsterdam,sum,kernel,49.84813453996099,-29.800297402393355,0.3979849458072547,0.784508977324769,0.784508977324769,0.21549102267523101,0.8929531816954168,0.8929531816954168,0.10704681830458318,0.960450451508355,0.960450451508355,0.03954954849164505,12.25496600931924,0.28606489038152166,1.6403155978739785,0.8375898443197687,45.24601858114552,-0.8283024877030327
amsterdam,sum,gbdt,51.428395193906404,-28.706803391219207,0.3999459833957656,0.784508977324769,0.784508977324769,0.21549102267523101,0.8929531816954168,0.8929531816954168,0.10704681830458318,0.960450451508355,0.960450451508355,0.03954954849164505,12.570371242513191,0.36866332389999884,1.6403155978739785,1.1017180856614854,55.32275913017955,-0.8545596093280017
amsterdam,piecewise,oracle,12.083231912766857,0.00010328616282293999,0.5045737972498503,0.784508977324769,0.7782148686574525,0.16675865146373248,0.8929531816954168,0.8935755469181179,0.10614262732065904,0.960450451508355,0.960450451508355,0.03954954849164505,7.6837931995837705,0.2636010286640285,1.6403155978739785,-0.7254600540429165,61.13034223467011,-0.9100817438692098
amsterdam,piecewise,median,13.237143262522848,1.7127069091455602,0.5630996136638523,0.784508977324769,0.7186556911189657,0.05182071184490189,0.8929531816954168,0.8929531816954168,0.10704681830458318,0.960450451508355,0.960450451508355,0.03954954849164505,8.425790083849638,0.3758616235512394,1.6403155978739785,-0.9454841471119515,67.48736442127492,-0.9228210481616477
amsterdam,piecewise,kernel,13.479565148226786,4.259137462985535,0.5475522258363766,0.784508977324769,0.6852710811540765,-0.053828720393616636,0.8929531816954168,0.8929531816954168,0.10704681830458318,0.960450451508355,0.960450451508355,0.03954954849164505,7.871963349448622,0.297537547411313,1.6403155978739785,-0.797390216752262,68.5082032213651,-0.9192823525248593
amsterdam,piecewise,gbdt,12.706684947286936,0.4589506990616513,0.4574501814253338,0.784508977324769,0.7655679376225648,0.1314012611702815,0.8929531816954168,0.8929531816954168,0.10704681830458318,0.960450451508355,0.960450451508355,0.03954954849164505,8.790331902115751,0.38773353374276354,1.6403155978739785,-0.9681484143201174,63.215770579886694,-0.9061891786687427
amsterdam,average,oracle,11.799639332741204,0.0028424302469757306,0.5221291936260407,0.784508977324769,0.7733768597564555,0.12312262943435215,0.8929531816954168,0.8931762937563851,0.10487441139515497,0.960450451508355,0.960450451508355,0.039526063011543155,7.885247442266731,0.2779741424864078,1.6403155978739785,-0.7461242252311598,60.25761362488129,-0.9001026221734668
amsterdam,average,median,13.298313413400143,2.3002181333164775,0.5630761281837504,0.784508977324769,0.725325567467913,0.0654657757841215,0.8929531816954168,0.8929531816954168,0.10704681830458318,0.960450451508355,0.960450451508355,0.03954954849164505,7.829305421358665,0.3005319461243087,1.6403155978739785,-0.7846279139639337,67.45730534527266,-0.9228564351180155
amsterdam,average,kernel,12.847207213814803,2.7471642011300252,0.5202855834380394,0.784508977324769,0.693126974248171,-0.06910602519992015,0.8929531816954168,0.8929531816954168,0.10704681830458318,0.960450451508355,0.960450451508355,0.03954954849164505,8.45850697059238,0.34278232482767523,1.6403155978739785,-0.8299814475581431,67.51040014927057,-0.9111079656038784
amsterdam,average,gbdt,13.35912461537774,-1.1410712089820698,0.531370730046149,0.784508977324769,0.7715215068284034,0.142145868316913,0.8929531816954168,0.8930471236158245,0.10655362322244266,0.960450451508355,0.960450451508355,0.03954954849164505,8.323585877851531,0.326495144376989,1.6403155978739785,-0.8413111445596145,71.12954468062138,-0.9076754308361937
barcelona,sum,oracle,44.60786061259254,-15.976384843760181,0.3393452716917235,0.7099132844168505,0.7099132844168505,0.29008671558314947,0.8347016265585715,0.8347016265585715,0.1652983734414285,0.9331802555287598,0.9331802555287598,0.06681974447124017,13.244803271898972,0.19682898045051056,1.7354942980861963,0.732929179632289,37.22710170183873,-0.7352363045893513
barcelona,sum,median,56.037505128313136,-40.319865249274,0.3550720919493047,0.7099132844168505,0.7099132844168505,0.29008671558314947,0.8347016265585715,0.8347016265585715,0.1652983734414285,0.9331802555287598,0.9331802555287598,0.06681974447124017,12.175129816902308,0.27951665041818463,1.7354942980861963,0.23990471005488345,38.110229210386045,-0.7475856764379113
barcelona,sum,kernel,51.92236688387496,-20.147970095653793,0.42190466416953154,0.7099132844168505,0.7099132844168505,0.29008671558314947,0.8347016265585715,0.8347016265585715,0.1652983734414285,0.9331802555287598,0.9331802555287598,0.06681974447124017,13.969703328453969,0.3025809430961055,1.7354942980861963,0.6082055644348818,50.496353633888006,-0.8109990599094095
barcelona,sum,gbdt,51.26453445073062,-17.460207360226022,0.4169018420647545,0.7099132844168505,0.7099132844168505,0.29008671558314947,0.8347016265585715,0.8347016265585715,0.1652983734414285,0.9331802555287598,0.9331802555287598,0.06681974447124017,14.125964624323277,0.23160500795320438,1.7354942980861963,0.6713501224595704,48.82056212171282,-0.8095034612426288
barcelona,piecewise,oracle,12.854370068556964,-6.457167625747344e-05,0.5317999897378008,0.7099132844168505,0.7031658884498948,0.1282005233721587,0.8347016265585715,0.8347016265585715,0.1652983734414285,0.9331802555287598,0.9331802555287598,0.06681974447124017,9.885078668114225,0.4898660783005798,1.7354942980861963,-1.1666229094907643,58.33141450099144,-0.8943252713443295
barcelona,piecewise,median,14.452612526400435,3.384254346545384,0.5980296577556571,0.7099132844168505,0.6706218892708707,0.07908307250243729,0.8347016265585715,0.8347016265585715,0.1652983734414285,0.9331802555287598,0.9331802555287598,0.06681974447124017,8.494907638400035,0.2804787315921802,1.7354942980861963,-0.8697777080241545,68.05879374280467,-0.919365866165285
barcelona,piecewise,kernel,14.3033621614835,3.5078906673588186,0.5309405305556981,0.7099132844168505,0.6962645594950998,0.07147621735337883,0.8347016265585715,0.8324311149879419,0.161847708964031,0.9331802555287598,0.9331802555287598,0.06681974447124017,9.047200854432335,0.33353430140079016,1.7354942980861963,-0.9580811934163159,59.349240287897764,-0.89120587983933
barcelona,piecewise,gbdt,15.078844128074868,5.181722780941192,0.43700292472676894,0.7099132844168505,0.7008184103853455,0.13136897737185083,0.8347016265585715,0.8346887988095849,0.16528554569244192,0.9331802555287598,0.9331802555287598,0.06681974447124017,8.920539799368486,0.17754887372363903,1.7354942980861963,-0.5237714083178564,80.6520425461747,-0.9120587983932997
barcelona,average,oracle,12.465710273033118,0.0020390392724090197,0.55161886192211,0.7099132844168505,0.7180845605213197,0.065254759094874,0.8347016265585715,0.8336754066396429,0.1610908717738211,0.9331802555287598,0.9331802555287598,0.06681974447124017,9.433335078354487,0.3710041561906717,1.7354942980861963,-0.9671483876628082,62.11852647936905,-0.8936843004871379
barcelona,average,median,14.383340221898907,2.7391919032680234,0.5979142080147776,0.7099132844168505,0.6925701677869568,0.1477756683257222,0.8347016265585715,0.8347016265585715,0.1652983734414285,0.9331802555287598,0.9331802555287598,0.06681974447124017,8.193489527834682,0.2496921340243214,1.7354942980861963,-0.7751829987386385,68.08016765986046,-0.9192804033843262
barcelona,average,kernel,13.90330282888422,3.563070656469997,0.5964775001282775,0.7099132844168505,0.7102981168864487,0.0692185335317359,0.8347016265585715,0.8347016265585715,0.1652983734414285,0.9331802555287598,0.9331802555287598,0.06681974447124017,8.665166256868378,0.25364308071219666,1.7354942980861963,-0.7535942850165028,67.48578859886138,-0.9172720280317922
barcelona,average,gbdt,13.955992090603472,4.028176233756316,0.551092924213659,0.7099132844168505,0.7118374467648417,0.01557288726974193,0.8347016265585715,0.8316357945507722,0.15959002514238807,0.9331802555287598,0.9331802555287598,0.06681974447124017,9.337620913321386,0.2425599055877674,1.7354942980861963,-0.707692718594366,68.56665445664868,-0.9077001965643963
berlin,sum,oracle,41.98939917727598,-14.509338769283794,0.3054338937864752,0.8094720688226004,0.8094720688226004,0.19052793117739963,0.92165604382064,0.92165604382064,0.07834395617935996,0.9796691048805349,0.9796691048805349,0.020330895119465064,14.390693540908575,0.3877096098484425,1.2689736784108612,1.35886658252344,76.76184950113353,-0.8719710768891097
berlin,sum,median,54.7822951709361,-45.61962110415356,0.2451245057296159,0.8094720688226004,0.8094720688226004,0.19052793117739963,0.92165604382064,0.92165604382064,0.07834395617935996,0.9796691048805349,0.9796691048805349,0.020330895119465064,9.70166380268698,0.37854670505079924,1.2689736784108612,0.7392049391984452,37.31616423328521,-0.820996853783739
berlin,sum,kernel,52.83774175424065,-37.999853978393695,0.3133870263125469,0.8094720688226004,0.8094720688226004,0.19052793117739963,0.92165604382064,0.92165604382064,0.07834395617935996,0.9796691048805349,0.9796691048805349,0.020330895119465064,9.212573577059707,0.26713564011515245,1.2689736784108612,0.7970636735556882,47.82438725175233,-0.8623668377766738
berlin,sum,gbdt,44.99507082300281,-17.312684067189767,0.2837027992786173,0.8094720688226004,0.8114211463712433,0.1865625665094709,0.92165604382064,0.9217456565814972,0.0782319402282885,0.9796691048805349,0.9796691048805349,0.020330895119465064,11.468405179112972,0.3350845160350834,1.2689736784108612,1.0885360965743418,47.274197124813966,-0.8488712259204063
berlin,piecewise,oracle,12.569966649923172,-1.3358718710641499e-05,0.45303731251330187,0.8094720688226004,0.7789813269409563,-0.05808027063053778,0.92165604382064,0.9213311975625329,0.07302319850346695,0.9796691048805349,0.9796691048805349,0.020330895119465064,6.776729127324229,0.3557402574126556,1.2689736784108612,-0.5957300873763498,75.72012414681409,-0.9282993873157808
berlin,piecewise,median,12.932669460503554,1.81216530341257,0.3734611808721562,0.8094720688226004,0.7526911832244911,-0.11672062101643277,0.92165604382064,0.9154839649166041,0.0646892117437523,0.9796691048805349,0.9796691048805349,0.020330895119465064,7.255005837407673,0.427396861313051,1.2689736784108612,-0.7271955972945856,87.64927766469701,-0.939973505547276
berlin,piecewise,kernel,14.152541478794584,1.367069510694903,0.26888308895186674,0.8094720688226004,0.7567797654385985,-0.11455871316075417,0.92165604382064,0.9068699382792109,0.04471676766771593,0.9796691048805349,0.9796691048805349,0.020330895119465064,8.580631169291392,0.6256426915192723,1.2689736784108612,-0.8944918762500966,74.21959061256756,-0.9284649776453056
berlin,piecewise,gbdt,15.508628972833595,-5.213498823917277,0.1404792042386836,0.8094720688226004,0.8073885721326717,0.16086610733368434,0.92165604382064,0.92165604382064,0.07834395617935996,0.9796691048805349,0.9796691048805349,0.020330895119465064,10.338431538400108,0.9120450752187111,1.2689736784108612,-1.0667791124300021,54.718115423931216,-0.8672241541094
berlin,average,oracle,12.52049392055858,0.0007984600110294902,0.37914038959147783,0.8094720688226004,0.7761809281641706,-0.0711413305254669,0.92165604382064,0.9179819206254971,0.0651708803333595,0.9796691048805349,0.9796691048805349,0.020330895119465064,6.96085640236806,0.35728607753744135,1.2689736784108612,-0.5717286990591152,72.0299000036059,-0.9265330904675166
berlin,average,median,13.08132348361013,2.8858164375852318,0.375947934985942,0.8094720688226004,0.7503836546324196,-0.12254545047214727,0.92165604382064,0.9055929564369967,0.04341738263528727,0.9796691048805349,0.9796691048805349,0.020330895119465064,6.77351278286103,0.36494796859072737,1.2689736784108612,-0.6377573518311976,87.97363145707796,-0.9405806700888668
berlin,average,kernel,12.776979625326925,0.5889925941667659,0.3759591365810491,0.8094720688226004,0.7797990433837778,-0.03638278090800129,0.92165604382064,0.9203454571931043,0.07535313028575275,0.9796691048805349,0.9796691048805349,0.020330895119465064,6.8388771956008565,0.37691127216515635,1.2689736784108612,-0.6548599788765255,87.99216075999985,-0.9405806700888668
berlin,average,gbdt,12.739809325797719,0.08925369178844036,0.37280028676083476,0.8094720688226004,0.7829130868235636,-0.033470366180144095,0.92165604382064,0.9183067668836042,0.0690802370257525,0.9796691048805349,0.9796691048805349,0.020330895119465064,6.968591653418471,0.3860181689872638,1.2689736784108612,-0.6689295187831842,82.19141807931175,-0.9395595297234641
chicago,sum,oracle,39.31870050208352,-12.115314934824102,0.21763253869418253,0.8661603807151752,0.8661603807151752,0.1338396192848248,0.9697006760362925,0.9697006760362925,0.030299323963707492,0.9955746308486034,0.9955746308486034,0.004425369151396574,13.047536562159465,0.35550836150151216,1.1229289826909397,1.258942839781822,67.41029678624693,-0.7806968051343537
chicago,sum,median,50.531867234156195,-28.24857286353287,0.24926614481409,0.8661603807151752,0.8656933819605053,0.12772415940224158,0.9697006760362925,0.9696784380003558,0.030277085927770786,0.9955746308486034,0.9955746308486034,0.004425369151396574,7.868214613387438,0.21278464685998932,1.1229289826909397,0.35741227127424624,40.883296872486625,-0.7288948444883279
chicago,sum,kernel,48.961177728083726,-1.2544418896322973,0.37269836328055506,0.8661603807151752,0.8588329478740437,0.11470378936132364,0.9697006760362925,0.9650084504536559,0.024183864081124273,0.9955746308486034,0.9927948763565202,0.0016233766233766378,10.199616875572442,0.2718488703077744,1.1229289826909397,0.8724700436690112,51.62622935379276,-0.8154665350165738
chicago,sum,gbdt,49.55441172968267,-8.017094530330333,0.2662226472157979,0.8661603807151752,0.8581546877779754,0.11653842732609854,0.9697006760362925,0.9593711083437111,0.01996975627112607,0.9955746308486034,0.9944849670877068,0.003335705390499988,10.280310821797888,0.2521014943960149,1.1229289826909397,0.8127461272071741,48.82405057523284,-0.8243529162846464
chicago,piecewise,oracle,12.88406408708686,0.0009018276637997884,0.3318359722469312,0.8661603807151752,0.8142456858210283,0.027219355986479288,0.9697006760362925,0.9697006760362925,0.030299323963707492,0.9955746308486034,0.9955746308486034,0.004425369151396574,7.024722657933079,0.45223269880804123,1.1229289826909397,-0.7147421614206424,54.695417154910714,-0.8536215530009168
chicago,piecewise,median,15.526384187319735,3.894907894047784,0.4173412204234122,0.8661603807151752,0.5697273616794165,-0.27642990571072756,0.9697006760362925,0.9413916562889165,7.78331257782483e-05,0.9955746308486034,0.9955746308486034,0.004425369151396574,6.408750257276578,0.3097536025618217,1.1229289826909397,-0.6002847909818683,85.99726759144232,-0.9181183440299033
chicago,piecewise,kernel,17.156092435779588,8.006900239939586,0.4159179861234656,0.8661603807151752,0.44798523394413803,-0.4624177192670343,0.9697006760362925,0.8504047322540473,-0.09333303682618754,0.9955746308486034,0.9955746308486034,0.004425369151396574,6.7454010942701474,0.36601583348158695,1.1229289826909397,-0.6563736681181889,91.69175470873452,-0.920692573524226
chicago,piecewise,gbdt,15.447730267015654,4.482639548247783,0.40315335349581927,0.8661603807151752,0.5424968866749689,-0.3241638498487813,0.9697006760362925,0.9309175413627468,-0.01048523394413814,0.9955746308486034,0.9955746308486034,0.004425369151396574,6.517265967487462,0.32953433552748623,1.1229289826909397,-0.6273800260764155,83.80416297087729,-0.9161435926369984
chicago,average,oracle,12.824548411175236,0.004748194169580093,0.38329478740437645,0.8661603807151752,0.7893613236078989,-0.005937555595089794,0.9697006760362925,0.9697006760362925,0.030299323963707492,0.9955746308486034,0.9955746308486034,0.004425369151396574,6.502763385467549,0.34756938267212234,1.1229289826909397,-0.6130900756304967,65.42017572823715,-0.8790817406022992
chicago,average,median,16.273340998930383,6.0875418202192915,0.40602206013164915,0.8661603807151752,0.5179572140188579,-0.35148327699697557,0.9697006760362925,0.9104251912471091,-0.03148905888631914,0.9955746308486034,0.9955746308486034,0.004425369151396574,6.880799850268223,0.40965797900729406,1.1229289826909397,-0.7133424719894688,87.04548602492129,-0.9179420269412512
chicago,average,kernel,15.507204307619103,6.283946576365074,0.4038316135918876,0.8661603807151752,0.4727472869596157,-0.43898994840775657,0.9697006760362925,0.9432374132716599,0.001945828144458206,0.9955746308486034,0.9955746308486034,0.004425369151396574,6.913212287059813,0.45119863013698625,1.1229289826909397,-0.731468444313029,93.05651020917163,-0.9196346709923126
chicago,average,gbdt,15.004696888781975,3.1379608158823555,0.37676792385696495,0.8661603807151752,0.6306151040740082,-0.20833703967265604,0.9697006760362925,0.962640099626401,0.022482654331969387,0.9955746308486034,0.9955746308486034,0.004425369151396574,6.930199968508363,0.4079011741682974,1.1229289826909397,-0.7109401094850938,83.41934283827598,-0.9147330559277805
hamburg,sum,oracle,40.92974145937198,-13.890137663896196,0.40513475367968277,0.8799986558236441,0.8799986558236441,0.12000134417635588,0.9524161569997984,0.9524161569997984,0.047583843000201576,0.9864126173353944,0.9864126173353944,0.013587382664605574,13.379033798604956,0.397943410175415,1.2217241384226027,1.3664908025240177,50.038085388778136,-0.7798933146439279
hamburg,sum,median,47.723373216024015,-29.548335905454902,0.38500571274951273,0.8799986558236441,0.8799986558236441,0.12000134417635588,0.9524161569997984,0.9524161569997984,0.047583843000201576,0.9864126173353944,0.9864126173353944,0.013587382664605574,11.822591467920162,0.5194345498129355,1.2217241384226027,1.294956373556377,45.453800114582876,-0.7677062648444497
hamburg,sum,kernel,45.227455672969064,-15.445712014809017,0.48989627439120015,0.8799986558236441,0.8799986558236441,0.12000134417635588,0.9524161569997984,0.9524161569997984,0.047583843000201576,0.9864126173353944,0.9864126173353944,0.013587382664605574,13.901075135565215,0.5615856800412213,1.2217241384226027,1.65512916393714,61.63277701049629,-0.8775065218237745
hamburg,sum,gbdt,50.45799235590239,-3.22776135332917,0.45749042274346396,0.8799986558236441,0.8799986558236441,0.12000134417635588,0.9524161569997984,0.9524161569997984,0.047583843000201576,0.9864126173353944,0.9864126173353944,0.013587382664605574,15.82973744188027,0.5205658982458499,1.2217241384226027,1.7141477196601183,54.73066818095763,-0.8577658373243001
hamburg,piecewise,oracle,12.620983119987034,-0.0001111679001865098,0.5306920267939154,0.8799986558236441,0.8822389497502072,0.1126083742186974,0.9524161569997984,0.9524161569997984,0.047583843000201576,0.9864126173353944,0.9864126173353944,0.013587382664605574,6.588199250212738,0.16741716513206534,1.2217241384226027,-0.40694661120420117,60.257302986446625,-0.882412490752638
hamburg,piecewise,median,15.570651987102794,7.14949318552888,0.576024374397921,0.8799986558236441,0.6604610524900867,-0.19109707193583803,0.9524161569997984,0.9524161569997984,0.047583843000201576,0.9864126173353944,0.9864126173353944,0.013587382664605574,5.394609434225348,0.20842574545780407,1.2217241384226027,-0.4796688692323867,81.33008579879365,-0.9138729899155084
hamburg,piecewise,kernel,13.978681541145054,2.9820253958744534,0.4652530411990053,0.8799986558236441,0.8757869032417053,0.10281828975961638,0.9524161569997984,0.9524161569997984,0.047583843000201576,0.9864126173353944,0.9864126173353944,0.013587382664605574,7.276983085249525,0.16016981427963345,1.2217241384226027,-0.3571268414008347,64.76508059043482,-0.8661371335124401
hamburg,piecewise,gbdt,14.768904563382957,0.581668177269006,0.29242556623428995,0.8799986558236441,0.8799986558236441,0.12000134417635588,0.9524161569997984,0.9524161569997984,0.047583843000201576,0.9864126173353944,0.9864126173353944,0.013587382664605574,6.691875838851256,0.156002867576226,1.2217241384226027,-0.37389535881500047,78.5634609335173,-0.8689405443289335
hamburg,average,oracle,12.312258277048281,0.0021236274102633015,0.554192710083563,0.8799986558236441,0.874229898962744,0.09543652127159075,0.9524161569997984,0.9528306113762126,0.04676613571700605,0.9864126173353944,0.9864126173353944,0.013587382664605574,6.146784881879739,0.11045769204919675,1.2217241384226027,-0.2619637459178603,61.79038323507762,-0.8860335630572752
hamburg,average,median,15.601846858749498,7.154712366298969,0.5762820081994757,0.8799986558236441,0.6770728319555526,-0.16151399063557148,0.9524161569997984,0.9524161569997984,0.047583843000201576,0.9864126173353944,0.9864126173353944,0.013587382664605574,5.173557979547463,0.17581826735667716,1.2217241384226027,-0.41362497488196337,81.4852164415456,-0.9139119261768485
hamburg,average,kernel,14.941275247929719,5.823111200503362,0.5794744270448283,0.8799986558236441,0.7372359253534063,-0.07513945829692859,0.9524161569997984,0.9524161569997984,0.047583843000201576,0.9864126173353944,0.9864126173353944,0.013587382664605574,5.1278964633156825,0.14127293500907312,1.2217241384226027,-0.3583373889117837,79.74363788309414,-0.9144959700969513
hamburg,average,gbdt,14.958047386141073,5.188059202336246,0.5472141945023187,0.8799986558236441,0.7211842193695813,-0.09237852006183211,0.9524161569997984,0.9509487644778996,0.046116450478302706,0.9864126173353944,0.9864126173353944,0.013587382664605574,5.479845807941012,0.22369334856733203,1.2217241384226027,-0.4566797369373097,71.98928296437369,-0.9009850874119067
london,sum,oracle,42.03821349721025,-14.434101116955961,0.34435757755339275,0.7958881316527249,0.7958881316527249,0.20411186834727513,0.9126455906821963,0.9126455906821963,0.0873544093178037,0.973548651790395,0.973548651790395,0.02645134820960504,16.328997580336953,0.3131994620837417,1.3807408189649066,1.12798389560464,58.99935694057622,-0.8675373134328358
london,sum,median,54.86416414267574,-42.969963180927365,0.30353520388393773,0.7958881316527249,0.7958881316527249,0.20411186834727513,0.9126455906821963,0.9126455906821963,0.0873544093178037,0.973548651790395,0.973548651790395,0.02645134820960504,11.465075173632755,0.2889020582134798,1.3807408189649066,0.5492243471833214,40.91479455966224,-0.8122628383506197
london,sum,kernel,47.49431270202293,-22.831658986158384,0.36998837553848607,0.7958881316527249,0.7958881316527249,0.20411186834727513,0.9126455906821963,0.9126455906821963,0.0873544093178037,0.973548651790395,0.973548651790395,0.02645134820960504,13.64331444996067,0.3097463132222552,1.3807408189649066,0.966250361058351,52.7278499881907,-0.8689919048823678
london,sum,gbdt,49.84140560117802,-5.003948587901717,0.3680965514097509,0.7958881316527249,0.7958881316527249,0.20411186834727513,0.9126455906821963,0.9126455906821963,0.0873544093178037,0.973548651790395,0.973548651790395,0.02645134820960504,15.760713593143612,0.2736307068128462,1.3807408189649066,0.9893052251310153,50.23871321666816,-0.8608967872501897
london,piecewise,oracle,13.670959684132704,0.0004984748661193392,0.4649100813712306,0.7958881316527249,0.7930617919905181,0.1332710322977686,0.9126455906821963,0.9127025733366764,0.08695553073644391,0.973548651790395,0.973548651790395,0.02645134820960504,7.652283370611868,0.3589565336311627,1.3807408189649066,-0.7739853072741791,50.699267687243946,-0.8740513534024792
london,piecewise,median,15.164740193049315,4.711517677109818,0.5237845599799421,0.7958881316527249,0.7502336288833679,0.05025870125133913,0.9126455906821963,0.9126455906821963,0.0873544093178037,0.973548651790395,0.973548651790395,0.02645134820960504,6.772920665275494,0.2535158297814145,1.3807408189649066,-0.7052868182399566,74.89480258520152,-0.9269858335441437
london,piecewise,kernel,15.536722751053626,5.971273884192056,0.5244569553028058,0.7958881316527249,0.7325576094636792,-0.012798304196202648,0.9126455906821963,0.9126455906821963,0.0873544093178037,0.973548651790395,0.973548651790395,0.02645134820960504,6.585568939666175,0.2231212818817952,1.3807408189649066,-0.6484291061909051,75.30771119418434,-0.9272388059701493
london,piecewise,gbdt,17.074291777350023,5.262345732174841,0.28036605657237934,0.7958881316527249,0.7876028536913363,0.17702231440749439,0.9126455906821963,0.9126455906821963,0.0873544093178037,0.973548651790395,0.973548651790395,0.02645134820960504,7.554635706829236,0.29323273995395793,1.3807408189649066,-0.7421782126773142,71.33112957893809,-0.9021945357955983
london,average,oracle,13.081182450164698,0.0028946721022605286,0.4619925694618558,0.7958881316527249,0.7859731497732091,0.03845189524308801,0.9126455906821963,0.9125088323114444,0.08468762108814076,0.973548651790395,0.973548651790395,0.02645134820960504,7.929804773199704,0.3803364255920498,1.3807408189649066,-0.7853812174973798,50.26190785299081,-0.8699405514798887
london,average,median,15.671456369057058,5.953905493872984,0.523898525288902,0.7958881316527249,0.7386433569621407,0.025152143687461548,0.9126455906821963,0.9126455906821963,0.0873544093178037,0.973548651790395,0.973548651790395,0.02645134820960504,6.455215262625551,0.2211154924441,1.3807408189649066,-0.6217388886726578,75.38214350142196,-0.9270174550973944
london,average,kernel,14.992478521829597,4.546164117281811,0.5262120210607891,0.7958881316527249,0.7712146422628952,0.07889818339297516,0.9126455906821963,0.9126455906821963,0.0873544093178037,0.973548651790395,0.973548651790395,0.02645134820960504,6.451069980814798,0.213901488386935,1.3807408189649066,-0.6086634813206788,74.65480576858891,-0.9271123197571465
london,average,gbdt,14.611632427014062,4.099817297504143,0.5032935974289426,0.7958881316527249,0.771522348597087,-0.004216716431518219,0.9126455906821963,0.9128621247692202,0.0870922891071958,0.973548651790395,0.973548651790395,0.02645134820960504,7.177985821467303,0.2965605269755886,1.3807408189649066,-0.7591995323047277,72.68633261847363,-0.9198393625094865
munich,sum,oracle,42.26523338986602,-14.515482641237174,0.34650709078255315,0.7598489429428744,0.7598489429428744,0.24015105705712558,0.8802268137685542,0.8802268137685542,0.11977318623144584,0.957124439525836,0.957124439525836,0.042875560474163965,15.07229791177022,0.27055642391812795,1.5714517973879782,0.9051377216367864,57.9280009844257,-0.809186832627788
munich,sum,median,56.34069822115463,-45.35074015965836,0.32096201896199616,0.7598489429428744,0.7598489429428744,0.24015105705712558,0.8802268137685542,0.8802268137685542,0.11977318623144584,0.957124439525836,0.957124439525836,0.042875560474163965,12.553430894997636,0.25421853073052747,1.5714517973879782,0.3240253166856695,47.161541779815956,-0.8043533202754787
munich,sum,kernel,48.72575680863589,-28.93371922921805,0.4031420780613584,0.7598489429428744,0.7598489429428744,0.24015105705712558,0.8802268137685542,0.8802268137685542,0.11977318623144584,0.957124439525836,0.957124439525836,0.042875560474163965,14.34237929069726,0.296763226049356,1.5714517973879782,0.7814172394629535,84.64836171776368,-0.8616920452391483
munich,sum,gbdt,48.63463724496253,-29.90817256154197,0.37822450912161004,0.7598489429428744,0.7598489429428744,0.24015105705712558,0.8802268137685542,0.8802268137685542,0.11977318623144584,0.957124439525836,0.957124439525836,0.042875560474163965,14.961957139721052,0.28998619493662214,1.5714517973879782,0.9422189798193974,86.34768851933711,-0.8648827952233524
munich,piecewise,oracle,12.805624684924434,0.00042622499583248993,0.4999714771417814,0.7598489429428744,0.7617086332987256,0.19840500176841724,0.8802268137685542,0.8802154046252667,0.11976177708815838,0.957124439525836,0.957124439525836,0.042875560474163965,7.266660112324345,0.3162272244977125,1.5714517973879782,-0.7570148061186768,56.54142329497065,-0.8981171415934794
munich,piecewise,median,13.732505970987532,1.8694539678161388,0.5243642254903079,0.7598489429428744,0.6725689967940307,-0.034444203584752864,0.8802268137685542,0.8802268137685542,0.11977318623144584,0.957124439525836,0.957124439525836,0.042875560474163965,8.030003480919785,0.3823203915617976,1.5714517973879782,-0.9148028386953378,104.4507731174456,-0.9298982750995135
munich,piecewise,kernel,13.869593942243,3.0147211664915066,0.524284361487296,0.7598489429428744,0.6801104405070223,-0.042898378760738876,0.8802268137685542,0.8802268137685542,0.11977318623144584,0.957124439525836,0.957124439525836,0.042875560474163965,7.502734977033195,0.3130554826638068,1.5714517973879782,-0.8109121310433198,106.5032553701296,-0.9308144310355722
munich,piecewise,gbdt,13.895425332724823,2.6525778505352355,0.5068397814008146,0.7598489429428744,0.6989127086447079,-0.004175746443199624,0.8802268137685542,0.8802268137685542,0.11977318623144584,0.957124439525836,0.957124439525836,0.042875560474163965,7.542008025922083,0.2995242387249141,1.5714517973879782,-0.7853617042659103,112.2552751410196,-0.9286977949074366
munich,average,oracle,12.48983268948186,-0.0019247893166523685,0.5012264829033988,0.7598489429428744,0.7640931442457986,0.17610012664149044,0.8802268137685542,0.8803066777715661,0.1194195027895355,0.957124439525836,0.957124439525836,0.042875560474163965,7.351646196405315,0.21432075665438288,1.5714517973879782,-0.5910610740982771,52.50335867031065,-0.8899033297529538
munich,average,median,13.87855773257631,2.541994695302414,0.5231776745884151,0.7598489429428744,0.6766648792342183,-0.018551266985362025,0.8802268137685542,0.8802268137685542,0.11977318623144584,0.957124439525836,0.957124439525836,0.042875560474163965,7.321256813055564,0.2956337208639004,1.5714517973879782,-0.7394197869145724,104.63311900157939,-0.9300878246035256
munich,average,kernel,13.574311545982686,0.6929576188644845,0.5212951659459891,0.7598489429428744,0.7377608415384089,0.12119932914237475,0.8802268137685542,0.8802268137685542,0.11977318623144584,0.957124439525836,0.957124439525836,0.042875560474163965,7.049761095446949,0.23669408664103408,1.5714517973879782,-0.6351027518438792,107.12541589337123,-0.9310039805395842
munich,average,gbdt,13.536042293990654,-1.5019475104958675,0.5002224782941049,0.7598489429428744,0.7601683989549225,0.21265502173441797,0.8802268137685542,0.8802268137685542,0.11977318623144584,0.957124439525836,0.957124439525836,0.042875560474163965,7.313967097274192,0.25871373318577506,1.5714517973879782,-0.6859095873375242,107.00490289282642,-0.92484362165919
newyork,sum,oracle,43.26076792250191,-14.296082798654247,0.2453336014208639,0.747204628978028,0.747204628978028,0.252795371021972,0.9081576801492354,0.9081576801492354,0.09184231985076463,0.9808429118773946,0.9808429118773946,0.019157088122605415,14.39845433627078,0.3879114864336539,1.232877145119899,1.3567978938433916,49.19606454412842,-0.8407165671434523
newyork,sum,median,56.92426306572556,-41.0794456785315,0.22045731264591223,0.747204628978028,0.747204628978028,0.252795371021972,0.9081576801492354,0.9081576801492354,0.09184231985076463,0.9808429118773946,0.9808429118773946,0.019157088122605415,9.413287391242905,0.3773220289757939,1.232877145119899,0.6980940912888014,33.73771372408277,-0.7929454242466324
newyork,sum,kernel,53.97285119018566,-2.6147624918075345,0.24407135596438903,0.747204628978028,0.7381566748209957,0.22509299286216955,0.9081576801492354,0.895769802173743,0.07780123543670348,0.9808429118773946,0.9776593724517721,0.015973548696982975,14.409632008958933,0.4261251298548976,1.232877145119899,1.4693850981596297,37.529454962788805,-0.8081377586446327
newyork,sum,gbdt,52.44767081016689,-6.237603038112919,0.2319962467745719,0.747204628978028,0.7362688917931705,0.23888833037320023,0.9081576801492354,0.9081576801492354,0.09184231985076463,0.9808429118773946,0.9808429118773946,0.019157088122605415,12.486310780483041,0.4156026942796823,1.232877145119899,1.3432407628508827,35.26286578446377,-0.8015553395361755
newyork,piecewise,oracle,12.737470457683902,0.0006782540056732913,0.3517866916881695,0.747204628978028,0.6213598739988606,-0.18827563866269004,0.9081576801492354,0.9079342738737531,0.09128380416205895,0.9808429118773946,0.9808429118773946,0.019157088122605415,7.5167480111051574,0.42775599566591826,1.232877145119899,-0.7360847723597819,59.39936512298668,-0.908540480488821
newyork,piecewise,median,14.5367529568738,0.11950170750263776,0.38815723333668445,0.747204628978028,0.5933335567396089,-0.12115322319403954,0.9081576801492354,0.8760318577348838,0.05969415680886481,0.9808429118773946,0.9808429118773946,0.019157088122605415,6.853389511886789,0.39374239022374136,1.232877145119899,-0.6865782773674713,72.49299530176681,-0.9335925565893626
newyork,piecewise,kernel,14.684229183569386,1.1604191363001275,0.36287881326586463,0.747204628978028,0.5579683433307642,-0.21873708432469863,0.9081576801492354,0.8912346547814528,0.07404801000860117,0.9808429118773946,0.9808429118773946,0.019157088122605415,7.790976233857865,0.5002066508048211,1.232877145119899,-0.8120712489877159,78.43201220192469,-0.93389806971254
newyork,piecewise,gbdt,14.963469128821812,2.2585762077010387,0.3185326675826324,0.747204628978028,0.6043586564346592,-0.18684583849960346,0.9081576801492354,0.9038235984048792,0.08214648749483378,0.9808429118773946,0.9808429118773946,0.019157088122605415,8.03610744493715,0.4768495247031489,1.232877145119899,-0.7636311641736495,65.87239814980943,-0.9135120122205249
newyork,average,oracle,12.826621153720923,0.002808293995417787,0.36449850876311113,0.747204628978028,0.5561252415580353,-0.3222523820694123,0.9081576801492354,0.9063034080627325,0.08829016007059642,0.9808429118773946,0.9808429118773946,0.019157088122605415,8.318840470275255,0.5944394178032462,1.232877145119899,-0.8603751716378276,51.15044005869518,-0.8994861824746563
newyork,average,median,14.56980410745873,1.7662205070044195,0.3907040648771824,0.747204628978028,0.5424304368709717,-0.23780480993711106,0.9081576801492354,0.8604939512750913,0.04308390022675734,0.9808429118773946,0.9808429118773946,0.019157088122605415,8.234285520020242,0.6052634518503625,1.232877145119899,-0.9098848649365103,81.0994059517676,-0.9382308012776004
newyork,average,kernel,14.277389012386436,2.314358654854997,0.36112507400332877,0.747204628978028,0.45496688001965974,-0.41315639556315137,0.9081576801492354,0.8934463769087274,0.07713101661025656,0.9808429118773946,0.9808429118773946,0.019157088122605415,8.404096798457067,0.6192598550093272,1.232877145119899,-0.9146836548124511,80.03766959561126,-0.9337869740313846
newyork,average,gbdt,14.88699470118951,3.5491981434796807,0.34129776705427656,0.747204628978028,0.5039822168604716,-0.3726528378182143,0.9081576801492354,0.8544396412095215,0.026015660779911354,0.9808429118773946,0.9808429118773946,0.019157088122605415,8.132330929777437,0.62149391776415,1.232877145119899,-0.902727913902656,65.32031739837265,-0.9104568809887515
paris,sum,oracle,44.97723318471111,-16.641180367094254,0.3555707336111847,0.6763775247069319,0.6763775247069319,0.3236224752930681,0.818012015444446,0.818012015444446,0.18198798455555398,0.9254958810164341,0.9254958810164341,0.0745041189835659,13.335970515089366,0.2371447289555484,1.5831195753420477,0.8169582070089483,39.827561836037496,-0.7675037418925661
paris,sum,median,58.5963416882543,-46.82911434021888,0.34610613177959604,0.6763775247069319,0.6763775247069319,0.3236224752930681,0.818012015444446,0.818012015444446,0.18198798455555398,0.9254958810164341,0.9254958810164341,0.0745041189835659,10.325863137940638,0.31273609233213917,1.5831195753420477,0.4031373464257948,42.889775272321636,-0.8204723099950109
paris,sum,kernel,50.287056916624614,-23.30334899946392,0.3831700143572016,0.6763775247069319,0.6763775247069319,0.3236224752930681,0.818012015444446,0.818012015444446,0.18198798455555398,0.9254958810164341,0.9254958810164341,0.0745041189835659,12.357693821709166,0.29185542437378903,1.5831195753420477,0.975756158465432,49.33743566819127,-0.8528188923998005
paris,sum,gbdt,48.94545325012606,-15.592255631416633,0.4034094869042807,0.6763775247069319,0.6763914637376117,0.3236085362623883,0.818012015444446,0.818012015444446,0.18198798455555398,0.9254958810164341,0.9254958810164341,0.0745041189835659,13.647127498613342,0.297333463430953,1.5831195753420477,1.0072947206205543,50.058696748009886,-0.8548561450191252
paris,piecewise,oracle,13.219461094393633,-0.0004657681421356079,0.4830571082086952,0.6763775247069319,0.7014677799305836,0.11821691919543909,0.818012015444446,0.8197265162180623,0.17843353173220333,0.9254958810164341,0.9254958810164341,0.0745041189835659,9.307409659036026,0.46058739075284705,1.5831195753420477,-1.055077681306245,57.63125672313845,-0.8859970064859471
paris,piecewise,median,14.450955809223423,2.6711086322248243,0.5292371168508941,0.6763775247069319,0.6593719072775679,0.08169665881434607,0.818012015444446,0.8179005031990075,0.18000864219902146,0.9254958810164341,0.9254958810164341,0.0745041189835659,8.480814496761827,0.34800183995204975,1.5831195753420477,-0.914463066774271,77.1674859066308,-0.9254116081822717
paris,piecewise,kernel,14.393238989735142,2.4448632183967187,0.5291674216974952,0.6763775247069319,0.6583961751299815,0.07609316848106384,0.818012015444446,0.818012015444446,0.18198798455555398,0.9254958810164341,0.9254958810164341,0.0745041189835659,8.768113076099313,0.3832257704799208,1.5831195753420477,-0.9684331093584932,77.18907859417241,-0.9255779145185432
paris,piecewise,gbdt,15.904215994696498,7.251945974478054,0.4936925886173876,0.6763775247069319,0.6580616383936662,-0.046486667317154784,0.818012015444446,0.7979676893268842,0.1428750644680169,0.9254958810164341,0.9254958810164341,0.0745041189835659,7.755310839765832,0.2693857069179409,1.5831195753420477,-0.7281097794486733,70.6470646055377,-0.916846831864294
paris,average,oracle,12.894521299995974,0.003149400687332771,0.46471334383406976,0.6763775247069319,0.7067227944968707,0.06292078448864658,0.818012015444446,0.8232530909800533,0.16829985642798395,0.9254958810164341,0.9254958810164341,0.0745041189835659,9.225371832623654,0.42921063269260257,1.5831195753420477,-1.0072714268809642,52.9025392353162,-0.8720272742391485
paris,average,median,14.55559800546873,2.9099678542340723,0.5281777505192289,0.6763775247069319,0.6627312136714013,0.10167128977850881,0.818012015444446,0.815419355738002,0.17515785952244878,0.9254958810164341,0.9254958810164341,0.0745041189835659,7.959770639921672,0.2912002899318381,1.5831195753420477,-0.7859086635861846,77.1172082364544,-0.9254947613504074
paris,average,kernel,14.350265635076394,3.1836175332162293,0.5399283533823058,0.6763775247069319,0.6829149300957611,0.039949261928325486,0.818012015444446,0.8102061582637543,0.16606961151921495,0.9254958810164341,0.9254958810164341,0.0745041189835659,8.577400222852901,0.3544277330954405,1.5831195753420477,-0.8745964551250274,69.99952086579644,-0.9136870114751372
paris,average,gbdt,13.849648733588692,2.53567633893841,0.49986757920854186,0.6763775247069319,0.6633724090826724,0.025480548082686294,0.818012015444446,0.8155866241061597,0.1767190309585871,0.9254958810164341,0.9254958810164341,0.0745041189835659,8.685029374242482,0.3311495518601636,1.5831195753420477,-0.859497642481951,66.37969376512305,-0.9091135872276734
prague,sum,oracle,41.47340068565446,-14.3090469174943,0.3542704506007258,0.8142032775060298,0.8142032775060298,0.18579672249397017,0.9283073732615017,0.9283073732615017,0.0716926267384983,0.979228185650204,0.979228185650204,0.020771814349796025,14.747325688416,0.2690530396952415,1.6976795773017623,0.882629236339604,45.728979957500094,-0.8293276543961059
prague,sum,median,51.2858249519849,-34.13130799626033,0.3353132114600004,0.8142032775060298,0.8142032775060298,0.18579672249397017,0.9283073732615017,0.9283073732615017,0.0716926267384983,0.979228185650204,0.979228185650204,0.020771814349796025,14.202731968241709,0.28624078624078625,1.6976795773017623,0.34910358831605093,39.58176281090807,-0.8010952236081533
prague,sum,kernel,47.71141921197966,-19.80816605342278,0.3765074499019453,0.8142032775060298,0.8142032775060298,0.18579672249397017,0.9283073732615017,0.9283073732615017,0.0716926267384983,0.979228185650204,0.979228185650204,0.020771814349796025,15.550502795501947,0.25451389671573155,1.6976795773017623,0.7503089579092141,59.74637730415158,-0.8682080924855491
prague,sum,gbdt,46.57096472600181,-23.699161264431517,0.3681333543718865,0.8142032775060298,0.8142032775060298,0.18579672249397017,0.9283073732615017,0.9283073732615017,0.0716926267384983,0.979228185650204,0.979228185650204,0.020771814349796025,16.06946951051053,0.33999053265108303,1.6976795773017623,1.0520477671583994,57.50588230827851,-0.8718588378460602
prague,piecewise,oracle,12.088024125404328,0.00018266473559269504,0.5540653247075266,0.8142032775060298,0.7870748145977504,0.08942136465072237,0.9283073732615017,0.9283073732615017,0.0716926267384983,0.979228185650204,0.979228185650204,0.020771814349796025,7.25909386222983,0.2708563442508397,1.6976795773017623,-0.6870599265652262,60.7473178901423,-0.916550045634317
prague,piecewise,median,12.95075722567519,1.6908823823623065,0.5206591078150711,0.8142032775060298,0.6460338570430314,-0.1412663706241688,0.9283073732615017,0.9283073732615017,0.0716926267384983,0.979228185650204,0.979228185650204,0.020771814349796025,8.546511756253997,0.39166647882244215,1.6976795773017623,-0.9906836121180558,77.87937523358228,-0.9309400669303316
prague,piecewise,kernel,12.984341959933918,2.112371270907088,0.5242093636589049,0.8142032775060298,0.6491220160944932,-0.13865157901855152,0.9283073732615017,0.9283073732615017,0.0716926267384983,0.979228185650204,0.979228185650204,0.020771814349796025,8.24323553818842,0.35667109979036593,1.6976795773017623,-0.9373495301620656,78.21571416242543,-0.9310617584423486
prague,piecewise,gbdt,13.22017876059077,1.8628490285867907,0.410150350517323,0.8142032775060298,0.7070644455965557,-0.03213263305006431,0.9283073732615017,0.9283073732615017,0.0716926267384983,0.979228185650204,0.979228185650204,0.020771814349796025,8.254961954033169,0.2954601807812817,1.6976795773017623,-0.8169162973564649,84.09465680202086,-0.9117128080316398
prague,average,oracle,12.009815287442184,0.0048150233451161595,0.5496246872393661,0.8142032775060298,0.8036426752023083,0.09323084552442351,0.9283073732615017,0.9282961026080292,0.0716813560850258,0.979228185650204,0.979228185650204,0.020771814349796025,7.663642551201386,0.2556860446768704,1.6976795773017623,-0.6524453536232464,62.134739237146775,-0.9119866139336781
prague,average,median,13.016837645594551,2.1385388789925863,0.5113608187002683,0.8142032775060298,0.6594459346752924,-0.11687667650970401,0.9283073732615017,0.9283073732615017,0.0716926267384983,0.979228185650204,0.979228185650204,0.020771814349796025,7.914541867831566,0.328494466109145,1.6976795773017623,-0.8355492647474011,78.45227795219287,-0.9311834499543656
prague,average,kernel,12.902115273868493,1.7741566927415975,0.5189459684872529,0.8142032775060298,0.6932353537858125,-0.06604602934878168,0.9283073732615017,0.9283073732615017,0.0716926267384983,0.979228185650204,0.979228185650204,0.020771814349796025,7.667048647738679,0.2862407862407862,1.6976795773017623,-0.748026731727167,79.22348544064724,-0.9313051414663827
prague,average,gbdt,14.002394494984497,-2.9154988083531905,0.46921984536663436,0.8142032775060298,0.731882424542975,0.031050650316705286,0.9283073732615017,0.9281157721524694,0.07096003426278652,0.979228185650204,0.979228185650204,0.020771814349796025,9.201058104506151,0.41012780921037806,1.6976795773017623,-0.8568533005163063,67.20129318972984,-0.9007909948281108
vienna,sum,oracle,44.268161100596906,-15.714140983016998,0.3972019005958217,0.6410488473238304,0.6410488473238304,0.3589511526761696,0.8048118259295572,0.8048118259295572,0.19518817407044275,0.9233476632224652,0.9233476632224652,0.0766523367775348,15.392168281626434,0.2970686577670514,1.7129426303724664,1.0324966747066593,46.454863493224764,-0.83667508113956
vienna,sum,median,60.8743751612029,-53.125176688588716,0.3423460793926138,0.6410488473238304,0.6410488473238304,0.3589511526761696,0.8048118259295572,0.8048118259295572,0.19518817407044275,0.9233476632224652,0.9233476632224652,0.0766523367775348,11.650110270027954,0.2690750936470825,1.7129426303724664,0.34260087685740337,42.70579876347342,-0.8170934006491165
vienna,sum,kernel,49.38766196798362,-24.66884085103229,0.33763230007290645,0.6410488473238304,0.6428463685044121,0.3561228850843452,0.8048118259295572,0.8048118259295572,0.19518817407044275,0.9233476632224652,0.9233476632224652,0.0766523367775348,13.35371489823688,0.21506146768232903,1.7129426303724664,0.6968272950187437,48.54498409096693,-0.8243058059862964
vienna,sum,gbdt,49.880003301356666,-33.143651605550815,0.36449455715614554,0.6410488473238304,0.6410488473238304,0.3589511526761696,0.8048118259295572,0.8048118259295572,0.19518817407044275,0.9233476632224652,0.9233476632224652,0.0766523367775348,13.183440849532278,0.28356839379540943,1.7129426303724664,0.9707090054293646,48.49600115711365,-0.8530111792282726
vienna,piecewise,oracle,12.504671052744756,0.00015213938748709043,0.5087487744173769,0.6410488473238304,0.6686653090982226,0.0665082836815245,0.8048118259295572,0.806383085702793,0.17823113859768214,0.9233476632224652,0.9233476632224652,0.0766523367775348,8.994185637022573,0.42298313095507456,1.7129426303724664,-1.019037471979292,49.227705329526515,-0.8948791922106022
vienna,piecewise,median,13.337033240945932,-2.686870079305571,0.5177238102420997,0.6410488473238304,0.6226713930160646,0.13751665535359625,0.8048118259295572,0.8048118259295572,0.19518817407044275,0.9233476632224652,0.9233476632224652,0.0766523367775348,9.330154490794097,0.4216255625109988,1.7129426303724664,-1.067799211568381,76.65949311994407,-0.929102055535521
vienna,piecewise,kernel,13.158668209885063,-2.2976280172995116,0.5289237499057244,0.6410488473238304,0.6347512381527013,0.12754858335218844,0.8048118259295572,0.8048118259295572,0.19518817407044275,0.9233476632224652,0.9233476632224652,0.0766523367775348,9.053295176597125,0.3922618598687684,1.7129426303724664,-1.0224517682699594,73.41507799480388,-0.9271186440677966
vienna,piecewise,gbdt,13.615678273961544,0.2753330561215035,0.4519320210171707,0.6410488473238304,0.6429343590517133,0.07413832114035745,0.8048118259295572,0.8023732307614954,0.18266837619730003,0.9233476632224652,0.9233476632224652,0.0766523367775348,8.991613992246045,0.3802700052794328,1.7129426303724664,-0.9785995204551352,56.17710961840521,-0.897475658131987
vienna,average,oracle,12.196197268785935,0.0009262985328084161,0.5122432561530532,0.6410488473238304,0.690512104985293,0.017635819694798438,0.8048118259295572,0.8077029439123111,0.1725871734922192,0.9233476632224652,0.9232848128315359,0.07648892576111832,8.986599144170107,0.37206174422404903,1.7129426303724664,-0.9068940184764008,50.38972274988458,-0.8908763072484673
vienna,average,median,13.282685964089481,-2.382173573492306,0.5167307740654147,0.6410488473238304,0.6235387284108908,0.14517183296880098,0.8048118259295572,0.8048118259295572,0.19518817407044275,0.9233476632224652,0.9233476632224652,0.0766523367775348,8.769135787817227,0.3706413253890439,1.7129426303724664,-0.9481383901488114,76.54030895922052,-0.9288856833754057
vienna,average,kernel,13.764101740327009,-4.330820826612578,0.5167559142217865,0.6410488473238304,0.6341730145561505,0.23446966840133743,0.8048118259295572,0.8048118259295572,0.19518817407044275,0.9233476632224652,0.9233476632224652,0.0766523367775348,8.790085822350822,0.37333132212082354,1.7129426303724664,-0.9531647520742522,76.52942904415919,-0.9289578074287775
vienna,average,gbdt,13.529593126473497,-4.076285860682167,0.5284963672474042,0.6410488473238304,0.6427206677225532,0.2255197727329864,0.8048118259295572,0.8048118259295572,0.19518817407044275,0.9233476632224652,0.9233476632224652,0.0766523367775348,8.79004944284901,0.3795032305100937,1.7129426303724664,-0.9597788137366529,76.49809772132055,-0.9284890010818608
