fold,model,operator,K,cov_true_of_pred_plan,cov_true_of_true_plan,regret,sites_pred,sites_true
amsterdam,sum,oracle,3,0.6435491257530032,0.7582639533108656,0.11471482755786244,,
amsterdam,sum,oracle,5,0.7040946934557709,0.8437745863619817,0.13967989290621075,,
amsterdam,sum,oracle,8,0.7040946934557709,0.9032985356803156,0.19920384222454468,,
amsterdam,sum,oracle,-1,0.5463544663511783,,,2.0,8.0
amsterdam,sum,median,3,0.5594358787679518,0.7582639533108656,0.19882807454291385,,
amsterdam,sum,median,5,0.5594358787679518,0.8437745863619817,0.2843387075940299,,
amsterdam,sum,median,8,0.5594358787679518,0.9032985356803156,0.34386265691236384,,
amsterdam,sum,median,-1,0.5594358787679518,,,1.0,8.0
amsterdam,sum,kernel,3,0.724374405523785,0.7582639533108656,0.03388954778708064,,
amsterdam,sum,kernel,5,0.724374405523785,0.8437745863619817,0.1194001808381967,,
amsterdam,sum,kernel,8,0.724374405523785,0.9032985356803156,0.17892413015653064,,
amsterdam,sum,kernel,-1,0.6492678401578225,,,2.0,8.0
amsterdam,sum,gbdt,3,0.7504315456968729,0.7582639533108656,0.007832407613992731,,
amsterdam,sum,gbdt,5,0.8200190232388825,0.8437745863619817,0.02375556312309912,,
amsterdam,sum,gbdt,8,0.8200190232388825,0.9032985356803156,0.08327951244143306,,
amsterdam,sum,gbdt,-1,0.7504315456968729,,,3.0,8.0
amsterdam,piecewise,oracle,3,0.5594358787679518,0.7582639533108656,0.19882807454291385,,
amsterdam,piecewise,oracle,5,0.5594358787679518,0.8437745863619817,0.2843387075940299,,
amsterdam,piecewise,oracle,8,0.5594358787679518,0.9032985356803156,0.34386265691236384,,
amsterdam,piecewise,oracle,-1,0.5594358787679518,,,1.0,8.0
amsterdam,piecewise,median,3,0.5594358787679518,0.7582639533108656,0.19882807454291385,,
amsterdam,piecewise,median,5,0.5594358787679518,0.8437745863619817,0.2843387075940299,,
amsterdam,piecewise,median,8,0.5594358787679518,0.9032985356803156,0.34386265691236384,,
amsterdam,piecewise,median,-1,0.5594358787679518,,,1.0,8.0
amsterdam,piecewise,kernel,3,0.5594358787679518,0.7582639533108656,0.19882807454291385,,
amsterdam,piecewise,kernel,5,0.5594358787679518,0.8437745863619817,0.2843387075940299,,
amsterdam,piecewise,kernel,8,0.5594358787679518,0.9032985356803156,0.34386265691236384,,
amsterdam,piecewise,kernel,-1,0.5594358787679518,,,1.0,8.0
amsterdam,piecewise,gbdt,3,0.33182634836012637,0.7582639533108656,0.42643760495073924,,
amsterdam,piecewise,gbdt,5,0.33182634836012637,0.8437745863619817,0.5119482380018553,,
amsterdam,piecewise,gbdt,8,0.33182634836012637,0.9032985356803156,0.5714721873201892,,
amsterdam,piecewise,gbdt,-1,0.33182634836012637,,,1.0,8.0
amsterdam,average,oracle,3,0.5594358787679518,0.7582639533108656,0.19882807454291385,,
amsterdam,average,oracle,5,0.5594358787679518,0.8437745863619817,0.2843387075940299,,
amsterdam,average,oracle,8,0.5594358787679518,0.9032985356803156,0.34386265691236384,,
amsterdam,average,oracle,-1,0.5594358787679518,,,1.0,8.0
amsterdam,average,median,3,0.5594358787679518,0.7582639533108656,0.19882807454291385,,
amsterdam,average,median,5,0.5594358787679518,0.8437745863619817,0.2843387075940299,,
amsterdam,average,median,8,0.5594358787679518,0.9032985356803156,0.34386265691236384,,
amsterdam,average,median,-1,0.5594358787679518,,,1.0,8.0
amsterdam,average,kernel,3,0.5594358787679518,0.7582639533108656,0.19882807454291385,,
amsterdam,average,kernel,5,0.5594358787679518,0.8437745863619817,0.2843387075940299,,
amsterdam,average,kernel,8,0.5594358787679518,0.9032985356803156,0.34386265691236384,,
amsterdam,average,kernel,-1,0.5594358787679518,,,1.0,8.0
amsterdam,average,gbdt,3,0.5594358787679518,0.7582639533108656,0.19882807454291385,,
amsterdam,average,gbdt,5,0.5594358787679518,0.8437745863619817,0.2843387075940299,,
amsterdam,average,gbdt,8,0.5594358787679518,0.9032985356803156,0.34386265691236384,,
amsterdam,average,gbdt,-1,0.5594358787679518,,,1.0,8.0
barcelona,sum,oracle,3,0.6353327518087126,0.6964954589768587,0.06116270716814609,,
barcelona,sum,oracle,5,0.6825773513263892,0.786995228077377,0.10441787675098779,,
barcelona,sum,oracle,8,0.6825773513263892,0.8521858484273179,0.16960849710092873,,
barcelona,sum,oracle,-1,0.5882933962748217,,,2.0,13.0
barcelona,sum,median,3,0.47080404330648057,0.6964954589768587,0.22569141567037815,,
barcelona,sum,median,5,0.47080404330648057,0.786995228077377,0.3161911847708964,,
barcelona,sum,median,8,0.47080404330648057,0.8521858484273179,0.38138180512083736,,
barcelona,sum,median,-1,0.47080404330648057,,,1.0,13.0
barcelona,sum,kernel,3,0.6428498127148647,0.6964954589768587,0.05364564626199397,,
barcelona,sum,kernel,5,0.6428498127148647,0.786995228077377,0.14414541536251224,,
barcelona,sum,kernel,8,0.6428498127148647,0.8521858484273179,0.20933603571245318,,
barcelona,sum,kernel,-1,0.42581712761044693,,,1.0,13.0
barcelona,sum,gbdt,3,0.6848606906460054,0.6964954589768587,0.011634768330853307,,
barcelona,sum,gbdt,5,0.6848606906460054,0.786995228077377,0.10213453743137157,,
barcelona,sum,gbdt,8,0.6848606906460054,0.8521858484273179,0.16732515778131252,,
barcelona,sum,gbdt,-1,0.6848606906460054,,,3.0,13.0
barcelona,piecewise,oracle,3,0.33316229668017855,0.6964954589768587,0.36333316229668017,,
barcelona,piecewise,oracle,5,0.33316229668017855,0.786995228077377,0.45383293139719844,,
barcelona,piecewise,oracle,8,0.33316229668017855,0.8521858484273179,0.5190235517471393,,
barcelona,piecewise,oracle,-1,0.33316229668017855,,,1.0,13.0
barcelona,piecewise,median,3,0.45978500692698443,0.6964954589768587,0.2367104520498743,,
barcelona,piecewise,median,5,0.45978500692698443,0.786995228077377,0.32721022115039256,,
barcelona,piecewise,median,8,0.45978500692698443,0.8521858484273179,0.3924008415003335,,
barcelona,piecewise,median,-1,0.45978500692698443,,,1.0,13.0
barcelona,piecewise,kernel,3,0.33316229668017855,0.6964954589768587,0.36333316229668017,,
barcelona,piecewise,kernel,5,0.33316229668017855,0.786995228077377,0.45383293139719844,,
barcelona,piecewise,kernel,8,0.33316229668017855,0.8521858484273179,0.5190235517471393,,
barcelona,piecewise,kernel,-1,0.33316229668017855,,,1.0,13.0
barcelona,piecewise,gbdt,3,0.34015341987787984,0.6964954589768587,0.3563420390989789,,
barcelona,piecewise,gbdt,5,0.34015341987787984,0.786995228077377,0.44684180819949715,,
barcelona,piecewise,gbdt,8,0.34015341987787984,0.8521858484273179,0.5120324285494381,,
barcelona,piecewise,gbdt,-1,0.34015341987787984,,,1.0,13.0
barcelona,average,oracle,3,0.33316229668017855,0.6964954589768587,0.36333316229668017,,
barcelona,average,oracle,5,0.33316229668017855,0.786995228077377,0.45383293139719844,,
barcelona,average,oracle,8,0.33316229668017855,0.8521858484273179,0.5190235517471393,,
barcelona,average,oracle,-1,0.33316229668017855,,,1.0,13.0
barcelona,average,median,3,0.45978500692698443,0.6964954589768587,0.2367104520498743,,
barcelona,average,median,5,0.45978500692698443,0.786995228077377,0.32721022115039256,,
barcelona,average,median,8,0.45978500692698443,0.8521858484273179,0.3924008415003335,,
barcelona,average,median,-1,0.45978500692698443,,,1.0,13.0
barcelona,average,kernel,3,0.34015341987787984,0.6964954589768587,0.3563420390989789,,
barcelona,average,kernel,5,0.34015341987787984,0.786995228077377,0.44684180819949715,,
barcelona,average,kernel,8,0.34015341987787984,0.8521858484273179,0.5120324285494381,,
barcelona,average,kernel,-1,0.34015341987787984,,,1.0,13.0
barcelona,average,gbdt,3,0.34015341987787984,0.6964954589768587,0.3563420390989789,,
barcelona,average,gbdt,5,0.34015341987787984,0.786995228077377,0.44684180819949715,,
barcelona,average,gbdt,8,0.34015341987787984,0.8521858484273179,0.5120324285494381,,
barcelona,average,gbdt,-1,0.34015341987787984,,,1.0,13.0
berlin,sum,oracle,3,0.7335700603765977,0.9311998028519262,0.1976297424753285,,
berlin,sum,oracle,5,0.7335700603765977,0.9567954476717485,0.22322538729515085,,
berlin,sum,oracle,8,0.7335700603765977,0.9711222878137847,0.23755222743718707,,
berlin,sum,oracle,-1,0.6650274999159881,,,2.0,3.0
berlin,sum,median,3,0.6842382355247387,0.9311998028519262,0.24696156732718744,,
berlin,sum,median,5,0.6842382355247387,0.9567954476717485,0.2725572121470098,,
berlin,sum,median,8,0.6842382355247387,0.9711222878137847,0.286884052289046,,
berlin,sum,median,-1,0.6842382355247387,,,1.0,3.0
berlin,sum,kernel,3,0.9136020969386041,0.9311998028519262,0.017597705913322104,,
berlin,sum,kernel,5,0.9406987555027836,0.9567954476717485,0.01609669216896492,,
berlin,sum,kernel,8,0.9406987555027836,0.9711222878137847,0.030423532311001145,,
berlin,sum,kernel,-1,0.6842382355247387,,,1.0,3.0
berlin,sum,gbdt,3,0.7046923481903823,0.9311998028519262,0.22650745466154387,,
berlin,sum,gbdt,5,0.7046923481903823,0.9567954476717485,0.2521030994813662,,
berlin,sum,gbdt,8,0.7046923481903823,0.9711222878137847,0.26642993962340245,,
berlin,sum,gbdt,-1,0.6085602589808788,,,1.0,3.0
berlin,piecewise,oracle,3,0.6842382355247387,0.9311998028519262,0.24696156732718744,,
berlin,piecewise,oracle,5,0.6842382355247387,0.9567954476717485,0.2725572121470098,,
berlin,piecewise,oracle,8,0.6842382355247387,0.9711222878137847,0.286884052289046,,
berlin,piecewise,oracle,-1,0.6842382355247387,,,1.0,3.0
berlin,piecewise,median,3,0.6842382355247387,0.9311998028519262,0.24696156732718744,,
berlin,piecewise,median,5,0.6842382355247387,0.9567954476717485,0.2725572121470098,,
berlin,piecewise,median,8,0.6842382355247387,0.9711222878137847,0.286884052289046,,
berlin,piecewise,median,-1,0.6842382355247387,,,1.0,3.0
berlin,piecewise,kernel,3,0.6842382355247387,0.9311998028519262,0.24696156732718744,,
berlin,piecewise,kernel,5,0.6842382355247387,0.9567954476717485,0.2725572121470098,,
berlin,piecewise,kernel,8,0.6842382355247387,0.9711222878137847,0.286884052289046,,
berlin,piecewise,kernel,-1,0.6842382355247387,,,1.0,3.0
berlin,piecewise,gbdt,3,0.6842382355247387,0.9311998028519262,0.24696156732718744,,
berlin,piecewise,gbdt,5,0.6842382355247387,0.9567954476717485,0.2725572121470098,,
berlin,piecewise,gbdt,8,0.6842382355247387,0.9711222878137847,0.286884052289046,,
berlin,piecewise,gbdt,-1,0.6842382355247387,,,1.0,3.0
berlin,average,oracle,3,0.6842382355247387,0.9311998028519262,0.24696156732718744,,
berlin,average,oracle,5,0.6842382355247387,0.9567954476717485,0.2725572121470098,,
berlin,average,oracle,8,0.6842382355247387,0.9711222878137847,0.286884052289046,,
berlin,average,oracle,-1,0.6842382355247387,,,1.0,3.0
berlin,average,median,3,0.6842382355247387,0.9311998028519262,0.24696156732718744,,
berlin,average,median,5,0.6842382355247387,0.9567954476717485,0.2725572121470098,,
berlin,average,median,8,0.6842382355247387,0.9711222878137847,0.286884052289046,,
berlin,average,median,-1,0.6842382355247387,,,1.0,3.0
berlin,average,kernel,3,0.6842382355247387,0.9311998028519262,0.24696156732718744,,
berlin,average,kernel,5,0.6842382355247387,0.9567954476717485,0.2725572121470098,,
berlin,average,kernel,8,0.6842382355247387,0.9711222878137847,0.286884052289046,,
berlin,average,kernel,-1,0.6842382355247387,,,1.0,3.0
berlin,average,gbdt,3,0.6842382355247387,0.9311998028519262,0.24696156732718744,,
berlin,average,gbdt,5,0.6842382355247387,0.9567954476717485,0.2725572121470098,,
berlin,average,gbdt,8,0.6842382355247387,0.9711222878137847,0.286884052289046,,
berlin,average,gbdt,-1,0.6842382355247387,,,1.0,3.0
chicago,sum,oracle,3,0.6557329656644725,0.9033757338551859,0.2476427681907134,,
chicago,sum,oracle,5,0.6557329656644725,0.9521659847002313,0.2964330190357588,,
chicago,sum,oracle,8,0.6557329656644725,0.9819760718733321,0.32624310620885966,,
chicago,sum,oracle,-1,0.6557329656644725,,,2.0,3.0
chicago,sum,median,3,0.6276685643123999,0.9033757338551859,0.27570716954278596,,
chicago,sum,median,5,0.6276685643123999,0.9521659847002313,0.32449742038783136,,
chicago,sum,median,8,0.6276685643123999,0.9819760718733321,0.3543075075609322,,
chicago,sum,median,-1,0.6276685643123999,,,1.0,3.0
chicago,sum,kernel,3,0.8081413449564134,0.9033757338551859,0.09523438889877245,,
chicago,sum,kernel,5,0.8337929194093577,0.9521659847002313,0.11837306529087355,,
chicago,sum,kernel,8,0.8337929194093577,0.9819760718733321,0.1481831524639744,,
chicago,sum,kernel,-1,0.7272393702188222,,,2.0,3.0
chicago,sum,gbdt,3,0.8054727806440135,0.9033757338551859,0.09790295321117237,,
chicago,sum,gbdt,5,0.8054727806440135,0.9521659847002313,0.14669320405621777,,
chicago,sum,gbdt,8,0.8054727806440135,0.9819760718733321,0.17650329122931863,,
chicago,sum,gbdt,-1,0.6276685643123999,,,1.0,3.0
chicago,piecewise,oracle,3,0.6744796299590821,0.9033757338551859,0.22889610389610382,,
chicago,piecewise,oracle,5,0.6744796299590821,0.9521659847002313,0.2776863547411492,,
chicago,piecewise,oracle,8,0.6744796299590821,0.9819760718733321,0.3074964419142501,,
chicago,piecewise,oracle,-1,0.6744796299590821,,,1.0,3.0
chicago,piecewise,median,3,0.6744796299590821,0.9033757338551859,0.22889610389610382,,
chicago,piecewise,median,5,0.6744796299590821,0.9521659847002313,0.2776863547411492,,
chicago,piecewise,median,8,0.6744796299590821,0.9819760718733321,0.3074964419142501,,
chicago,piecewise,median,-1,0.6744796299590821,,,1.0,3.0
chicago,piecewise,kernel,3,0.6744796299590821,0.9033757338551859,0.22889610389610382,,
chicago,piecewise,kernel,5,0.6744796299590821,0.9521659847002313,0.2776863547411492,,
chicago,piecewise,kernel,8,0.6744796299590821,0.9819760718733321,0.3074964419142501,,
chicago,piecewise,kernel,-1,0.6744796299590821,,,1.0,3.0
chicago,piecewise,gbdt,3,0.6744796299590821,0.9033757338551859,0.22889610389610382,,
chicago,piecewise,gbdt,5,0.6744796299590821,0.9521659847002313,0.2776863547411492,,
chicago,piecewise,gbdt,8,0.6744796299590821,0.9819760718733321,0.3074964419142501,,
chicago,piecewise,gbdt,-1,0.6744796299590821,,,1.0,3.0
chicago,average,oracle,3,0.6744796299590821,0.9033757338551859,0.22889610389610382,,
chicago,average,oracle,5,0.6744796299590821,0.9521659847002313,0.2776863547411492,,
chicago,average,oracle,8,0.6744796299590821,0.9819760718733321,0.3074964419142501,,
chicago,average,oracle,-1,0.6744796299590821,,,1.0,3.0
chicago,average,median,3,0.6744796299590821,0.9033757338551859,0.22889610389610382,,
chicago,average,median,5,0.6744796299590821,0.9521659847002313,0.2776863547411492,,
chicago,average,median,8,0.6744796299590821,0.9819760718733321,0.3074964419142501,,
chicago,average,median,-1,0.6744796299590821,,,1.0,3.0
chicago,average,kernel,3,0.6744796299590821,0.9033757338551859,0.22889610389610382,,
chicago,average,kernel,5,0.6744796299590821,0.9521659847002313,0.2776863547411492,,
chicago,average,kernel,8,0.6744796299590821,0.9819760718733321,0.3074964419142501,,
chicago,average,kernel,-1,0.6744796299590821,,,1.0,3.0
chicago,average,gbdt,3,0.6744796299590821,0.9033757338551859,0.22889610389610382,,
chicago,average,gbdt,5,0.6744796299590821,0.9521659847002313,0.2776863547411492,,
chicago,average,gbdt,8,0.6744796299590821,0.9819760718733321,0.3074964419142501,,
chicago,average,gbdt,-1,0.6744796299590821,,,1.0,3.0
hamburg,sum,oracle,3,0.7671438492730246,0.907005399108363,0.13986154983533838,,
hamburg,sum,oracle,5,0.7671438492730246,0.9508031453726729,0.18365929609964826,,
hamburg,sum,oracle,8,0.7671438492730246,0.9745390595246096,0.20739521025158503,,
hamburg,sum,oracle,-1,0.5127024665636132,,,1.0,3.0
hamburg,sum,median,3,0.6703295472365974,0.907005399108363,0.23667585187176554,,
hamburg,sum,median,5,0.6703295472365974,0.9508031453726729,0.2804735981360754,,
hamburg,sum,median,8,0.6703295472365974,0.9745390595246096,0.3042095122880122,,
hamburg,sum,median,-1,0.6703295472365974,,,1.0,3.0
hamburg,sum,kernel,3,0.873557810784775,0.907005399108363,0.03344758832358796,,
hamburg,sum,kernel,5,0.873557810784775,0.9508031453726729,0.07724533458789784,,
hamburg,sum,kernel,8,0.873557810784775,0.9745390595246096,0.1009812487398346,,
hamburg,sum,kernel,-1,0.6703295472365974,,,1.0,3.0
hamburg,sum,gbdt,3,0.8843000201626453,0.907005399108363,0.02270537894571767,,
hamburg,sum,gbdt,5,0.9027040347693618,0.9508031453726729,0.04809911060331107,,
hamburg,sum,gbdt,8,0.9027040347693618,0.9745390595246096,0.07183502475524783,,
hamburg,sum,gbdt,-1,0.7497591684028945,,,2.0,3.0
hamburg,piecewise,oracle,3,0.7002262696865829,0.907005399108363,0.20677912942178012,,
hamburg,piecewise,oracle,5,0.7002262696865829,0.9508031453726729,0.25057687568609,,
hamburg,piecewise,oracle,8,0.7002262696865829,0.9745390595246096,0.27431278983802676,,
hamburg,piecewise,oracle,-1,0.7002262696865829,,,1.0,3.0
hamburg,piecewise,median,3,0.6912090866321662,0.907005399108363,0.2157963124761968,,
hamburg,piecewise,median,5,0.6912090866321662,0.9508031453726729,0.2595940587405067,,
hamburg,piecewise,median,8,0.6912090866321662,0.9745390595246096,0.28332997289244344,,
hamburg,piecewise,median,-1,0.6912090866321662,,,1.0,3.0
hamburg,piecewise,kernel,3,0.6703295472365974,0.907005399108363,0.23667585187176554,,
hamburg,piecewise,kernel,5,0.6703295472365974,0.9508031453726729,0.2804735981360754,,
hamburg,piecewise,kernel,8,0.6703295472365974,0.9745390595246096,0.3042095122880122,,
hamburg,piecewise,kernel,-1,0.6703295472365974,,,1.0,3.0
hamburg,piecewise,gbdt,3,0.7002262696865829,0.907005399108363,0.20677912942178012,,
hamburg,piecewise,gbdt,5,0.7002262696865829,0.9508031453726729,0.25057687568609,,
hamburg,piecewise,gbdt,8,0.7002262696865829,0.9745390595246096,0.27431278983802676,,
hamburg,piecewise,gbdt,-1,0.7002262696865829,,,1.0,3.0
hamburg,average,oracle,3,0.7002262696865829,0.907005399108363,0.20677912942178012,,
hamburg,average,oracle,5,0.7002262696865829,0.9508031453726729,0.25057687568609,,
hamburg,average,oracle,8,0.7002262696865829,0.9745390595246096,0.27431278983802676,,
hamburg,average,oracle,-1,0.7002262696865829,,,1.0,3.0
hamburg,average,median,3,0.6912090866321662,0.907005399108363,0.2157963124761968,,
hamburg,average,median,5,0.6912090866321662,0.9508031453726729,0.2595940587405067,,
hamburg,average,median,8,0.6912090866321662,0.9745390595246096,0.28332997289244344,,
hamburg,average,median,-1,0.6912090866321662,,,1.0,3.0
hamburg,average,kernel,3,0.8072339090888725,0.907005399108363,0.09977149001949048,,
hamburg,average,kernel,5,0.8572260680601295,0.9508031453726729,0.09357707731254339,,
hamburg,average,kernel,8,0.8572260680601295,0.9745390595246096,0.11731299146448015,,
hamburg,average,kernel,-1,0.46126531800972287,,,1.0,3.0
hamburg,average,gbdt,3,0.7002262696865829,0.907005399108363,0.20677912942178012,,
hamburg,average,gbdt,5,0.7002262696865829,0.9508031453726729,0.25057687568609,,
hamburg,average,gbdt,8,0.7002262696865829,0.9745390595246096,0.27431278983802676,,
hamburg,average,gbdt,-1,0.7002262696865829,,,1.0,3.0
london,sum,oracle,3,0.7580060629544366,0.8719029927290133,0.11389692977457666,,
london,sum,oracle,5,0.8553666263989241,0.9221616939803524,0.06679506758142828,,
london,sum,oracle,8,0.8553666263989241,0.9517470881863561,0.09638046178743198,,
london,sum,oracle,-1,0.5149522485355458,,,1.0,4.0
london,sum,median,3,0.5149522485355458,0.8719029927290133,0.3569507441934675,,
london,sum,median,5,0.5149522485355458,0.9221616939803524,0.40720944544480664,,
london,sum,median,8,0.5149522485355458,0.9517470881863561,0.43679483965081034,,
london,sum,median,-1,0.5149522485355458,,,1.0,4.0
london,sum,kernel,3,0.8316504456043581,0.8719029927290133,0.0402525471246552,,
london,sum,kernel,5,0.8915506119937091,0.9221616939803524,0.030611081986643307,,
london,sum,kernel,8,0.8915506119937091,0.9517470881863561,0.06019647619264701,,
london,sum,kernel,-1,0.5149522485355458,,,1.0,4.0
london,sum,gbdt,3,0.7353383630023022,0.8719029927290133,0.13656462972671113,,
london,sum,gbdt,5,0.7353383630023022,0.9221616939803524,0.18682333097805026,,
london,sum,gbdt,8,0.7353383630023022,0.9517470881863561,0.21640872518405396,,
london,sum,gbdt,-1,0.5149522485355458,,,1.0,4.0
london,piecewise,oracle,3,0.5389647391334078,0.8719029927290133,0.33293825359560547,,
london,piecewise,oracle,5,0.5389647391334078,0.9221616939803524,0.3831969548469446,,
london,piecewise,oracle,8,0.5389647391334078,0.9517470881863561,0.4127823490529483,,
london,piecewise,oracle,-1,0.5389647391334078,,,1.0,4.0
london,piecewise,median,3,0.5389647391334078,0.8719029927290133,0.33293825359560547,,
london,piecewise,median,5,0.5389647391334078,0.9221616939803524,0.3831969548469446,,
london,piecewise,median,8,0.5389647391334078,0.9517470881863561,0.4127823490529483,,
london,piecewise,median,-1,0.5389647391334078,,,1.0,4.0
london,piecewise,kernel,3,0.5389647391334078,0.8719029927290133,0.33293825359560547,,
london,piecewise,kernel,5,0.5389647391334078,0.9221616939803524,0.3831969548469446,,
london,piecewise,kernel,8,0.5389647391334078,0.9517470881863561,0.4127823490529483,,
london,piecewise,kernel,-1,0.5389647391334078,,,1.0,4.0
london,piecewise,gbdt,3,0.5389647391334078,0.8719029927290133,0.33293825359560547,,
london,piecewise,gbdt,5,0.5389647391334078,0.9221616939803524,0.3831969548469446,,
london,piecewise,gbdt,8,0.5389647391334078,0.9517470881863561,0.4127823490529483,,
london,piecewise,gbdt,-1,0.5389647391334078,,,1.0,4.0
london,average,oracle,3,0.6362113372689353,0.8719029927290133,0.23569165546007798,,
london,average,oracle,5,0.6362113372689353,0.9221616939803524,0.2859503567114171,,
london,average,oracle,8,0.6362113372689353,0.9517470881863561,0.3155357509174208,,
london,average,oracle,-1,0.6362113372689353,,,1.0,4.0
london,average,median,3,0.6362113372689353,0.8719029927290133,0.23569165546007798,,
london,average,median,5,0.6362113372689353,0.9221616939803524,0.2859503567114171,,
london,average,median,8,0.6362113372689353,0.9517470881863561,0.3155357509174208,,
london,average,median,-1,0.6362113372689353,,,1.0,4.0
london,average,kernel,3,0.5389647391334078,0.8719029927290133,0.33293825359560547,,
london,average,kernel,5,0.5389647391334078,0.9221616939803524,0.3831969548469446,,
london,average,kernel,8,0.5389647391334078,0.9517470881863561,0.4127823490529483,,
london,average,kernel,-1,0.5389647391334078,,,1.0,4.0
london,average,gbdt,3,0.5389647391334078,0.8719029927290133,0.33293825359560547,,
london,average,gbdt,5,0.5389647391334078,0.9221616939803524,0.3831969548469446,,
london,average,gbdt,8,0.5389647391334078,0.9517470881863561,0.4127823490529483,,
london,average,gbdt,-1,0.5389647391334078,,,1.0,4.0
munich,sum,oracle,3,0.651827174297482,0.8495932640418031,0.19776608974432108,,
munich,sum,oracle,5,0.651827174297482,0.8872662551768987,0.23543908087941667,,
munich,sum,oracle,8,0.651827174297482,0.9214936850391904,0.26966651074170833,,
munich,sum,oracle,-1,0.6019463998448357,,,2.0,6.0
munich,sum,median,3,0.674987735170966,0.8495932640418031,0.17460552887083713,,
munich,sum,median,5,0.674987735170966,0.8872662551768987,0.21227852000593272,,
munich,sum,median,8,0.674987735170966,0.9214936850391904,0.24650594986822438,,
munich,sum,median,-1,0.674987735170966,,,1.0,6.0
munich,sum,kernel,3,0.6370979703134092,0.8495932640418031,0.21249529372839393,,
munich,sum,kernel,5,0.6370979703134092,0.8872662551768987,0.2501682848634895,,
munich,sum,kernel,8,0.6370979703134092,0.9214936850391904,0.2843957147257812,,
munich,sum,kernel,-1,0.48496845371881026,,,1.0,6.0
munich,sum,gbdt,3,0.7821880454996635,0.8495932640418031,0.06740521854213966,,
munich,sum,gbdt,5,0.7821880454996635,0.8872662551768987,0.10507820967723525,,
munich,sum,gbdt,8,0.7821880454996635,0.9214936850391904,0.1393056395395269,,
munich,sum,gbdt,-1,0.674987735170966,,,1.0,6.0
munich,piecewise,oracle,3,0.674987735170966,0.8495932640418031,0.17460552887083713,,
munich,piecewise,oracle,5,0.674987735170966,0.8872662551768987,0.21227852000593272,,
munich,piecewise,oracle,8,0.674987735170966,0.9214936850391904,0.24650594986822438,,
munich,piecewise,oracle,-1,0.674987735170966,,,1.0,6.0
munich,piecewise,median,3,0.674987735170966,0.8495932640418031,0.17460552887083713,,
munich,piecewise,median,5,0.674987735170966,0.8872662551768987,0.21227852000593272,,
munich,piecewise,median,8,0.674987735170966,0.9214936850391904,0.24650594986822438,,
munich,piecewise,median,-1,0.674987735170966,,,1.0,6.0
munich,piecewise,kernel,3,0.674987735170966,0.8495932640418031,0.17460552887083713,,
munich,piecewise,kernel,5,0.674987735170966,0.8872662551768987,0.21227852000593272,,
munich,piecewise,kernel,8,0.674987735170966,0.9214936850391904,0.24650594986822438,,
munich,piecewise,kernel,-1,0.674987735170966,,,1.0,6.0
munich,piecewise,gbdt,3,0.727458385149859,0.8495932640418031,0.12213487889194408,,
munich,piecewise,gbdt,5,0.727458385149859,0.8872662551768987,0.15980787002703967,,
munich,piecewise,gbdt,8,0.727458385149859,0.9214936850391904,0.19403529988933133,,
munich,piecewise,gbdt,-1,0.4106264760579128,,,1.0,6.0
munich,average,oracle,3,0.4283106481534302,0.8495932640418031,0.42128261588837296,,
munich,average,oracle,5,0.4283106481534302,0.8872662551768987,0.45895560702346855,,
munich,average,oracle,8,0.4283106481534302,0.9214936850391904,0.4931830368857602,,
munich,average,oracle,-1,0.4283106481534302,,,1.0,6.0
munich,average,median,3,0.674987735170966,0.8495932640418031,0.17460552887083713,,
munich,average,median,5,0.674987735170966,0.8872662551768987,0.21227852000593272,,
munich,average,median,8,0.674987735170966,0.9214936850391904,0.24650594986822438,,
munich,average,median,-1,0.674987735170966,,,1.0,6.0
munich,average,kernel,3,0.674987735170966,0.8495932640418031,0.17460552887083713,,
munich,average,kernel,5,0.674987735170966,0.8872662551768987,0.21227852000593272,,
munich,average,kernel,8,0.674987735170966,0.9214936850391904,0.24650594986822438,,
munich,average,kernel,-1,0.674987735170966,,,1.0,6.0
munich,average,gbdt,3,0.674987735170966,0.8495932640418031,0.17460552887083713,,
munich,average,gbdt,5,0.674987735170966,0.8872662551768987,0.21227852000593272,,
munich,average,gbdt,8,0.674987735170966,0.9214936850391904,0.24650594986822438,,
munich,average,gbdt,-1,0.674987735170966,,,1.0,6.0
newyork,sum,oracle,3,0.7027020989019581,0.7985433910838555,0.09584129218189741,,
newyork,sum,oracle,5,0.7027020989019581,0.8973894976709896,0.19468739876903152,,
newyork,sum,oracle,8,0.7027020989019581,0.9495213520547792,0.24681925315282105,,
newyork,sum,oracle,-1,0.561978485975671,,,2.0,6.0
newyork,sum,median,3,0.4810942439373122,0.7985433910838555,0.3174491471465433,,
newyork,sum,median,5,0.4810942439373122,0.8973894976709896,0.41629525373367743,,
newyork,sum,median,8,0.4810942439373122,0.9495213520547792,0.46842710811746696,,
newyork,sum,median,-1,0.4810942439373122,,,1.0,6.0
newyork,sum,kernel,3,0.6658065525060599,0.7985433910838555,0.1327368385777956,,
newyork,sum,kernel,5,0.6658065525060599,0.8973894976709896,0.23158294516492972,,
newyork,sum,kernel,8,0.6658065525060599,0.9495213520547792,0.28371479954871925,,
newyork,sum,kernel,-1,0.2820839337376987,,,1.0,6.0
newyork,sum,gbdt,3,0.7243278263686427,0.7985433910838555,0.07421556471521285,,
newyork,sum,gbdt,5,0.7243278263686427,0.8973894976709896,0.17306167130234695,,
newyork,sum,gbdt,8,0.7243278263686427,0.9495213520547792,0.2251935256861365,,
newyork,sum,gbdt,-1,0.5934787708186723,,,2.0,6.0
newyork,piecewise,oracle,3,0.43793215151413606,0.7985433910838555,0.36061123956971947,,
newyork,piecewise,oracle,5,0.43793215151413606,0.8973894976709896,0.4594573461568536,,
newyork,piecewise,oracle,8,0.43793215151413606,0.9495213520547792,0.511589200540643,,
newyork,piecewise,oracle,-1,0.43793215151413606,,,1.0,6.0
newyork,piecewise,median,3,0.4079845402857366,0.7985433910838555,0.3905588507981189,,
newyork,piecewise,median,5,0.4079845402857366,0.8973894976709896,0.489404957385253,,
newyork,piecewise,median,8,0.4079845402857366,0.9495213520547792,0.5415368117690426,,
newyork,piecewise,median,-1,0.4079845402857366,,,1.0,6.0
newyork,piecewise,kernel,3,0.4079845402857366,0.7985433910838555,0.3905588507981189,,
newyork,piecewise,kernel,5,0.4079845402857366,0.8973894976709896,0.489404957385253,,
newyork,piecewise,kernel,8,0.4079845402857366,0.9495213520547792,0.5415368117690426,,
newyork,piecewise,kernel,-1,0.4079845402857366,,,1.0,6.0
newyork,piecewise,gbdt,3,0.4079845402857366,0.7985433910838555,0.3905588507981189,,
newyork,piecewise,gbdt,5,0.4079845402857366,0.8973894976709896,0.489404957385253,,
newyork,piecewise,gbdt,8,0.4079845402857366,0.9495213520547792,0.5415368117690426,,
newyork,piecewise,gbdt,-1,0.4079845402857366,,,1.0,6.0
newyork,average,oracle,3,0.4079845402857366,0.7985433910838555,0.3905588507981189,,
newyork,average,oracle,5,0.4079845402857366,0.8973894976709896,0.489404957385253,,
newyork,average,oracle,8,0.4079845402857366,0.9495213520547792,0.5415368117690426,,
newyork,average,oracle,-1,0.4079845402857366,,,1.0,6.0
newyork,average,median,3,0.4079845402857366,0.7985433910838555,0.3905588507981189,,
newyork,average,median,5,0.4079845402857366,0.8973894976709896,0.489404957385253,,
newyork,average,median,8,0.4079845402857366,0.9495213520547792,0.5415368117690426,,
newyork,average,median,-1,0.4079845402857366,,,1.0,6.0
newyork,average,kernel,3,0.4455056242529853,0.7985433910838555,0.35303776683087024,,
newyork,average,kernel,5,0.4455056242529853,0.8973894976709896,0.45188387341800434,,
newyork,average,kernel,8,0.4455056242529853,0.9495213520547792,0.5040157278017938,,
newyork,average,kernel,-1,0.4455056242529853,,,1.0,6.0
newyork,average,gbdt,3,0.4079845402857366,0.7985433910838555,0.3905588507981189,,
newyork,average,gbdt,5,0.4079845402857366,0.8973894976709896,0.489404957385253,,
newyork,average,gbdt,8,0.4079845402857366,0.9495213520547792,0.5415368117690426,,
newyork,average,gbdt,-1,0.4079845402857366,,,1.0,6.0
paris,sum,oracle,3,0.6421014482652876,0.7435497135529195,0.10144826528763196,,
paris,sum,oracle,5,0.7139850294810499,0.8062056564586498,0.09222062697759992,,
paris,sum,oracle,8,0.7139850294810499,0.8652095733262709,0.151224543845221,,
paris,sum,oracle,-1,0.3566022218814904,,,1.0,12.0
paris,sum,median,3,0.44479446899262626,0.7435497135529195,0.2987552445602933,,
paris,sum,median,5,0.44479446899262626,0.8062056564586498,0.3614111874660236,,
paris,sum,median,8,0.44479446899262626,0.8652095733262709,0.42041510433364465,,
paris,sum,median,-1,0.44479446899262626,,,1.0,12.0
paris,sum,kernel,3,0.5546758478415411,0.7435497135529195,0.18887386571137843,,
paris,sum,kernel,5,0.5546758478415411,0.8062056564586498,0.2515298086171087,,
paris,sum,kernel,8,0.5546758478415411,0.8652095733262709,0.3105337254847298,,
paris,sum,kernel,-1,0.44479446899262626,,,1.0,12.0
paris,sum,gbdt,3,0.6210395729081,0.7435497135529195,0.12251014064481958,,
paris,sum,gbdt,5,0.6210395729081,0.8062056564586498,0.18516608355054986,,
paris,sum,gbdt,8,0.6210395729081,0.8652095733262709,0.24417000041817094,,
paris,sum,gbdt,-1,0.3566022218814904,,,1.0,12.0
paris,piecewise,oracle,3,0.5063631675053317,0.7435497135529195,0.23718654604758782,,
paris,piecewise,oracle,5,0.5063631675053317,0.8062056564586498,0.2998424889533181,,
paris,piecewise,oracle,8,0.5063631675053317,0.8652095733262709,0.3588464058209392,,
paris,piecewise,oracle,-1,0.5063631675053317,,,1.0,12.0
paris,piecewise,median,3,0.5063631675053317,0.7435497135529195,0.23718654604758782,,
paris,piecewise,median,5,0.5063631675053317,0.8062056564586498,0.2998424889533181,,
paris,piecewise,median,8,0.5063631675053317,0.8652095733262709,0.3588464058209392,,
paris,piecewise,median,-1,0.5063631675053317,,,1.0,12.0
paris,piecewise,kernel,3,0.5063631675053317,0.7435497135529195,0.23718654604758782,,
paris,piecewise,kernel,5,0.5063631675053317,0.8062056564586498,0.2998424889533181,,
paris,piecewise,kernel,8,0.5063631675053317,0.8652095733262709,0.3588464058209392,,
paris,piecewise,kernel,-1,0.5063631675053317,,,1.0,12.0
paris,piecewise,gbdt,3,0.32130859620022023,0.7435497135529195,0.4222411173526993,,
paris,piecewise,gbdt,5,0.32130859620022023,0.8062056564586498,0.4848970602584296,,
paris,piecewise,gbdt,8,0.32130859620022023,0.8652095733262709,0.5439009771260507,,
paris,piecewise,gbdt,-1,0.32130859620022023,,,1.0,12.0
paris,average,oracle,3,0.5063631675053317,0.7435497135529195,0.23718654604758782,,
paris,average,oracle,5,0.5063631675053317,0.8062056564586498,0.2998424889533181,,
paris,average,oracle,8,0.5063631675053317,0.8652095733262709,0.3588464058209392,,
paris,average,oracle,-1,0.5063631675053317,,,1.0,12.0
paris,average,median,3,0.5063631675053317,0.7435497135529195,0.23718654604758782,,
paris,average,median,5,0.5063631675053317,0.8062056564586498,0.2998424889533181,,
paris,average,median,8,0.5063631675053317,0.8652095733262709,0.3588464058209392,,
paris,average,median,-1,0.5063631675053317,,,1.0,12.0
paris,average,kernel,3,0.5063631675053317,0.7435497135529195,0.23718654604758782,,
paris,average,kernel,5,0.5063631675053317,0.8062056564586498,0.2998424889533181,,
paris,average,kernel,8,0.5063631675053317,0.8652095733262709,0.3588464058209392,,
paris,average,kernel,-1,0.5063631675053317,,,1.0,12.0
paris,average,gbdt,3,0.5543691891665854,0.7435497135529195,0.18918052438633415,,
paris,average,gbdt,5,0.6655050807766828,0.8062056564586498,0.14070057568196703,,
paris,average,gbdt,8,0.7507701314450593,0.8652095733262709,0.11443944188121158,,
paris,average,gbdt,-1,0.6069611519214954,,,4.0,12.0
prague,sum,oracle,3,0.6870139530689989,0.9053828640984605,0.21836891102946154,,
prague,sum,oracle,5,0.6870139530689989,0.9429028695083741,0.25588891643937517,,
prague,sum,oracle,8,0.6870139530689989,0.9674165408110362,0.2804025877420373,,
prague,sum,oracle,-1,0.6870139530689989,,,2.0,3.0
prague,sum,median,3,0.6233798435633298,0.9053828640984605,0.2820030205351307,,
prague,sum,median,5,0.6233798435633298,0.9429028695083741,0.31952302594504434,,
prague,sum,median,8,0.6233798435633298,0.9674165408110362,0.34403669724770647,,
prague,sum,median,-1,0.6233798435633298,,,1.0,3.0
prague,sum,kernel,3,0.6870139530689989,0.9053828640984605,0.21836891102946154,,
prague,sum,kernel,5,0.6870139530689989,0.9429028695083741,0.25588891643937517,,
prague,sum,kernel,8,0.6870139530689989,0.9674165408110362,0.2804025877420373,,
prague,sum,kernel,-1,0.6233798435633298,,,1.0,3.0
prague,sum,gbdt,3,0.8600072132182224,0.9053828640984605,0.045375650880238094,,
prague,sum,gbdt,5,0.8600072132182224,0.9429028695083741,0.08289565629015172,,
prague,sum,gbdt,8,0.8600072132182224,0.9674165408110362,0.10740932759281385,,
prague,sum,gbdt,-1,0.5131641232558664,,,1.0,3.0
prague,piecewise,oracle,3,0.7963618330590808,0.9053828640984605,0.10902103103937966,,
prague,piecewise,oracle,5,0.7963618330590808,0.9429028695083741,0.14654103644929328,,
prague,piecewise,oracle,8,0.7963618330590808,0.9674165408110362,0.17105470775195541,,
prague,piecewise,oracle,-1,0.7963618330590808,,,1.0,3.0
prague,piecewise,median,3,0.7963618330590808,0.9053828640984605,0.10902103103937966,,
prague,piecewise,median,5,0.7963618330590808,0.9429028695083741,0.14654103644929328,,
prague,piecewise,median,8,0.7963618330590808,0.9674165408110362,0.17105470775195541,,
prague,piecewise,median,-1,0.7963618330590808,,,1.0,3.0
prague,piecewise,kernel,3,0.7963618330590808,0.9053828640984605,0.10902103103937966,,
prague,piecewise,kernel,5,0.7963618330590808,0.9429028695083741,0.14654103644929328,,
prague,piecewise,kernel,8,0.7963618330590808,0.9674165408110362,0.17105470775195541,,
prague,piecewise,kernel,-1,0.7963618330590808,,,1.0,3.0
prague,piecewise,gbdt,3,0.4017311723733742,0.9053828640984605,0.5036516917250863,,
prague,piecewise,gbdt,5,0.4017311723733742,0.9429028695083741,0.5411716971349999,,
prague,piecewise,gbdt,8,0.4017311723733742,0.9674165408110362,0.565685368437662,,
prague,piecewise,gbdt,-1,0.33753353019408067,,,1.0,3.0
prague,average,oracle,3,0.7963618330590808,0.9053828640984605,0.10902103103937966,,
prague,average,oracle,5,0.7963618330590808,0.9429028695083741,0.14654103644929328,,
prague,average,oracle,8,0.7963618330590808,0.9674165408110362,0.17105470775195541,,
prague,average,oracle,-1,0.7963618330590808,,,1.0,3.0
prague,average,median,3,0.7963618330590808,0.9053828640984605,0.10902103103937966,,
prague,average,median,5,0.7963618330590808,0.9429028695083741,0.14654103644929328,,
prague,average,median,8,0.7963618330590808,0.9674165408110362,0.17105470775195541,,
prague,average,median,-1,0.7963618330590808,,,1.0,3.0
prague,average,kernel,3,0.7963618330590808,0.9053828640984605,0.10902103103937966,,
prague,average,kernel,5,0.7963618330590808,0.9429028695083741,0.14654103644929328,,
prague,average,kernel,8,0.7963618330590808,0.9674165408110362,0.17105470775195541,,
prague,average,kernel,-1,0.7963618330590808,,,1.0,3.0
prague,average,gbdt,3,0.4612402227081126,0.9053828640984605,0.44414264139034787,,
prague,average,gbdt,5,0.4612402227081126,0.9429028695083741,0.4816626468002615,,
prague,average,gbdt,8,0.4612402227081126,0.9674165408110362,0.5061763181029236,,
prague,average,gbdt,-1,0.4612402227081126,,,2.0,3.0
vienna,sum,oracle,3,0.516253111094351,0.6741584332654549,0.15790532217110387,,
vienna,sum,oracle,5,0.5678532820474144,0.7904442265630892,0.22259094451567485,,
vienna,sum,oracle,8,0.5678532820474144,0.8558463433642557,0.2879930613168413,,
vienna,sum,oracle,-1,0.4689393368026749,,,2.0,13.0
vienna,sum,median,3,0.2471025969781532,0.6741584332654549,0.4270558362873017,,
vienna,sum,median,5,0.2471025969781532,0.7904442265630892,0.543341629584936,,
vienna,sum,median,8,0.2471025969781532,0.8558463433642557,0.6087437463861025,,
vienna,sum,median,-1,0.2471025969781532,,,1.0,13.0
vienna,sum,kernel,3,0.5077683083188778,0.6741584332654549,0.16639012494657712,,
vienna,sum,kernel,5,0.5077683083188778,0.7904442265630892,0.28267591824421145,,
vienna,sum,kernel,8,0.5077683083188778,0.8558463433642557,0.34807803504537793,,
vienna,sum,kernel,-1,0.21677099831560953,,,1.0,13.0
vienna,sum,gbdt,3,0.3384493551549891,0.6741584332654549,0.3357090781104658,,
vienna,sum,gbdt,5,0.3384493551549891,0.7904442265630892,0.45199487140810013,,
vienna,sum,gbdt,8,0.3384493551549891,0.8558463433642557,0.5173969882092666,,
vienna,sum,gbdt,-1,0.2471025969781532,,,1.0,13.0
vienna,piecewise,oracle,3,0.46552027553611386,0.6741584332654549,0.20863815772934102,,
vienna,piecewise,oracle,5,0.46552027553611386,0.7904442265630892,0.32492395102697536,,
vienna,piecewise,oracle,8,0.46552027553611386,0.8558463433642557,0.39032606782814183,,
vienna,piecewise,oracle,-1,0.46552027553611386,,,1.0,13.0
vienna,piecewise,median,3,0.46552027553611386,0.6741584332654549,0.20863815772934102,,
vienna,piecewise,median,5,0.46552027553611386,0.7904442265630892,0.32492395102697536,,
vienna,piecewise,median,8,0.46552027553611386,0.8558463433642557,0.39032606782814183,,
vienna,piecewise,median,-1,0.46552027553611386,,,1.0,13.0
vienna,piecewise,kernel,3,0.46552027553611386,0.6741584332654549,0.20863815772934102,,
vienna,piecewise,kernel,5,0.46552027553611386,0.7904442265630892,0.32492395102697536,,
vienna,piecewise,kernel,8,0.46552027553611386,0.8558463433642557,0.39032606782814183,,
vienna,piecewise,kernel,-1,0.46552027553611386,,,1.0,13.0
vienna,piecewise,gbdt,3,0.46552027553611386,0.6741584332654549,0.20863815772934102,,
vienna,piecewise,gbdt,5,0.46552027553611386,0.7904442265630892,0.32492395102697536,,
vienna,piecewise,gbdt,8,0.46552027553611386,0.8558463433642557,0.39032606782814183,,
vienna,piecewise,gbdt,-1,0.46552027553611386,,,1.0,13.0
vienna,average,oracle,3,0.5128843301405335,0.6741584332654549,0.1612741031249214,,
vienna,average,oracle,5,0.5128843301405335,0.7904442265630892,0.27755989642255574,,
vienna,average,oracle,8,0.5128843301405335,0.8558463433642557,0.3429620132237222,,
vienna,average,oracle,-1,0.46552027553611386,,,1.0,13.0
vienna,average,median,3,0.46552027553611386,0.6741584332654549,0.20863815772934102,,
vienna,average,median,5,0.46552027553611386,0.7904442265630892,0.32492395102697536,,
vienna,average,median,8,0.46552027553611386,0.8558463433642557,0.39032606782814183,,
vienna,average,median,-1,0.46552027553611386,,,1.0,13.0
vienna,average,kernel,3,0.46552027553611386,0.6741584332654549,0.20863815772934102,,
vienna,average,kernel,5,0.46552027553611386,0.7904442265630892,0.32492395102697536,,
vienna,average,kernel,8,0.46552027553611386,0.8558463433642557,0.39032606782814183,,
vienna,average,kernel,-1,0.46552027553611386,,,1.0,13.0
vienna,average,gbdt,3,0.46552027553611386,0.6741584332654549,0.20863815772934102,,
vienna,average,gbdt,5,0.46552027553611386,0.7904442265630892,0.32492395102697536,,
vienna,average,gbdt,8,0.46552027553611386,0.8558463433642557,0.39032606782814183,,
vienna,average,gbdt,-1,0.46552027553611386,,,1.0,13.0
