city,model,fit_rmse_db,tiles
amsterdam,average,11.799639332741204,49
amsterdam,piecewise,12.083231912766857,49
amsterdam,sum,43.3611402572537,49
barcelona,average,12.465710273033118,49
barcelona,piecewise,12.854370068556964,49
barcelona,sum,44.60786061259254,49
berlin,average,12.52049392055858,49
berlin,piecewise,12.569966649923172,49
berlin,sum,41.98939917727598,49
chicago,average,12.824548411175236,49
chicago,piecewise,12.88406408708686,49
chicago,sum,39.31870050208352,49
hamburg,average,12.312258277048281,49
hamburg,piecewise,12.620983119987034,49
hamburg,sum,40.92974145937198,49
london,average,13.081182450164698,49
london,piecewise,13.670959684132704,49
london,sum,42.03821349721025,49
munich,average,12.48983268948186,49
munich,piecewise,12.805624684924434,49
munich,sum,42.26523338986602,49
newyork,average,12.826621153720923,49
newyork,piecewise,12.737470457683902,49
newyork,sum,43.26076792250191,49
paris,average,12.894521299995974,49
paris,piecewise,13.219461094393633,49
paris,sum,44.97723318471111,49
prague,average,12.009815287442184,49
prague,piecewise,12.088024125404328,49
prague,sum,41.47340068565446,49
vienna,average,12.196197268785935,49
vienna,piecewise,12.504671052744756,49
vienna,sum,44.268161100596906,49
