fold,operator,seed,epochs,gamma_nmse,gamma_rmse,gamma_mae,gamma_pearson,gamma_spearman,pl0_nmse,pl0_rmse,pl0_mae,pl0_pearson,pl0_spearman
amsterdam,encoder,0,89,0.06758717976445451,0.7841789592078551,0.5995952076764067,0.579160846612496,0.596761203611558,0.008842033645546766,9.379112832442596,7.154060697793491,0.7463435324300138,0.7108297835497832
amsterdam,encoder,1,50,0.0682641787326187,0.7880966069824757,0.6052373385591333,0.5805807811420048,0.5933295285553661,0.009221392659168076,9.578200780565856,7.3201384522243975,0.7399358740860772,0.7015862946289939
amsterdam,encoder,2,66,0.06847339023200093,0.7893033360579003,0.6011017408074435,0.5686994213249343,0.5894208480884131,0.008991683399960725,9.458149673939054,7.267288125382864,0.744693069398316,0.7047155796185909
amsterdam,encoder,3,59,0.06840310066515526,0.7888981126962609,0.6018826173062715,0.5679310118805083,0.5934226587869171,0.008983932768318275,9.454072437515928,7.236746036630975,0.7365340751536262,0.7004534920077456
amsterdam,encoder,4,68,0.06820691878686706,0.7877660101983098,0.5991537575898002,0.5663253698899026,0.5917374537937641,0.009011784856606985,9.468715907096989,7.262509157101069,0.7413485339008827,0.6995789162285548
barcelona,encoder,0,47,0.08579706753740539,0.7761630672542407,0.5964079733240965,0.6065007636148508,0.57027885232575,0.008155578595955565,9.454259275855078,7.327702282098026,0.7846004831538043,0.7187661005386508
barcelona,encoder,1,66,0.08872864775976443,0.7893119587659115,0.6078291512057283,0.5968786660936355,0.568449246422151,0.008277611246877805,9.524729106027667,7.416107394565119,0.7845263947897863,0.7100017263163849
barcelona,encoder,2,46,0.08766469118604053,0.7845653160816249,0.6021581791349083,0.6064246968493949,0.5707901007886504,0.008186302350949103,9.472050612840047,7.360446892445165,0.7860021954369522,0.720929573271113
barcelona,encoder,3,86,0.08589106230009008,0.7765881126249824,0.5986288988832135,0.6036578115860245,0.573586612221259,0.0079780286652625,9.350781648195914,7.26906971075307,0.7872678567966839,0.7124730191494854
barcelona,encoder,4,60,0.08619915834614386,0.7779796983230813,0.6002013478937368,0.597887039152603,0.568964471852229,0.00811362786406211,9.429912478576933,7.318143871646431,0.7870338420395797,0.7142351289117763
berlin,encoder,0,115,0.0631967027992446,0.7494803953898046,0.5846080721508675,0.38765721163420275,0.38063019380278823,0.009335383805909503,9.466698648531281,7.200283462751288,0.5388844211401603,0.561251140457483
berlin,encoder,1,114,0.06302727306090707,0.7484750463223171,0.5844241857286312,0.3883701492340472,0.3813355318386137,0.009208120371724162,9.40195043982048,7.159690162478702,0.537350581717436,0.5624007769695509
berlin,encoder,2,51,0.06415473932116317,0.7551399372095418,0.5923822197174737,0.36818105423499614,0.35501621071338385,0.009330718822818796,9.46433305176191,7.244347773496601,0.5298434482809427,0.5509520988721618
berlin,encoder,3,147,0.06312201914057097,0.749037409582458,0.5836331604001406,0.3923931714061473,0.38684397860286013,0.009293301352418,9.445337347831902,7.171903727514844,0.5397393055560799,0.5635657341187306
berlin,encoder,4,148,0.06269478910903584,0.7464982433340573,0.5823312284472091,0.39492494275913803,0.39049391844711767,0.00922464141829237,9.410381066517445,7.139490593735356,0.5431822557207923,0.565967021501329
chicago,encoder,0,115,0.09510186217646224,0.8904447339619675,0.7010169721377886,0.16240546867068045,0.14072067220014153,0.012981568615080333,11.07569757315856,8.742796845505737,0.6001621932446084,0.6350923581112179
chicago,encoder,1,87,0.09681235858130535,0.8984167903410384,0.7073384215966172,0.15578599846296315,0.13778723448137156,0.013207647351232083,11.171724939486259,8.806913713949825,0.5874186361144419,0.621445582945032
chicago,encoder,2,84,0.09570463917512667,0.8932621961153856,0.7031767659840004,0.16034694346106532,0.14406788254948638,0.013100423400999374,11.126284689869694,8.776668490824264,0.5967467492260814,0.6331251831793079
chicago,encoder,3,59,0.09567444084380107,0.8931212564690403,0.7035492320718187,0.16538525582534072,0.14350181547958524,0.013105882835395835,11.128602817013723,8.779804464350054,0.5911828121503137,0.622454943837696
chicago,encoder,4,103,0.0954655456847659,0.8921457051362267,0.7025403289513421,0.16182932337090405,0.14373302366267282,0.013233494560509082,11.182651063152905,8.829036922133195,0.5958490068221162,0.6318310737254211
hamburg,encoder,0,114,0.03965927593599101,0.6357914427275061,0.5037859367145209,0.5483332267178123,0.5594301307804239,0.00869806530484044,8.669048783271778,6.834008026303904,0.8095046259750693,0.8347755440716109
hamburg,encoder,1,106,0.03885800156598786,0.6293359175543439,0.497263150282503,0.550632400360009,0.563162997812186,0.008352950928632816,8.495326600892172,6.647626131400865,0.8099131771399368,0.8350014417796587
hamburg,encoder,2,72,0.03819052429381211,0.6239073445865022,0.49172341948962833,0.5557732451845909,0.5634695257946151,0.008605275948353136,8.622684894584438,6.744045452133342,0.8074668514531143,0.8314224734525504
hamburg,encoder,3,117,0.03924771487752594,0.6324839012306916,0.5005994837516464,0.5497442796422088,0.5577288102707881,0.008327602944647728,8.482426787351741,6.675704597040879,0.8108518649260206,0.8342151784536808
hamburg,encoder,4,130,0.03835611789069783,0.6252585084182265,0.49208173058040355,0.5454876633198469,0.554329546932962,0.007876306836951305,8.249382254931435,6.408795269763945,0.8102556276168781,0.8332370344630189
london,encoder,0,144,0.06787027323215364,0.6506940896126004,0.520723453132034,0.4143708656286636,0.3884257926023484,0.005761666427312029,7.740719973819937,6.102275280826132,0.7777278704774719,0.7279737978123476
london,encoder,1,125,0.06664091226944688,0.6447740199353027,0.5173336931085316,0.4123844012597544,0.3869566077604154,0.005769824836084918,7.746198390425932,6.110254283024805,0.7778334713802265,0.726866507500364
london,encoder,2,137,0.07005960138094444,0.6611056886395004,0.5292250693059244,0.41242808204592313,0.38710778255207956,0.006035705944089815,7.922665822321274,6.290128520412526,0.7763760738239981,0.7269183347281754
london,encoder,3,137,0.06576865893607063,0.640540443848361,0.5123700007338137,0.4089498013237466,0.38417038119622904,0.005599431155341055,7.630961386086114,5.984505789804481,0.7779134743476375,0.7255844845658929
london,encoder,4,122,0.065785090775637,0.6406204561265946,0.5137986172271597,0.41472494285020767,0.3882093062539414,0.005761665671101592,7.740719465840735,6.138973735750652,0.7794941012024923,0.7284715328649404
munich,encoder,0,48,0.060670410976035115,0.7600056876966895,0.5998778009979323,0.41601756228067244,0.4212854496801497,0.008675975825667918,9.265010474386823,7.0708630363348295,0.7265607226096373,0.7119255434918861
munich,encoder,1,132,0.06173943628853881,0.7666721791590485,0.6052671735917015,0.41830467015134837,0.4283027603620002,0.008446733086492825,9.141787742296398,6.968929385812076,0.7349527307990528,0.721073052253622
munich,encoder,2,87,0.06109452957183471,0.7626574843558218,0.6017979934310524,0.41561008286840956,0.4245911234102492,0.008477638217363111,9.158496580198797,6.96074730907047,0.7331486086259982,0.7175735480378096
munich,encoder,3,80,0.060586652788708346,0.7594808957665208,0.597288211376822,0.40939254950358783,0.4202122199692129,0.008708413997638139,9.282314557209547,7.031963467118772,0.7276903305143881,0.7133844938577667
munich,encoder,4,85,0.062235446327833246,0.7697457120077403,0.6087531635166955,0.4129535865557309,0.42165075975694516,0.008552524613833603,9.198857990468964,7.015079976328192,0.7304081466467144,0.715491445082292
newyork,encoder,0,118,0.09319497517063202,0.8429902717267936,0.643676421876178,0.1332805595521315,0.132482600568489,0.0110452102542141,10.740830245109793,8.547852726789115,0.5273815790596501,0.43095940652894527
newyork,encoder,1,141,0.09643448978169926,0.8575165444867459,0.6584669341298205,0.12269379445691464,0.12657783617564738,0.010970025421316637,10.704211364555512,8.520500674506017,0.5215864005781636,0.42194971542189474
newyork,encoder,2,130,0.09237279986848519,0.8392635623298301,0.6411224724702959,0.13422078345866867,0.1300185127765714,0.010117463032609325,10.279847503904326,8.05049186557565,0.5223363587877476,0.4207196183543157
newyork,encoder,3,161,0.09281605959916321,0.8412747957513916,0.6401760812316322,0.12100443577137399,0.1236600084871247,0.010639779571214068,10.541858301820067,8.328742758572321,0.5134178747441029,0.40615981122150824
newyork,encoder,4,174,0.09250756642218508,0.8398755576081203,0.6406410189354261,0.12700735974751115,0.12954456564786998,0.010332221390768698,10.38837720790298,8.17820103784257,0.521480448562756,0.4171281609128814
paris,encoder,0,161,0.095349922431289,0.8078290800730102,0.6265443054701414,0.5400100484068661,0.5387602372106238,0.008325074546082535,9.623860072722136,7.434768377689668,0.7416858714966726,0.6869412953106568
paris,encoder,1,155,0.09572758184856567,0.8094273129622517,0.6299226739569089,0.5375689733662588,0.5356214440076358,0.008380002094521364,9.655556243851716,7.448638169592804,0.7405699788249263,0.6865165461586566
paris,encoder,2,126,0.0953518124152541,0.8078370862485961,0.6293721898488823,0.5410215579051354,0.5379228573074284,0.00844939402403226,9.695451003854464,7.475162087382749,0.7400663339234398,0.6850262776787274
paris,encoder,3,149,0.09565112498772396,0.8091040068043548,0.6303656010466265,0.539135872186559,0.5367843805285153,0.008420208070684965,9.678691472763488,7.465419177989493,0.7408111516903525,0.686237886637386
paris,encoder,4,150,0.09557240026684659,0.8087709757046516,0.6301112031783667,0.541029766376421,0.5377891567907939,0.008612343831313195,9.788494797002578,7.559821483783184,0.7407979387791583,0.6872221205382474
prague,encoder,0,141,0.04972343370042263,0.6829346475458012,0.502969535748894,0.5006945354683707,0.538224368453572,0.008654569674646041,9.141209094833709,6.893860157700183,0.6602789929513533,0.6606165743705329
prague,encoder,1,103,0.049072306198565126,0.6784484036438737,0.49904715757474377,0.5019362519452331,0.5458102926544204,0.008576521789289835,9.099897518521052,6.810509126997216,0.6551396220455787,0.6596912327345956
prague,encoder,2,51,0.05061323611701451,0.6890181207839218,0.5038711502028593,0.5212288001673552,0.5566923954729771,0.008575211396276905,9.099202312589467,6.860287631070194,0.6681981765863705,0.6697851227603936
prague,encoder,3,126,0.04960241631062716,0.682103074680309,0.504183565825258,0.49921211729965337,0.5368757585010937,0.00861867420211021,9.122232474758095,6.8551346448381505,0.6556871351011169,0.655826925657404
prague,encoder,4,106,0.04937095859808757,0.6805097790807979,0.501112177549403,0.5039813128537418,0.5461160587782358,0.008501219962397288,9.059860912615118,6.8056382318066495,0.6629789437179262,0.6679947526736861
vienna,encoder,0,146,0.10631085181192962,0.8386710271139919,0.6500929023281022,0.480162447109225,0.44375576857078153,0.011734025729501154,11.79149295457128,8.885387614448097,0.6354803370306454,0.6075548564988886
vienna,encoder,1,49,0.11089392255729193,0.856557878325555,0.6636751175556077,0.47024000661456716,0.43969307145379105,0.011224807949173844,11.5327993817235,8.6314349410693,0.6239451243161075,0.6001726947748333
vienna,encoder,2,98,0.10529888598286127,0.8346698561525671,0.6470036894765562,0.47499385399463534,0.4438626900440107,0.010785236582816096,11.304727959923206,8.425330182195973,0.6312137286985366,0.6037310477812154
vienna,encoder,3,88,0.10755625087834618,0.8435691110934492,0.6534606923012353,0.4747086049508716,0.4443170302122791,0.011138328229230972,11.488287186602461,8.574979620619395,0.6311305055026003,0.6056717949937497
vienna,encoder,4,49,0.11198606520407613,0.8607654640720781,0.6675014042767988,0.46888134517933927,0.437057675271831,0.012198565269130157,12.022634792213049,9.064149104581213,0.6219475980247353,0.5954531530852663
