city,operator,seed,qc_removed,tiles,pixels,site_h_median,pl_rmse_db,pl_bias_db,assoc_acc,cov_true_120,cov_acc_120,cov_err_120,cov_true_130,cov_acc_130,cov_err_130,cov_true_140,cov_acc_140,cov_err_140,sinr_mae_db,sinr_ks,se_true,se_err,edge_disp_m,handover_err,regret5
amsterdam,oracle_rand,0,196,938,79657,24.050000190734863,12.130238311896361,-0.0004563871899555792,0.560904879671592,0.6824384548752778,0.7186562386230966,-0.11013470253712798,0.832896041779128,0.8449602671453859,0.09141695017387041,0.9337158065204565,0.9345820204125187,0.06343447531290403,10.48729109661944,0.36170079214632744,2.1286241029343658,-1.0787691419972503,72.7545514479435,-0.9141671708877172,0.12027819275142171
amsterdam,oracle_main,0,196,938,79657,24.050000190734863,13.978180881220146,-5.031520480051925,0.5617710935636542,0.6824384548752778,0.722309401559185,0.1165999221662879,0.832896041779128,0.8350050842989317,0.1568851450594424,0.9337158065204565,0.9337158065204565,0.06628419347954351,10.354534069196903,0.32779291211067446,2.1286241029343658,-1.0289468954136458,74.43652381666513,-0.91753824876826,0.04446564645919382
amsterdam,median,0,196,938,79657,24.050000190734863,14.270834777290931,-1.9266650342975828,0.5617710935636542,0.6824384548752778,0.5898037837227111,0.10230111603500003,0.832896041779128,0.832896041779128,0.16710395822087198,0.9337158065204565,0.9337158065204565,0.06628419347954351,10.459747604310076,0.34981232032338655,2.1286241029343658,-1.0964933789919469,74.47261981215267,-0.9176246866626329,0.30651417954479837
amsterdam,gbdt,0,196,938,79657,24.050000190734863,14.136942959681354,-4.954844462022703,0.5617710935636542,0.6824384548752778,0.700428085416222,0.18417715957166347,0.832896041779128,0.8330090261998317,0.16613731373262863,0.9337158065204565,0.9337158065204565,0.06628419347954351,10.284989723671618,0.3408739972632662,2.1286241029343658,-1.0675585569186927,74.47261981215267,-0.9176246866626329,0.3563654167242051
amsterdam,gbdt,1,196,938,79657,24.050000190734863,14.184474504034121,-5.061576586321607,0.5617710935636542,0.6824384548752778,0.7018843290608484,0.18372522188884843,0.832896041779128,0.8330090261998317,0.16613731373262863,0.9337158065204565,0.9337158065204565,0.06628419347954351,10.320766823620108,0.3431839009754321,2.1286241029343658,-1.071884537648663,74.47261981215267,-0.9176246866626329,0.3563654167242051
amsterdam,gbdt,2,196,938,79657,24.050000190734863,14.13772301043013,-4.83509306063827,0.5617710935636542,0.6824384548752778,0.6981056278795335,0.18436546693950306,0.832896041779128,0.8324189964472677,0.16542174573483814,0.9337158065204565,0.9337158065204565,0.06628419347954351,10.295745770831735,0.34151424231392097,2.1286241029343658,-1.0690549660803121,74.47261981215267,-0.9176246866626329,0.3563654167242051
amsterdam,gbdt,3,196,938,79657,24.050000190734863,14.22839571330917,-5.098328262562088,0.5617710935636542,0.6824384548752778,0.7015579296232597,0.1809633804938674,0.832896041779128,0.8330466876733997,0.16617497520619662,0.9337158065204565,0.9337158065204565,0.06628419347954351,10.295591827424039,0.3421921488381436,2.1286241029343658,-1.0681396974880153,74.47261981215267,-0.9176246866626329,0.45390863326512426
amsterdam,gbdt,4,196,938,79657,24.050000190734863,14.218349933178471,-5.025601857289067,0.5617710935636542,0.6824384548752778,0.7014826066761238,0.17599206598290162,0.832896041779128,0.8330090261998317,0.16613731373262863,0.9337158065204565,0.9337158065204565,0.06628419347954351,10.304362397331436,0.34225491796075674,2.1286241029343658,-1.069917529663717,74.47261981215267,-0.9176246866626329,0.3563654167242051
amsterdam,link,0,196,938,79657,24.050000190734863,10.615072959772485,-1.415721438995958,0.6625155353578468,0.6824384548752778,0.8015742495951391,-0.04860840855166526,0.832896041779128,0.8495424130961498,0.06941009578568114,0.9337158065204565,0.923948931041842,0.03648141406279415,8.198940576998266,0.08452490051094064,2.1286241029343658,-0.2776769752855648,13.450919114318848,-0.21034661595643533,0.0019458428010094009
amsterdam,link,1,196,938,79657,24.050000190734863,10.613281531583796,-1.4855433716128759,0.6666708512748408,0.6824384548752778,0.8014236037008675,-0.03849002598641682,0.832896041779128,0.8506848111277101,0.07060270911533195,0.9337158065204565,0.9228316406593269,0.033707018843290526,8.253399413267188,0.07276196693322623,2.1286241029343658,-0.24267960909545971,13.926038789276559,-0.22590543694355603,0.0019458428010094009
amsterdam,link,2,196,938,79657,24.050000190734863,10.619295981260063,-1.531058454766257,0.6670600198350427,0.6824384548752778,0.8003439747919203,-0.03668227525515655,0.832896041779128,0.8501826581468044,0.07974189336781445,0.9337158065204565,0.9220658573634458,0.03246419021554914,8.255220870426541,0.07214682953161677,2.1286241029343658,-0.24127408547043006,13.9152144569403,-0.2404270031982021,0.0019458428010094009
amsterdam,link,3,196,938,79657,24.050000190734863,10.646410837246286,-1.8643628988200438,0.6652271614547371,0.6824384548752778,0.8029300626435844,-0.027292014512221185,0.832896041779128,0.8499441354808742,0.08043235371655977,0.9337158065204565,0.9236099777797306,0.03609224550259238,8.227492971707624,0.08094706052198808,2.1286241029343658,-0.26301342344972745,13.793139504608604,-0.2411185063531852,0.0019458428010094009
amsterdam,link,4,196,938,79657,24.050000190734863,10.667707101848801,-1.769178107432691,0.663871348406292,0.6824384548752778,0.8019257566817731,-0.028446966368304127,0.832896041779128,0.850408626988212,0.07785881968941832,0.9337158065204565,0.9229697327290759,0.03231354432127742,8.302840441300464,0.07651556046549579,2.1286241029343658,-0.25296316111762107,14.129592409061196,-0.23688304952891348,0.0019458428010094009
london,oracle_rand,0,164,886,73744,20.100980758666992,12.01698781976072,-0.0003565660924376484,0.546824148405294,0.6484459752657843,0.7874267737036234,-0.08071165111737899,0.8091912562377956,0.8451535040138859,0.06548329355608584,0.9282789108266435,0.9287535257105662,0.06899544369711441,10.907065329029521,0.39961217183770886,2.1306989646709606,-1.1525337371592408,60.78753974737499,-0.8859654065017748,0.19447005858103716
london,oracle_main,0,164,886,73744,20.100980758666992,16.21531718176613,-9.089338310622118,0.5473936862660013,0.6484459752657843,0.7251437405077024,0.18972390974180953,0.8091912562377956,0.8125,0.18359459752657836,0.9282789108266435,0.9282789108266435,0.07172108917335651,11.288750048468136,0.3647347580820135,2.1306989646709606,-1.1892164486862442,65.61723049947143,-0.8964448701335287,0.2065523974831851
london,median,0,164,886,73744,20.100980758666992,15.046752699181416,-0.21266857469368544,0.5473936862660013,0.6484459752657843,0.5970519635495769,0.2217265133434585,0.8091912562377956,0.8091912562377956,0.19080874376220436,0.9282789108266435,0.9282789108266435,0.07172108917335651,10.508471739586392,0.3130288565849425,2.1306989646709606,-1.0485569162479582,65.61723049947143,-0.8964448701335287,0.362293881536125
london,gbdt,0,164,886,73744,20.100980758666992,14.152283186918408,-4.443524466908241,0.5473936862660013,0.6484459752657843,0.7383109134302451,0.1399707094814494,0.8091912562377956,0.8091505749620308,0.1853981340854849,0.9282789108266435,0.9282789108266435,0.07172108917335651,10.55851830929155,0.3219380559774355,2.1306989646709606,-1.0575159038381947,65.61723049947143,-0.8964448701335287,0.19695161640269043
london,gbdt,1,164,886,73744,20.100980758666992,14.114697326128862,-4.276758280157694,0.5473936862660013,0.6484459752657843,0.737076914732046,0.13407192449555227,0.8091912562377956,0.8105608591885441,0.187703406378824,0.9282789108266435,0.9282789108266435,0.07172108917335651,10.552174046374805,0.3207447385550011,2.1306989646709606,-1.0541528212590132,65.61723049947143,-0.8964448701335287,0.17968919505315695
london,gbdt,2,164,886,73744,20.100980758666992,14.166712135161426,-4.395399975256691,0.5473936862660013,0.6484459752657843,0.7374430462139293,0.13172597092644833,0.8091912562377956,0.8110625949229768,0.18533033195921023,0.9282789108266435,0.9282789108266435,0.07172108917335651,10.550477875791696,0.3215719244955522,2.1306989646709606,-1.053295012311628,65.61723049947143,-0.8964448701335287,0.17396669559557387
london,gbdt,3,164,886,73744,20.100980758666992,14.104058012350464,-4.245177583477538,0.5473936862660013,0.6484459752657843,0.737714254719028,0.13161748752440883,0.8091912562377956,0.8092997396398351,0.18598123237144715,0.9282789108266435,0.9282789108266435,0.07172108917335651,10.54290158936855,0.3198497504881753,2.1306989646709606,-1.049982889533293,65.61723049947143,-0.8964448701335287,0.16461000216966803
london,gbdt,4,164,886,73744,20.100980758666992,14.100303891823675,-4.243494678734675,0.5473936862660013,0.6484459752657843,0.7342970275547841,0.13888587546105446,0.8091912562377956,0.8101540464308961,0.18694402256454756,0.9282789108266435,0.9282789108266435,0.07172108917335651,10.559853614350885,0.32239911043610325,2.1306989646709606,-1.0584195411345267,65.61723049947143,-0.8964448701335287,0.19695161640269043
london,link,0,164,886,73744,20.100980758666992,10.122822867304906,-0.8003364429781665,0.7091559991321328,0.6484459752657843,0.8352950748535474,-0.053183987849858894,0.8091912562377956,0.8447466912562378,0.037087763072249924,0.9282789108266435,0.9015784334996746,-0.005993707962681727,8.506147881508099,0.07833857669776523,2.1306989646709606,-0.23652597941880837,13.922156435354768,-0.15978364978308635,0.0
london,link,1,164,886,73744,20.100980758666992,10.132770003910224,-1.1996706661179746,0.7104577999566066,0.6484459752657843,0.8373698199175527,-0.03527066608808849,0.8091912562377956,0.8424414189628987,0.0604116945107398,0.9282789108266435,0.9025683445432848,-0.004624105011933111,8.570968816136299,0.07634519418528965,2.1306989646709606,-0.20203472317133087,13.561123651525335,-0.15313538790917802,0.0
london,link,2,164,886,73744,20.100980758666992,10.10554760120635,-1.1948369446398766,0.7114883922759818,0.6484459752657843,0.8354577999566066,-0.03409090909090906,0.8091912562377956,0.8429567151225863,0.06035745280972005,0.9282789108266435,0.9016191147754393,-0.005681818181818121,8.59609688851345,0.07740290735517466,2.1306989646709606,-0.18630843511017603,13.698600334401801,-0.15753000169023612,0.0
london,link,3,164,886,73744,20.100980758666992,10.175708244352222,-1.2982025984379284,0.7108646127142547,0.6484459752657843,0.8357561293122152,-0.040220221306140114,0.8091912562377956,0.8431872423519201,0.051963549576914736,0.9282789108266435,0.9034226513343458,-0.0016814927316119999,8.493418840802779,0.08319320893903226,2.1306989646709606,-0.23509575175279918,13.361411519571266,-0.13273987266888276,0.0
london,link,4,164,886,73744,20.100980758666992,10.220527307801344,-1.1379378067972898,0.7142818398784986,0.6484459752657843,0.8371257322629637,-0.050512584074636546,0.8091912562377956,0.8438110219136472,0.043800173573443235,0.9282789108266435,0.9041549142981123,-0.00024408765458883153,8.40806775663763,0.08210837491863743,2.1306989646709606,-0.22536197332130015,13.604047185840088,-0.177643810918925,0.0
newyork,oracle_rand,0,1525,912,68853,41.80000019073486,12.737919767218331,0.0004321370267830383,0.5378560120837146,0.5707521821852352,0.7452979536113169,-0.09467997037166132,0.7438310603750018,0.7995003848779283,0.05450742887020177,0.8934832178699549,0.9001641177581223,0.0862417033389975,16.0000565601821,0.4547223795622558,2.562769954980477,-1.5428864236076085,40.310483502265285,-0.770264474624732,0.2588267758848561
newyork,oracle_main,0,1525,912,68853,41.80000019073486,17.492377194626016,-6.4712760761337105,0.5572015743685823,0.5707521821852352,0.6077585580875198,0.20360768593961054,0.7438310603750018,0.7364384994117903,0.23219031850464034,0.8934832178699549,0.8934832178699549,0.10651678213004512,14.93898224055311,0.41537768869911257,2.562769954980477,-1.445069450755521,75.67056347758316,-0.8899213724088635,0.40332302150959287
newyork,median,0,1525,912,68853,41.80000019073486,17.10889282123256,-5.544293057087328,0.5581020434839441,0.5707521821852352,0.5613117801693462,0.27506426735218514,0.7438310603750018,0.7438310603750018,0.2561689396249982,0.8934832178699549,0.8934832178699549,0.10651678213004512,14.403614251615636,0.4201995555749205,2.562769954980477,-1.4255177805068147,76.51152054653541,-0.8950679056468906,0.5079952943226874
newyork,gbdt,0,1525,912,68853,41.80000019073486,16.310144921428776,-5.310984733112983,0.5581020434839441,0.5707521821852352,0.6452296922428943,0.20694813588369432,0.7438310603750018,0.7434389205989572,0.24935732647814912,0.8934832178699549,0.8934832178699549,0.10651678213004512,14.554653391081416,0.43912393069292555,2.562769954980477,-1.4800759803046366,76.51152054653541,-0.8950679056468906,0.39148620975120907
newyork,gbdt,1,1525,912,68853,41.80000019073486,16.245941043914595,-5.098171112093674,0.5581020434839441,0.5707521821852352,0.6501822723773837,0.19444323413649378,0.7438310603750018,0.743874631461229,0.2482535256270606,0.8934832178699549,0.8934832178699549,0.10651678213004512,14.563631059500588,0.44019868415319596,2.562769954980477,-1.482974240050903,76.51152054653541,-0.8950679056468906,0.48686331750250533
newyork,gbdt,2,1525,912,68853,41.80000019073486,16.27256766308016,-5.223347016878805,0.5581020434839441,0.5707521821852352,0.6488606160951592,0.20012199904143613,0.7438310603750018,0.7439908210245014,0.24863114170769618,0.8934832178699549,0.8934832178699549,0.10651678213004512,14.56659128779872,0.4397774969863332,2.562769954980477,-1.483421281055424,76.51152054653541,-0.8950679056468906,0.48686331750250533
newyork,gbdt,3,1525,912,68853,41.80000019073486,16.25909680802952,-5.187172031825147,0.5581020434839441,0.5707521821852352,0.6482941919742059,0.19987509621948218,0.7438310603750018,0.7437003471163203,0.2496768477771485,0.8934832178699549,0.8934832178699549,0.10651678213004512,14.54247968010874,0.4371051370310661,2.562769954980477,-1.4760092815253973,76.51152054653541,-0.8950679056468906,0.39148620975120907
newyork,gbdt,4,1525,912,68853,41.80000019073486,16.220694370408708,-5.047466159958647,0.5581020434839441,0.5707521821852352,0.6521720186484249,0.1901587439908211,0.7438310603750018,0.7439327262428652,0.24543592871770292,0.8934832178699549,0.8934832178699549,0.10651678213004512,14.557102327169948,0.4395160704689701,2.562769954980477,-1.4794692228772082,76.51152054653541,-0.8950679056468906,0.48686331750250533
newyork,link,0,1525,912,68853,41.80000019073486,11.934103462786068,-1.448452576286183,0.6551493762072822,0.5707521821852352,0.7684051530071311,-0.05460909473806508,0.7438310603750018,0.7732851146645753,0.06939421666448808,0.8934832178699549,0.8679505613408276,0.03651257025837651,11.541706811345856,0.15973160210884052,2.562769954980477,-0.4884278659096366,19.420091886876538,-0.09049320943531092,0.06365735697790942
newyork,link,1,1525,912,68853,41.80000019073486,11.883150394871342,-1.4594477526478442,0.6611476624112239,0.5707521821852352,0.7670980204203157,-0.05312767780634098,0.7438310603750018,0.7742001074753461,0.07495679200615801,0.8934832178699549,0.8703760184741406,0.04590940118803821,11.357494925571196,0.16037064470683926,2.562769954980477,-0.4777674344968723,20.00500574327947,-0.1320943531093638,0.06365735697790942
newyork,link,2,1525,912,68853,41.80000019073486,11.90019471324991,-1.4829679609404811,0.6502403671590199,0.5707521821852352,0.7665896910809986,-0.05747026273364986,0.7438310603750018,0.7730091644518031,0.06807256038226372,0.8934832178699549,0.8665708102769669,0.031501895342250785,11.584222237531316,0.15703019476275548,2.562769954980477,-0.49516765883979064,18.1002398909351,-0.10693352394567546,0.047695815723352575
newyork,link,3,1525,912,68853,41.80000019073486,11.887510607108132,-1.621876515825073,0.6603343354683165,0.5707521821852352,0.7666332621672258,-0.05190768739197993,0.7438310603750018,0.7744179629064819,0.08069365169273668,0.8934832178699549,0.8686622224158715,0.04056468127750423,11.457730912251137,0.15920874907411442,2.562769954980477,-0.4812422956965001,20.008338016901394,-0.12902072909220874,0.06365735697790942
newyork,link,4,1525,912,68853,41.80000019073486,11.949840454742132,-1.4979188977056932,0.6537405777526034,0.5707521821852352,0.7671851625927701,-0.05809478163623949,0.7438310603750018,0.7704094229735814,0.07836986042728711,0.8934832178699549,0.8677762769959189,0.03506020071747051,11.576297151993911,0.1610242110002469,2.562769954980477,-0.49671122393178946,20.168542694384108,-0.10671908506075767,0.06365735697790942
paris,oracle_rand,0,36,827,59674,28.399999618530273,11.26375941495331,0.0002547775866347023,0.5281362067231961,0.5672152026007977,0.6455742869591446,-0.23182625599088386,0.7540805040721252,0.7949190602272347,0.0625397995777055,0.8944263833495325,0.8991353018064819,0.08812883332774735,12.725089831537204,0.4556255655729463,2.1480862851690863,-1.3525595497877732,61.248561072103,-0.9225136612021858,0.05255220028823282
paris,oracle_main,0,36,827,59674,28.399999618530273,15.790302793560008,-9.340573539336487,0.5253711834299695,0.5672152026007977,0.6596507691792071,0.14991453564366386,0.7540805040721252,0.7570801354023527,0.21255488152294133,0.8944263833495325,0.8946609913865335,0.10517143144417995,12.272954821833762,0.40865368502195265,2.1480862851690863,-1.2911098716422418,69.53920170124098,-0.9230054644808743,0.1102992928243457
paris,median,0,36,827,59674,28.399999618530273,14.534510217211524,-5.6641252674382265,0.5306666219794215,0.5672152026007977,0.5322418473707142,0.25044407949860903,0.7540805040721252,0.7540805040721252,0.24591949592787476,0.8944263833495325,0.8944263833495325,0.1055736166504675,11.360997409180609,0.33133357911318156,2.1480862851690863,-1.1190527320346955,70.12546743588388,-0.930327868852459,0.5336662533096491
paris,gbdt,0,36,827,59674,28.399999618530273,14.56081167392702,-7.387226766543093,0.5306666219794215,0.5672152026007977,0.637664644568824,0.2003217481650299,0.7540805040721252,0.75352749941348,0.24067433052920872,0.8944263833495325,0.8944263833495325,0.1055736166504675,11.688950673415357,0.3899353152126554,2.1480862851690863,-1.268110138610537,70.12546743588388,-0.930327868852459,0.0969266347152864
paris,gbdt,1,36,827,59674,28.399999618530273,14.63063470999985,-7.513476565998267,0.5306666219794215,0.5672152026007977,0.6363575426483896,0.2037068069846164,0.7540805040721252,0.7540469886382679,0.2420652210342863,0.8944263833495325,0.8944263833495325,0.1055736166504675,11.704244490508767,0.39105808224687466,2.1480862851690863,-1.2732252013460341,70.12546743588388,-0.930327868852459,0.32258605087642866
paris,gbdt,2,36,827,59674,28.399999618530273,14.629581166262978,-7.51800529986422,0.5306666219794215,0.5672152026007977,0.6330730301303751,0.20970606964507155,0.7540805040721252,0.7547843281831284,0.24152897409256957,0.8944263833495325,0.8944263833495325,0.1055736166504675,11.69628076271231,0.39008613466501324,2.1480862851690863,-1.2704289645808635,70.12546743588388,-0.930327868852459,0.192663471528639
paris,gbdt,3,36,827,59674,28.399999618530273,14.575139890020067,-7.434733266839396,0.5306666219794215,0.5672152026007977,0.6355028990850287,0.20523175922512316,0.7540805040721252,0.754281596675269,0.24263498340986023,0.8944263833495325,0.8944263833495325,0.1055736166504675,11.691407653895375,0.39117538626537524,2.1480862851690863,-1.2699164735922917,70.12546743588388,-0.930327868852459,0.17059355833361267
paris,gbdt,4,36,827,59674,28.399999618530273,14.58353719265647,-7.4505906075292625,0.5306666219794215,0.5672152026007977,0.6390387773569729,0.20253376679961121,0.7540805040721252,0.7541978080906258,0.2409759694339243,0.8944263833495325,0.8944263833495325,0.1055736166504675,11.724294905895112,0.3922646378657372,2.1480862851690863,-1.2771385953283212,70.12546743588388,-0.930327868852459,0.15636625666119253
paris,link,0,36,827,59674,28.399999618530273,10.680721612112617,-1.9346347526589351,0.595100043570064,0.5672152026007977,0.755370848275631,-0.07745416764420021,0.7540805040721252,0.7844119717129738,0.083135033683011,0.8944263833495325,0.8699266011998525,0.02744914032912149,9.629239820206555,0.07924724335556527,2.1480862851690863,-0.29621356004936605,15.102652883974137,-0.2936065573770492,0.009350806046184323
paris,link,1,36,827,59674,28.399999618530273,10.756876239914046,-1.9541744800589576,0.5864698193518115,0.5672152026007977,0.7647384120387438,-0.07036565338338308,0.7540805040721252,0.7840768173744009,0.0660086469819352,0.8944263833495325,0.8622348091296042,0.010373026778831562,9.892129349527096,0.09520058987163589,2.1480862851690863,-0.29263519792493664,15.028700515315673,-0.2667213114754098,0.009350806046184323
paris,link,2,36,827,59674,28.399999618530273,10.66212061693938,-1.7510329788722492,0.5919495927874786,0.5672152026007977,0.7614874149545866,-0.0706672922880987,0.7540805040721252,0.786674263498341,0.07014780306331059,0.8944263833495325,0.8661561148909073,0.016807990079431567,9.75772215709802,0.08876562657103597,2.1480862851690863,-0.27201809756673323,15.497511229909879,-0.3009289617486339,0.024147870094178403
paris,link,3,36,827,59674,28.399999618530273,10.795836025917366,-2.280013463969486,0.5922009585414083,0.5672152026007977,0.7659449676576063,-0.0707343231558133,0.7540805040721252,0.7852163421255488,0.06842175821966012,0.8944263833495325,0.8628883600898214,0.01149579381305088,9.93440685756928,0.09407782283741663,2.1480862851690863,-0.3038924602156732,14.9747350915469,-0.29666666666666663,0.0098200221201864
paris,link,4,36,827,59674,28.399999618530273,10.644724782815663,-1.9115841261288278,0.5906927640178302,0.5672152026007977,0.7648054429064585,-0.07964942856185281,0.7540805040721252,0.7839427556389718,0.06748332607165597,0.8944263833495325,0.8616315313201729,0.007423668599389921,9.945752074198932,0.09814994805107752,2.1480862851690863,-0.31947494534241194,14.725471170639373,-0.28191256830601097,0.017511814190434793
