family,a,b,metric,diff,ci_lo,ci_hi,p_wilcoxon,n_better,n_folds,holm_reject
zero_shot,coral,median,gamma_rmse,-0.08488981888783848,-0.1428042569139552,-0.025566256211986726,0.0244140625,8,11,False
zero_shot,cost231,median,gamma_rmse,0.18281914554161516,0.09329201307195903,0.26933845813497204,0.0048828125,1,11,False
zero_shot,encoder,median,gamma_rmse,-0.10467592181714043,-0.15821550415660426,-0.046977572268070214,0.009765625,9,11,False
zero_shot,gbdt,median,gamma_rmse,-0.08900221832924068,-0.13175909252441054,-0.04281820840045689,0.009765625,9,11,False
zero_shot,gbdt_iw,median,gamma_rmse,-0.08761454537660006,-0.13522101163749906,-0.033935523372677884,0.013671875,9,11,False
zero_shot,gp_ard,median,gamma_rmse,-0.1071871463011417,-0.16019420436909268,-0.04921324002372381,0.009765625,9,11,False
zero_shot,kernel,median,gamma_rmse,-0.05859338343883002,-0.1106693300107622,0.00478738559893494,0.1474609375,9,11,False
zero_shot,knn,median,gamma_rmse,-0.08812173367864524,-0.14831365857407916,-0.021533433996926546,0.0244140625,8,11,False
zero_shot,mlp,median,gamma_rmse,-0.11027289861039496,-0.16644129063736302,-0.04921499172757274,0.009765625,9,11,False
zero_shot,ridge,median,gamma_rmse,-0.10272885611975821,-0.1580290877691817,-0.04152534910570784,0.0185546875,9,11,False
zero_shot,uma_los,median,gamma_rmse,0.13116764405041978,0.05361889622405452,0.2054402074920668,0.0419921875,4,11,False
zero_shot,uma_nlos,median,gamma_rmse,0.5811660227362913,0.46226359408420886,0.6976726127267815,0.0009765625,0,11,True
pairs,gbdt,kernel,gamma_rmse,-0.030408834890410665,-0.057364804043350655,-0.007529903570532339,0.0537109375,9,11,False
pairs,gbdt,ridge,gamma_rmse,0.013726637790517537,-0.010497062862167592,0.04180075943007063,0.8310546875,6,11,False
pairs,kernel,knn,gamma_rmse,0.02952835023981523,-0.0016624350403242642,0.061564198477070724,0.1474609375,3,11,False
pairs,gp_ard,kernel,gamma_rmse,-0.0485937628623117,-0.07492578880844791,-0.024631382314787592,0.0048828125,9,11,True
pairs,gbdt_iw,gbdt,gamma_rmse,0.0013876729526406193,-0.01642614505899595,0.015657880386967145,0.2783203125,4,11,False
pairs,coral,ridge,gamma_rmse,0.01783903723191974,-0.0038997316520755373,0.043218609991577665,0.3203125,5,11,False
few_shot,gbdt@k10,gbdt@k0,gamma_rmse,0.003068026879968988,-0.01796664072045996,0.020552242590068145,0.365234375,3,11,False
few_shot,gbdt@k10d,gbdt@k10,gamma_rmse,-0.007239137325998638,-0.021939242768520058,0.0103856014782922,0.240234375,7,11,False
few_shot,kernel@k10,kernel@k0,gamma_rmse,-0.00030422223384982887,-0.0115984431952086,0.010908165102332721,1.0,5,11,False
few_shot,kernel@k10d,kernel@k10,gamma_rmse,-0.0021488866765076494,-0.023935588704059124,0.02755478541505777,0.4130859375,7,11,False
few_shot,mlp@k10,mlp@k0,gamma_rmse,0.017916088463911916,0.008652571580025666,0.026050808693101474,0.009765625,1,11,False
few_shot,mlp@k10d,mlp@k10,gamma_rmse,-0.007639827271271135,-0.028237181883071505,0.017933393019408727,0.365234375,8,11,False
few_shot,ridge@k10,ridge@k0,gamma_rmse,0.013035908927892607,0.0042501395751033495,0.020380296566854472,0.0244140625,1,11,False
few_shot,ridge@k10d,ridge@k10,gamma_rmse,-0.009682355119249702,-0.027172465047839704,0.011276302616457212,0.2783203125,8,11,False
network,gbdt,median,pl_rmse_db,-1.7163241191098562,-2.264347522880878,-1.210049652344231,0.0009765625,11,11,True
network,link,gbdt,pl_rmse_db,-3.4743938227229676,-3.896251217052208,-3.11758549357312,0.0009765625,11,11,True
network,link,oracle,pl_rmse_db,-2.316260583757771,-2.610345706372284,-2.0745140525560557,0.0009765625,11,11,True
network,link+k10,link,pl_rmse_db,0.13368535856576405,0.11213420870020248,0.15591530227104,0.0009765625,0,11,True
network,link+k10d,link+k10,pl_rmse_db,0.06051952202291553,-0.00838190362258871,0.1459136993796653,0.2783203125,5,11,False
network,link+k50d,link,pl_rmse_db,0.1162110473277742,0.053910431625217504,0.18729953739796557,0.0068359375,1,11,False
network,gbdt,median,assoc_acc,0.0,0.0,0.0,1.0,0,11,False
network,link,gbdt,assoc_acc,0.18657630688025817,0.15149917189708687,0.22611929825246097,0.0009765625,11,11,True
network,link,oracle,assoc_acc,0.1872522001482716,0.15265976445754076,0.2266534643608329,0.0009765625,11,11,True
network,link+k10,link,assoc_acc,-0.02913108580220015,-0.045333014908039114,-0.017438541314103505,0.0009765625,0,11,True
network,link+k10d,link+k10,assoc_acc,-0.0023385367434143826,-0.014194172807762586,0.009630606134036487,0.7646484375,6,11,False
network,link+k50d,link,assoc_acc,-0.01818268085930326,-0.041213574302303865,-0.002045920332092666,0.0673828125,4,11,False
network,gbdt,median,sinr_mae_db,0.2584492064248956,0.1557316022762918,0.37019814986327776,0.0009765625,0,11,True
network,link,gbdt,sinr_mae_db,-2.069335807142074,-2.4476674389131765,-1.7450459769363063,0.0009765625,11,11,True
network,link,oracle,sinr_mae_db,-2.197678323850225,-2.5159752149667542,-1.9068544165308459,0.0009765625,11,11,True
network,link+k10,link,sinr_mae_db,0.15252370662542003,0.09874886264880142,0.2125762493774034,0.0009765625,0,11,True
network,link+k10d,link+k10,sinr_mae_db,0.13621271469688748,0.058855378821071065,0.21773526956461464,0.013671875,3,11,False
network,link+k50d,link,sinr_mae_db,0.12436454601779894,0.004598258794879334,0.2663021602729859,0.240234375,5,11,False
network,gbdt,median,cov_acc_130,0.004140686419354722,-0.0036471540716639162,0.015325676148805097,0.8984375,5,11,False
network,link,gbdt,cov_acc_130,0.02114999875892797,0.013046593103238007,0.029097336309994146,0.0009765625,11,11,True
network,link,oracle,cov_acc_130,0.0075595274309512095,0.003248566298469799,0.012287331653297815,0.001953125,10,11,True
network,link+k10,link,cov_acc_130,-0.0007519847086442377,-0.002185701676003919,0.0006258252486471007,0.4130859375,4,11,False
network,link+k10d,link+k10,cov_acc_130,-0.002099361932634976,-0.0036631657953637353,-0.0008023383443932133,0.013671875,2,11,False
network,link+k50d,link,cov_acc_130,-0.002697323460384235,-0.004862303781006949,-0.0005762908177757475,0.0537109375,2,11,False
network,gbdt,median,regret,-0.11472850306746105,-0.19065747790346177,-0.038121928225285553,0.0185546875,10,11,False
network,link,gbdt,regret,-0.20101235293316044,-0.27006447945487716,-0.14108032938305723,0.0009765625,11,11,True
network,link,oracle,regret,-0.08807060002248626,-0.11558405702001145,-0.06055623190187089,0.0009765625,11,11,True
network,link+k10,link,regret,0.00037888190611580876,2.6923719884850024e-05,0.0008457797487616307,0.3125,4,11,False
network,link+k10d,link+k10,regret,0.003681723211820059,-2.4014083211364324e-06,0.010974108010767654,0.109375,1,11,False
network,link+k50d,link,regret,0.00042047298665432196,0.0,0.0008992559859023222,0.25,0,11,False
band2,link,gbdt,pl_rmse_db,-3.4331287963556494,-3.84952980536714,-3.0950492845380957,0.0009765625,11,11,True
band2,link,oracle,pl_rmse_db,-2.39643117143559,-2.685277190286489,-2.1564159224607513,0.0009765625,11,11,True
band2,link_x_phys,link,pl_rmse_db,0.5551130930158962,0.42162908173488306,0.6999433565851958,0.0009765625,0,11,True
band2,link,gbdt,assoc_acc,0.17796315006635724,0.14601775768376665,0.21476339230188599,0.0009765625,11,11,True
band2,link,oracle,assoc_acc,0.17944192156857372,0.14783627914233158,0.21608977058280676,0.0009765625,11,11,True
band2,link_x_phys,link,assoc_acc,0.013678594701560309,0.010308697145201011,0.017140755521971442,0.0009765625,11,11,True
band2,link,gbdt,sinr_mae_db,-1.9957865945820972,-2.282065934629133,-1.7294215270873758,0.0009765625,11,11,True
band2,link,oracle,sinr_mae_db,-2.198335138261107,-2.4755735634968157,-1.9562658185161614,0.0009765625,11,11,True
band2,link_x_phys,link,sinr_mae_db,-0.3373854715508306,-0.45571227467422426,-0.23090110088258584,0.0009765625,11,11,True
band2,link,gbdt,cov_acc_130,0.06847736605008216,0.04780661616556392,0.09137770240496113,0.0009765625,11,11,True
band2,link,oracle,cov_acc_130,0.0533182071678382,0.036589818184109286,0.0715140903972951,0.0009765625,11,11,True
band2,link_x_phys,link,cov_acc_130,-0.037073894489622256,-0.048949737846828344,-0.027515455843163367,0.0009765625,0,11,True
band2,link,gbdt,regret,-0.2167935566616781,-0.28466804614743996,-0.15905458545136109,0.0009765625,11,11,True
band2,link,oracle,regret,-0.0671459342438482,-0.09472948997145887,-0.042887168753563826,0.0009765625,11,11,True
band2,link_x_phys,link,regret,0.0015518688252054347,-0.0015877450978064,0.004668948883211817,0.4609375,4,11,False
