G,fold,operator,seed,gamma_rmse,pl0_rmse,n_tiles,shrink_median,se_iid,se_cl,fit_rmse_db,pl_rmse_db,assoc_acc,sinr_mae_db,cov_acc_130,edge_disp_m
50.0,amsterdam,oracle,0,0.0,0.0,3477,0.2839615554909677,0.24264098957538638,0.5261482650602527,10.781840082611504,10.781888349779564,0.5633968562748418,7.564695964045252,0.9071652437047444,57.56097759170296
50.0,amsterdam,median,0,1.06787875233083,15.632679897543229,3477,0.2839615554909677,0.24264098957538638,0.5261482650602527,10.781840082611504,13.475271403534542,0.5644415624962474,7.321151951925576,0.9034187110486689,67.12343018381225
50.0,amsterdam,ridge,0,0.8954248270508256,10.125764596831424,3477,0.2839615554909677,0.24264098957538638,0.5261482650602527,10.781840082611504,11.929522348977304,0.5644415624962474,7.702140502142788,0.9022779398873638,67.12343018381225
50.0,amsterdam,gbdt,0,0.8900074423030837,10.126168852897624,3477,0.2839615554909677,0.24264098957538638,0.5261482650602527,10.781840082611504,11.955609202983993,0.5644415624962474,7.6500843995846495,0.9029023619967098,67.12343018381225
50.0,amsterdam,gbdt,1,0.8909416648611118,10.125727496126698,3477,0.2839615554909677,0.24264098957538638,0.5261482650602527,10.781840082611504,11.941350244578704,0.5644415624962474,7.653921850834918,0.9026862158819362,67.12343018381225
50.0,amsterdam,gbdt,2,0.891586294663741,10.12988395561648,3477,0.2839615554909677,0.24264098957538638,0.5261482650602527,10.781840082611504,11.945410531924791,0.5644415624962474,7.649907094330011,0.9031665405814331,67.12343018381225
50.0,amsterdam,gbdt,3,0.8891073863853693,10.140561394544777,3477,0.2839615554909677,0.24264098957538638,0.5261482650602527,10.781840082611504,11.943524307111177,0.5644415624962474,7.655890577445646,0.9029984269366091,67.12343018381225
50.0,amsterdam,gbdt,4,0.8902685274465993,10.14754222909917,3477,0.2839615554909677,0.24264098957538638,0.5261482650602527,10.781840082611504,11.930174456852992,0.5644415624962474,7.647499146783973,0.9028423214092727,67.12343018381225
50.0,barcelona,oracle,0,0.0,0.0,3156,0.29692972512369664,0.26810635153498313,0.5445399998367325,11.047124863604473,11.047193501267765,0.5945055245596762,8.67521619568667,0.8813450388360136,58.92444396833588
50.0,barcelona,median,0,1.0681413449990653,16.422937375414026,3156,0.29692972512369664,0.26810635153498313,0.5445399998367325,11.047124863604473,14.690711995061575,0.5970353353024833,7.787559112368746,0.8639782299529591,67.91513580892568
50.0,barcelona,ridge,0,0.8757631184433573,10.02188175748607,3156,0.29692972512369664,0.26810635153498313,0.5445399998367325,11.047124863604473,12.432390181496388,0.5970353353024833,8.613023142595557,0.8583305984028006,67.91513580892568
50.0,barcelona,gbdt,0,0.9446802673064979,10.913985152964372,3156,0.29692972512369664,0.26810635153498313,0.5445399998367325,11.047124863604473,12.492528611764211,0.5970353353024833,8.134716380630952,0.8612706487255224,67.91513580892568
50.0,barcelona,gbdt,1,0.948931398485045,10.99575567838061,3156,0.29692972512369664,0.26810635153498313,0.5445399998367325,11.047124863604473,12.500173622246313,0.5970353353024833,8.116294821539986,0.8606552893556504,67.91513580892568
50.0,barcelona,gbdt,2,0.9585222667852695,10.985294029514064,3156,0.29692972512369664,0.26810635153498313,0.5445399998367325,11.047124863604473,12.491982788536975,0.5970353353024833,8.080191374854444,0.8607236626189695,67.91513580892568
50.0,barcelona,gbdt,3,0.9423201208440415,11.009186097718352,3156,0.29692972512369664,0.26810635153498313,0.5445399998367325,11.047124863604473,12.509720435003914,0.5970353353024833,8.140782176128637,0.8612432994201947,67.91513580892568
50.0,barcelona,gbdt,4,0.9491962350629439,10.96486893559802,3156,0.29692972512369664,0.26810635153498313,0.5445399998367325,11.047124863604473,12.497342623532683,0.5970353353024833,8.110442347953782,0.8611202275462203,67.91513580892568
50.0,berlin,oracle,0,0.0,0.0,3620,0.3789020698445596,0.22251443728070028,0.5262369422360642,11.129233156714259,11.129277180030419,0.37740422557442105,6.570274891883123,0.9117454734041354,73.33834748269877
50.0,berlin,median,0,0.9388939550092571,13.214938126864276,3620,0.3789020698445596,0.22251443728070028,0.5262369422360642,11.129233156714259,13.327186489440976,0.3777537261268574,6.36049833261716,0.9013957473674716,87.43936356153374
50.0,berlin,ridge,0,0.8668408821351911,10.333430646604931,3620,0.3789020698445596,0.22251443728070028,0.5262369422360642,11.129233156714259,12.11526812630662,0.3777537261268574,6.6161058590519595,0.9121738934361542,87.43936356153374
50.0,berlin,gbdt,0,0.8601214302673149,10.35115255914627,3620,0.3789020698445596,0.22251443728070028,0.5262369422360642,11.129233156714259,12.189367076957701,0.3777537261268574,6.62009869298207,0.9055333829398634,87.43936356153374
50.0,berlin,gbdt,1,0.8590882092002183,10.353389753307782,3620,0.3789020698445596,0.22251443728070028,0.5262369422360642,11.129233156714259,12.18554716095461,0.3777537261268574,6.622602035839318,0.9057701413786106,87.43936356153374
50.0,berlin,gbdt,2,0.8596032047681468,10.358181539414568,3620,0.3789020698445596,0.22251443728070028,0.5262369422360642,11.129233156714259,12.191206343549043,0.3777537261268574,6.624554030221167,0.9067171751335994,87.43936356153374
50.0,berlin,gbdt,3,0.8587725450106239,10.365880040904509,3620,0.3789020698445596,0.22251443728070028,0.5262369422360642,11.129233156714259,12.185951839452313,0.3777537261268574,6.623185497347639,0.9046878170871947,87.43936356153374
50.0,berlin,gbdt,4,0.8595011139513785,10.395148193332997,3620,0.3789020698445596,0.22251443728070028,0.5262369422360642,11.129233156714259,12.199341388897476,0.3777537261268574,6.625503317791718,0.904913301314573,87.43936356153374
50.0,chicago,oracle,0,0.0,0.0,3706,0.5147048325983575,0.2235847214517174,0.65662251460716,12.442949582926175,12.443003466454265,0.4058279237047512,6.4971440583794084,0.9517308955672594,75.57946117272942
50.0,chicago,median,0,1.0151217240479822,15.898789776850782,3706,0.5147048325983575,0.2235847214517174,0.65662251460716,12.442949582926175,16.926995652719114,0.405917001636807,6.432096491773872,0.8888752797603804,86.83686063342503
50.0,chicago,ridge,0,1.0770796398465494,13.368732199918876,3706,0.5147048325983575,0.2235847214517174,0.65662251460716,12.442949582926175,14.358331371067429,0.405917001636807,6.53862795475137,0.9276687191706845,86.83686063342503
50.0,chicago,gbdt,0,1.0548860624021401,12.800316455209126,3706,0.5147048325983575,0.2235847214517174,0.65662251460716,12.442949582926175,14.380558930223689,0.405917001636807,6.522314667834079,0.9382244541192977,86.83686063342503
50.0,chicago,gbdt,1,1.0564708963181928,12.826586212047765,3706,0.5147048325983575,0.2235847214517174,0.65662251460716,12.442949582926175,14.357991566841829,0.405917001636807,6.529726003679549,0.9375341001458651,86.83686063342503
50.0,chicago,gbdt,2,1.0584392620715568,12.828214551022098,3706,0.5147048325983575,0.2235847214517174,0.65662251460716,12.442949582926175,14.37963651100157,0.405917001636807,6.526432106427601,0.9369105546214744,86.83686063342503
50.0,chicago,gbdt,3,1.0571255112211966,12.820718709450894,3706,0.5147048325983575,0.2235847214517174,0.65662251460716,12.442949582926175,14.394993190407428,0.405917001636807,6.522064291717973,0.9370887104855861,86.83686063342503
50.0,chicago,gbdt,4,1.0646425876557857,12.799722198551002,3706,0.5147048325983575,0.2235847214517174,0.65662251460716,12.442949582926175,14.453152847147921,0.405917001636807,6.540731026817625,0.9359529668518746,86.83686063342503
50.0,hamburg,oracle,0,0.0,0.0,3677,0.39510945858527413,0.17557604279423847,0.4567571745604011,11.082027046022855,11.082039604121537,0.5764940864920667,5.6129965902346735,0.9562714603110483,79.164959166592
50.0,hamburg,median,0,0.8731647879488178,17.346342471740506,3677,0.39510945858527413,0.17557604279423847,0.4567571745604011,11.082027046022855,16.053251887470704,0.5766062972687896,5.0347117841178495,0.952254314504365,81.18795880676124
50.0,hamburg,ridge,0,0.6765653598652882,9.31227182139529,3677,0.39510945858527413,0.17557604279423847,0.4567571745604011,11.082027046022855,12.745305205735635,0.5766062972687896,5.598188758611854,0.9494939293969793,81.18795880676124
50.0,hamburg,gbdt,0,0.7805437660832056,10.049476654612292,3677,0.39510945858527413,0.17557604279423847,0.4567571745604011,11.082027046022855,12.456319810630594,0.5766062972687896,5.165011337786686,0.9516708184654055,81.18795880676124
50.0,hamburg,gbdt,1,0.7806860882551215,10.034444149854627,3677,0.39510945858527413,0.17557604279423847,0.4567571745604011,11.082027046022855,12.453050444895931,0.5766062972687896,5.164640057757592,0.9517044816984224,81.18795880676124
50.0,hamburg,gbdt,2,0.780691034858733,10.036330484544198,3677,0.39510945858527413,0.17557604279423847,0.4567571745604011,11.082027046022855,12.454141492869557,0.5766062972687896,5.1660528021933345,0.9517830292421284,81.18795880676124
50.0,hamburg,gbdt,3,0.771309432059577,9.961333202536176,3677,0.39510945858527413,0.17557604279423847,0.4567571745604011,11.082027046022855,12.457202500632567,0.5766062972687896,5.184641012975498,0.9514015126012703,81.18795880676124
50.0,hamburg,gbdt,4,0.7905991134395206,10.034813933027738,3677,0.39510945858527413,0.17557604279423847,0.4567571745604011,11.082027046022855,12.43801884444206,0.5766062972687896,5.149359490323383,0.9513902915235979,81.18795880676124
50.0,london,oracle,0,0.0,0.0,3591,0.4047891549121501,0.1850729463094836,0.43298185602331063,10.791890049756473,10.792035456092789,0.5238741276429401,6.7096102542894585,0.9203812502155743,70.16354376424792
50.0,london,median,0,0.8415637185374725,13.6156752810706,3591,0.4047891549121501,0.1850729463094836,0.43298185602331063,10.791890049756473,16.36656958976965,0.5242075491221817,6.129727479393368,0.9166331328972027,74.81830779657724
50.0,london,ridge,0,0.7610578020878103,8.585415720126809,3591,0.4047891549121501,0.1850729463094836,0.43298185602331063,10.791890049756473,12.978108292152989,0.5242075491221817,6.729865115569444,0.9054807592811893,74.81830779657724
50.0,london,gbdt,0,0.7764047747351995,8.57898445764724,3591,0.4047891549121501,0.1850729463094836,0.43298185602331063,10.791890049756473,12.98565281761569,0.5242075491221817,6.688717983778043,0.9028593766168067,74.81830779657724
50.0,london,gbdt,1,0.7734021309945012,8.566216083917814,3591,0.4047891549121501,0.1850729463094836,0.43298185602331063,10.791890049756473,12.99566432551629,0.5242075491221817,6.685628481355658,0.9032617818503742,74.81830779657724
50.0,london,gbdt,2,0.7754556620591139,8.555065843366135,3591,0.4047891549121501,0.1850729463094836,0.43298185602331063,10.791890049756473,12.98015958639185,0.5242075491221817,6.679770286413327,0.9022845119974247,74.81830779657724
50.0,london,gbdt,3,0.773764711556474,8.600154363515006,3591,0.4047891549121501,0.1850729463094836,0.43298185602331063,10.791890049756473,12.980959839590385,0.5242075491221817,6.682693529567817,0.9028478793244191,74.81830779657724
50.0,london,gbdt,4,0.7732465610940126,8.578787040093617,3591,0.4047891549121501,0.1850729463094836,0.43298185602331063,10.791890049756473,12.965317944711337,0.5242075491221817,6.6874731056409376,0.9035492141600653,74.81830779657724
50.0,munich,oracle,0,0.0,0.0,3604,0.32610444830612273,0.23047226329778275,0.48991079463570686,10.630581362661157,10.630616573568924,0.5245909179766107,7.205184752879333,0.9022572818325035,80.29171512911333
50.0,munich,median,0,0.9850497488714407,15.531264650882298,3604,0.32610444830612273,0.23047226329778275,0.48991079463570686,10.630581362661157,14.085322557830786,0.5246024171199246,6.8858878417462,0.8851695548681623,104.72926458810575
50.0,munich,ridge,0,0.88092467616364,10.534447648120665,3604,0.32610444830612273,0.23047226329778275,0.48991079463570686,10.630581362661157,12.001537010395035,0.5246024171199246,7.277970024473053,0.885836505180364,104.72926458810575
50.0,munich,gbdt,0,0.8793183915040409,10.480699410803611,3604,0.32610444830612273,0.23047226329778275,0.48991079463570686,10.630581362661157,11.966414425902087,0.5246024171199246,7.248620177845898,0.8859399974701885,104.72926458810575
50.0,munich,gbdt,1,0.879147418957944,10.4753911391179,3604,0.32610444830612273,0.23047226329778275,0.48991079463570686,10.630581362661157,11.962193832361521,0.5246024171199246,7.244902222112194,0.8861354829065234,104.72926458810575
50.0,munich,gbdt,2,0.8809180909341511,10.47533310023063,3604,0.32610444830612273,0.23047226329778275,0.48991079463570686,10.630581362661157,11.9621470523532,0.5246024171199246,7.250128550391566,0.886687441785587,104.72926458810575
50.0,munich,gbdt,3,0.8797806895774045,10.46876491670849,3604,0.32610444830612273,0.23047226329778275,0.48991079463570686,10.630581362661157,11.960676782053264,0.5246024171199246,7.252395778401597,0.8866529443556455,104.72926458810575
50.0,munich,gbdt,4,0.879477415458926,10.476254970582783,3604,0.32610444830612273,0.23047226329778275,0.48991079463570686,10.630581362661157,11.963529395835398,0.5246024171199246,7.251034206568326,0.8860089923300714,104.72926458810575
50.0,newyork,oracle,0,0.0,0.0,3673,0.5333672998138577,0.2576679278948466,0.6290011008102935,12.214576771900155,12.214627767978385,0.3901127882834858,8.163651501446504,0.8921048201559957,70.82675441621564
50.0,newyork,median,0,0.941273119760054,13.246570254744402,3673,0.5333672998138577,0.2576679278948466,0.6290011008102935,12.214576771900155,14.788145480984191,0.39035968800852927,7.695586438788786,0.852623309578587,80.84925048433132
50.0,newyork,ridge,0,0.9892290730263791,12.578324009980967,3673,0.5333672998138577,0.2576679278948466,0.6290011008102935,12.214576771900155,13.931450325342123,0.39035968800852927,8.290724633155751,0.8248919813702935,80.84925048433132
50.0,newyork,gbdt,0,0.9623403795407189,11.856268661899858,3673,0.5333672998138577,0.2576679278948466,0.6290011008102935,12.214576771900155,13.731799815968488,0.39035968800852927,8.124746375046858,0.8541832669322709,80.84925048433132
50.0,newyork,gbdt,1,0.9594174608819651,11.824118376198188,3673,0.5333672998138577,0.2576679278948466,0.6290011008102935,12.214576771900155,13.725598209960248,0.39035968800852927,8.11875831213994,0.8531844453173223,80.84925048433132
50.0,newyork,gbdt,2,0.9613633939116988,11.841584464702064,3673,0.5333672998138577,0.2576679278948466,0.6290011008102935,12.214576771900155,13.717521565344114,0.39035968800852927,8.151517872942414,0.8536782447674093,80.84925048433132
50.0,newyork,gbdt,3,0.9625606612644763,11.817830198578774,3673,0.5333672998138577,0.2576679278948466,0.6290011008102935,12.214576771900155,13.722321357993296,0.39035968800852927,8.135337755064567,0.8553728746983895,80.84925048433132
50.0,newyork,gbdt,4,0.9658228344636062,11.820774388428063,3673,0.5333672998138577,0.2576679278948466,0.6290011008102935,12.214576771900155,13.727165341437509,0.39035968800852927,8.142750769376429,0.8537343583412828,80.84925048433132
50.0,paris,oracle,0,0.0,0.0,2837,0.3177853572923776,0.2739305068369389,0.562115981240924,11.243802464024443,11.243649858305863,0.5265589268996425,7.993658615927701,0.8703899811225194,63.95857912118488
50.0,paris,median,0,1.0803281857472091,15.755034382896207,2837,0.3177853572923776,0.2739305068369389,0.562115981240924,11.243802464024443,14.864419369009372,0.5289224488543057,7.324640502195053,0.8431941310987308,74.96399452703189
50.0,paris,ridge,0,0.8974314231233759,9.94515071470897,2837,0.3177853572923776,0.2739305068369389,0.562115981240924,11.243802464024443,12.645986747361697,0.5289224488543057,7.818049217295373,0.8434703869116135,74.96399452703189
50.0,paris,gbdt,0,0.8943761586692309,9.89190440191227,2837,0.3177853572923776,0.2739305068369389,0.562115981240924,11.243802464024443,12.66673040539642,0.5289224488543057,7.842986730275745,0.8474147060177725,74.96399452703189
50.0,paris,gbdt,1,0.8955687769677546,9.878640767604674,2837,0.3177853572923776,0.2739305068369389,0.562115981240924,11.243802464024443,12.665342722024198,0.5289224488543057,7.835672953964855,0.8477216569209755,74.96399452703189
50.0,paris,gbdt,2,0.895151535815479,9.906108895485664,2837,0.3177853572923776,0.2739305068369389,0.562115981240924,11.243802464024443,12.680249892093808,0.5289224488543057,7.824437382849175,0.8468008042113664,74.96399452703189
50.0,paris,gbdt,3,0.896050847768941,9.913789706057768,2837,0.3177853572923776,0.2739305068369389,0.562115981240924,11.243802464024443,12.678641393015795,0.5289224488543057,7.835584994469426,0.8473379682919717,74.96399452703189
50.0,paris,gbdt,4,0.8953144358945941,9.897006943453245,2837,0.3177853572923776,0.2739305068369389,0.562115981240924,11.243802464024443,12.667180283485228,0.5289224488543057,7.837775630149363,0.8475221388338935,74.96399452703189
50.0,prague,oracle,0,0.0,0.0,3643,0.3714120768970547,0.20970124610491359,0.4997127665967999,10.934389531854752,10.934389676460489,0.5114495154664912,7.441133499524302,0.9351156298935615,76.0768026659283
50.0,prague,median,0,0.9304306781608356,14.171415893792052,3643,0.3714120768970547,0.20970124610491359,0.4997127665967999,10.934389531854752,13.168769203091724,0.5114495154664912,7.383306533211146,0.9319950979279668,78.2266122497094
50.0,prague,ridge,0,0.7842036229837547,9.50887576454913,3643,0.3714120768970547,0.20970124610491359,0.4997127665967999,10.934389531854752,11.926397376124202,0.5114495154664912,7.565334712099766,0.931586591925198,78.2266122497094
50.0,prague,gbdt,0,0.7763976635161315,9.506416724158484,3643,0.3714120768970547,0.20970124610491359,0.4997127665967999,10.934389531854752,12.000784677890787,0.5114495154664912,7.558721346849261,0.9296007988561832,78.2266122497094
50.0,prague,gbdt,1,0.7768441399406935,9.503896650529947,3643,0.3714120768970547,0.20970124610491359,0.4997127665967999,10.934389531854752,11.995976171531066,0.5114495154664912,7.555405260345944,0.9301227787486099,78.2266122497094
50.0,prague,gbdt,2,0.7763197061208099,9.491750596151054,3643,0.3714120768970547,0.20970124610491359,0.4997127665967999,10.934389531854752,12.00135572632349,0.5114495154664912,7.563746648961817,0.9291128611306538,78.2266122497094
50.0,prague,gbdt,3,0.7762914371984065,9.478918264046403,3643,0.3714120768970547,0.20970124610491359,0.4997127665967999,10.934389531854752,11.99866222245471,0.5114495154664912,7.572788199465141,0.9295781040782516,78.2266122497094
50.0,prague,gbdt,4,0.7762676476089074,9.483918583624764,3643,0.3714120768970547,0.20970124610491359,0.4997127665967999,10.934389531854752,12.000713203874334,0.5114495154664912,7.563832498439977,0.9293511562989356,78.2266122497094
50.0,vienna,oracle,0,0.0,0.0,3186,0.3315333469853071,0.28197623444233616,0.5737614087758809,10.846111117759191,10.846196447977208,0.5144805444631652,8.907095073591567,0.8487602319009777,58.261165805368144
50.0,vienna,median,0,1.0887047448232439,15.834435493288021,3186,0.3315333469853071,0.28197623444233616,0.5737614087758809,10.846111117759191,13.226367678254862,0.5159796754978309,8.124605168246273,0.8346843201507091,75.54125141376417
50.0,vienna,ridge,0,0.9530180744134288,11.781960599230448,3186,0.3315333469853071,0.28197623444233616,0.5737614087758809,10.846111117759191,12.617565709606101,0.5159796754978309,8.431266559234741,0.836103851307428,75.54125141376417
50.0,vienna,gbdt,0,0.9456698519966392,11.533492853283962,3186,0.3315333469853071,0.28197623444233616,0.5737614087758809,10.846111117759191,12.602728252014636,0.5159796754978309,8.518211095441028,0.8354272523448797,75.54125141376417
50.0,vienna,gbdt,1,0.9471299671273878,11.545456131599709,3186,0.3315333469853071,0.28197623444233616,0.5737614087758809,10.846111117759191,12.584721904705708,0.5159796754978309,8.520487854162251,0.8352149860036882,75.54125141376417
50.0,vienna,gbdt,2,0.9470828791469131,11.565491710601378,3186,0.3315333469853071,0.28197623444233616,0.5737614087758809,10.846111117759191,12.604601091448606,0.5159796754978309,8.528324758923477,0.8362365177706728,75.54125141376417
50.0,vienna,gbdt,3,0.9454311468623864,11.526393080396709,3186,0.3315333469853071,0.28197623444233616,0.5737614087758809,10.846111117759191,12.594724960643212,0.5159796754978309,8.511630492683953,0.8356793186250447,75.54125141376417
50.0,vienna,gbdt,4,0.9445122280302817,11.533159090603409,3186,0.3315333469853071,0.28197623444233616,0.5737614087758809,10.846111117759191,12.609305634301204,0.5159796754978309,8.518847700199542,0.8359313849052098,75.54125141376417
100.0,amsterdam,oracle,0,0.0,0.0,948,0.2704649643819664,0.13980166667188665,0.44012492451271706,11.271774206648127,11.271819555998684,0.5630056717434446,7.8133824614109635,0.8957244683474442,66.75072182982188
100.0,amsterdam,median,0,0.9489725271387722,14.102127523965896,948,0.2704649643819664,0.13980166667188665,0.44012492451271706,11.271774206648127,13.451820085737104,0.5630761281837504,7.571221708475759,0.8929531816954168,67.45730534527266
100.0,amsterdam,ridge,0,0.7860945285941018,9.437344977124484,948,0.2704649643819664,0.13980166667188665,0.44012492451271706,11.271774206648127,12.088301980596334,0.5630761281837504,7.845025998060015,0.8929531816954168,67.45730534527266
100.0,amsterdam,gbdt,0,0.7935753662262887,9.410199673300436,948,0.2704649643819664,0.13980166667188665,0.44012492451271706,11.271774206648127,12.084032135374606,0.5630761281837504,7.754909354674331,0.8929414389553658,67.45730534527266
100.0,amsterdam,gbdt,1,0.7917957585211918,9.358779434781425,948,0.2704649643819664,0.13980166667188665,0.44012492451271706,11.271774206648127,12.091332503107608,0.5630761281837504,7.777141634459124,0.8929179534752639,67.45730534527266
100.0,amsterdam,gbdt,2,0.7914787181420604,9.393161480145082,948,0.2704649643819664,0.13980166667188665,0.44012492451271706,11.271774206648127,12.110748655878186,0.5630761281837504,7.763287840674165,0.8926361277140408,67.45730534527266
100.0,amsterdam,gbdt,3,0.793392062936351,9.354586019756303,948,0.2704649643819664,0.13980166667188665,0.44012492451271706,11.271774206648127,12.127381924124746,0.5630761281837504,7.764143747327366,0.8929531816954168,67.45730534527266
100.0,amsterdam,gbdt,4,0.7925144418545219,9.347636421924836,948,0.2704649643819664,0.13980166667188665,0.44012492451271706,11.271774206648127,12.136863775615671,0.5630761281837504,7.762829726573819,0.8929414389553658,67.45730534527266
100.0,barcelona,oracle,0,0.0,0.0,942,0.2752951821960305,0.17759187470344387,0.46970140422717954,11.557426835693304,11.557482442069597,0.5944891990353532,9.2175729711114,0.844758581764072,63.064473021351674
100.0,barcelona,median,0,1.001925535252752,15.284175798482554,942,0.2752951821960305,0.17759187470344387,0.46970140422717954,11.557426835693304,14.585538966033651,0.5979142080147776,8.032322793228104,0.8347016265585715,68.08016765986046
100.0,barcelona,ridge,0,0.795450961965246,9.444909822500875,942,0.2752951821960305,0.17759187470344387,0.46970140422717954,11.557426835693304,12.6345175761736,0.5979142080147776,8.798958562284882,0.8298399096926471,68.08016765986046
100.0,barcelona,gbdt,0,0.8866729873960496,10.37509939441426,942,0.2752951821960305,0.17759187470344387,0.46970140422717954,11.557426835693304,12.687433088588032,0.5979142080147776,8.349937330492397,0.8280696803324953,68.08016765986046
100.0,barcelona,gbdt,1,0.8853063180641889,10.223249689064254,942,0.2752951821960305,0.17759187470344387,0.46970140422717954,11.557426835693304,12.658701226863474,0.5979142080147776,8.363609198801313,0.8281594745754015,68.08016765986046
100.0,barcelona,gbdt,2,0.8709806450917549,10.53136292345368,942,0.2752951821960305,0.17759187470344387,0.46970140422717954,11.557426835693304,12.72866883008482,0.5979142080147776,8.418966269126532,0.8310713735953615,68.08016765986046
100.0,barcelona,gbdt,3,0.869104031818422,10.44055180800112,942,0.2752951821960305,0.17759187470344387,0.46970140422717954,11.557426835693304,12.702987069784841,0.5979142080147776,8.421637854235762,0.8295320437169685,68.08016765986046
100.0,barcelona,gbdt,4,0.8969281901128737,10.37360042687826,942,0.2752951821960305,0.17759187470344387,0.46970140422717954,11.557426835693304,12.674070247271148,0.5979142080147776,8.322343033747819,0.8269664939196469,68.08016765986046
100.0,berlin,oracle,0,0.0,0.0,957,0.3620535500899606,0.13069509381112177,0.44531781042697915,11.615006772789963,11.615051035088177,0.37564549191804913,6.613908188743631,0.9110593348492826,85.72153485418195
100.0,berlin,median,0,0.8344338925305478,11.813651196853643,957,0.3620535500899606,0.13069509381112177,0.44531781042697915,11.615006772789963,13.28886125258784,0.375947934985942,6.5258727262850025,0.9001713844051393,87.97363145707796
100.0,berlin,ridge,0,0.7613710985496271,9.549832980551233,957,0.3620535500899606,0.13069509381112177,0.44531781042697915,11.615006772789963,12.30929580958304,0.375947934985942,6.6714494258679045,0.909300684417461,87.97363145707796
100.0,berlin,gbdt,0,0.7572524468906617,9.56767713522111,957,0.3620535500899606,0.13069509381112177,0.44531781042697915,11.615006772789963,12.364873170501884,0.375947934985942,6.643368911999397,0.9014371646522464,87.97363145707796
100.0,berlin,gbdt,1,0.7552808512202943,9.592426308167097,957,0.3620535500899606,0.13069509381112177,0.44531781042697915,11.615006772789963,12.375422582158656,0.375947934985942,6.638360476325481,0.901392358271818,87.97363145707796
100.0,berlin,gbdt,2,0.7542217004250671,9.562107896118404,957,0.3620535500899606,0.13069509381112177,0.44531781042697915,11.615006772789963,12.364753097495381,0.375947934985942,6.639004369842674,0.9011795279647822,87.97363145707796
100.0,berlin,gbdt,3,0.7561725384798678,9.597458496807594,957,0.3620535500899606,0.13069509381112177,0.44531781042697915,11.615006772789963,12.384719829457268,0.375947934985942,6.639045636976476,0.9010675120137107,87.97363145707796
100.0,berlin,gbdt,4,0.7589462559046527,9.593878700065714,957,0.3620535500899606,0.13069509381112177,0.44531781042697915,11.615006772789963,12.379994816096241,0.375947934985942,6.643522856062586,0.9008770848968893,87.97363145707796
100.0,chicago,oracle,0,0.0,0.0,961,0.5390107405474996,0.11658863681463046,0.5454805671021414,12.728859748399199,12.72891146582496,0.40602206013164915,6.627887937359462,0.961839530332681,82.65714010721794
100.0,chicago,median,0,0.835100601610986,14.479547571005362,961,0.5390107405474996,0.11658863681463046,0.5454805671021414,12.728859748399199,16.638521701230275,0.40602206013164915,6.710864305816854,0.8948252090375378,87.04548602492129
100.0,chicago,ridge,0,0.9082240368765613,11.456736460702896,961,0.5390107405474996,0.11658863681463046,0.5454805671021414,12.728859748399199,14.146518760091805,0.40602206013164915,6.780077131080815,0.9412582280732966,87.04548602492129
100.0,chicago,gbdt,0,0.8736386946822553,10.692255927156454,961,0.5390107405474996,0.11658863681463046,0.5454805671021414,12.728859748399199,14.28635864626738,0.40602206013164915,6.780108037188763,0.9464619284824765,87.04548602492129
100.0,chicago,gbdt,1,0.87810712616415,10.641182762106446,961,0.5390107405474996,0.11658863681463046,0.5454805671021414,12.728859748399199,14.39191550349574,0.40602206013164915,6.778968199259842,0.9483410425191248,87.04548602492129
100.0,chicago,gbdt,2,0.8741765852258957,10.664862118716671,961,0.5390107405474996,0.11658863681463046,0.5454805671021414,12.728859748399199,14.226622745283478,0.40602206013164915,6.784502025135889,0.9482743284113148,87.04548602492129
100.0,chicago,gbdt,3,0.8849309627534315,10.686375888489568,961,0.5390107405474996,0.11658863681463046,0.5454805671021414,12.728859748399199,14.39508306820711,0.40602206013164915,6.791087001326659,0.9446606475716065,87.04548602492129
100.0,chicago,gbdt,4,0.879799797608103,10.678001905635519,961,0.5390107405474996,0.11658863681463046,0.5454805671021414,12.728859748399199,14.29521885889303,0.40602206013164915,6.777259427702865,0.947785091620708,87.04548602492129
100.0,hamburg,oracle,0,0.0,0.0,961,0.3734638310069252,0.09764960757489471,0.40224481081893504,11.444494226429086,11.444506151210437,0.5760915832157179,5.567238394697943,0.9537603333557363,80.19170624490246
100.0,hamburg,median,0,0.8503373667032649,16.992893211521167,961,0.3734638310069252,0.09764960757489471,0.40224481081893504,11.444494226429086,15.824316441827893,0.5762820081994757,5.131191151107331,0.9519792996841185,81.4852164415456
100.0,hamburg,ridge,0,0.6292930427597349,8.912258914957812,961,0.3734638310069252,0.09764960757489471,0.40224481081893504,11.444494226429086,12.777048124347077,0.5762820081994757,5.481086886021919,0.9524161569997984,81.4852164415456
100.0,hamburg,gbdt,0,0.7377886456520255,9.121780082446303,961,0.3734638310069252,0.09764960757489471,0.40224481081893504,11.444494226429086,12.426846002774703,0.5762820081994757,5.217918580939327,0.9513520173846809,81.4852164415456
100.0,hamburg,gbdt,1,0.7324627756349317,9.14964373637143,961,0.3734638310069252,0.09764960757489471,0.40224481081893504,11.444494226429086,12.425322525265667,0.5762820081994757,5.232518131630276,0.9511279879920246,81.4852164415456
100.0,hamburg,gbdt,2,0.737245808667271,9.341053630570212,961,0.3734638310069252,0.09764960757489471,0.40224481081893504,11.444494226429086,12.435063892744406,0.5762820081994757,5.217582679282428,0.9512400026883527,81.4852164415456
100.0,hamburg,gbdt,3,0.7474015251270356,9.078955056766226,961,0.3734638310069252,0.09764960757489471,0.40224481081893504,11.444494226429086,12.434354009288285,0.5762820081994757,5.209672140010725,0.951038376234962,81.4852164415456
100.0,hamburg,gbdt,4,0.7382349514382381,8.984802978390512,961,0.3734638310069252,0.09764960757489471,0.40224481081893504,11.444494226429086,12.431197064832423,0.5762820081994757,5.224295411108499,0.9509599659475323,81.4852164415456
100.0,london,oracle,0,0.0,0.0,940,0.4165934110010791,0.105222366869116,0.3526942629485634,11.215709334905096,11.215852066038098,0.523898525288902,6.809549718037749,0.9118934196430607,75.38214350142196
100.0,london,median,0,0.6825256988773047,11.946798880228812,940,0.4165934110010791,0.105222366869116,0.3526942629485634,11.215709334905096,16.16558516841497,0.523898525288902,6.225537650170785,0.9123378843480044,75.38214350142196
100.0,london,ridge,0,0.6255802890141667,7.412998195335839,940,0.4165934110010791,0.105222366869116,0.3526942629485634,11.215709334905096,13.031582386081242,0.523898525288902,6.838767977286649,0.9027989879880565,75.38214350142196
100.0,london,gbdt,0,0.6535142393835642,7.32430295976342,940,0.4165934110010791,0.105222366869116,0.3526942629485634,11.215709334905096,12.991898809189061,0.523898525288902,6.675691335374168,0.8970323433546828,75.38214350142196
100.0,london,gbdt,1,0.6623976295389252,7.309136239199347,940,0.4165934110010791,0.105222366869116,0.3526942629485634,11.215709334905096,13.083769872925222,0.523898525288902,6.703340473696219,0.8977617213320266,75.38214350142196
100.0,london,gbdt,2,0.6619806272115711,7.4229887135247035,940,0.4165934110010791,0.105222366869116,0.3526942629485634,11.215709334905096,13.054725424496871,0.523898525288902,6.697220366935181,0.8971804982563307,75.38214350142196
100.0,london,gbdt,3,0.6659143802794563,7.359333214875624,940,0.4165934110010791,0.105222366869116,0.3526942629485634,11.215709334905096,13.095796421829535,0.523898525288902,6.6925788613986645,0.8985366854329542,75.38214350142196
100.0,london,gbdt,4,0.6601800914264271,7.316659737895408,940,0.4165934110010791,0.105222366869116,0.3526942629485634,11.215709334905096,13.10956776430976,0.523898525288902,6.70913920819166,0.8982631686914503,75.38214350142196
100.0,munich,oracle,0,0.0,0.0,950,0.33390420214708044,0.13065841015124438,0.39698131771377076,11.158523141278293,11.15855220731903,0.5231776745884151,7.108107122630119,0.8913165010439366,83.90144934404806
100.0,munich,median,0,0.8597246394301044,13.723049515576772,950,0.33390420214708044,0.13065841015124438,0.39698131771377076,11.158523141278293,13.998933393369654,0.5231776745884151,7.089597216105076,0.8802268137685542,104.63311900157939
100.0,munich,ridge,0,0.7709546236788928,9.446424979997307,950,0.33390420214708044,0.13065841015124438,0.39698131771377076,11.158523141278293,12.125483463464054,0.5231776745884151,7.378986437423665,0.8802838594849913,104.63311900157939
100.0,munich,gbdt,0,0.765385959744145,9.367455935849772,950,0.33390420214708044,0.13065841015124438,0.39698131771377076,11.158523141278293,12.165454192931044,0.5231776745884151,7.3252157087716645,0.8805006332074524,104.63311900157939
100.0,munich,gbdt,1,0.7656946102300073,9.36526956651225,950,0.33390420214708044,0.13065841015124438,0.39698131771377076,11.158523141278293,12.182454396415874,0.5231776745884151,7.3260073511063295,0.8806261337836142,104.63311900157939
100.0,munich,gbdt,2,0.76260494924066,9.341979335520502,950,0.33390420214708044,0.13065841015124438,0.39698131771377076,11.158523141278293,12.153105135254426,0.5231776745884151,7.317580830197282,0.8808429075060754,104.63311900157939
100.0,munich,gbdt,3,0.7657083208483971,9.376039069682175,950,0.33390420214708044,0.13065841015124438,0.39698131771377076,11.158523141278293,12.175235926466996,0.5231776745884151,7.322263934216123,0.8816415475361955,104.63311900157939
100.0,munich,gbdt,4,0.7683639502114467,9.335033965616153,950,0.33390420214708044,0.13065841015124438,0.39698131771377076,11.158523141278293,12.17690104866964,0.5231776745884151,7.331496670735426,0.8808200892195005,104.63311900157939
100.0,newyork,oracle,0,0.0,0.0,960,0.5295516695966227,0.14246182030909507,0.54104640759115,12.564921346886122,12.56496873919285,0.39050299922924836,8.364335861257587,0.8949320286406846,78.96107335238895
100.0,newyork,median,0,0.7922270670055361,11.433519654235592,960,0.5295516695966227,0.14246182030909507,0.54104640759115,12.564921346886122,14.6465724590524,0.3907040648771824,8.06030043062172,0.8557353976073188,81.0994059517676
100.0,newyork,ridge,0,0.869577799162617,11.328798789371623,960,0.5295516695966227,0.14246182030909507,0.54104640759115,12.564921346886122,13.970209554869937,0.3907040648771824,8.669418454994902,0.8262010879885616,81.0994059517676
100.0,newyork,gbdt,0,0.8256519678663836,10.116596048598321,960,0.5295516695966227,0.14246182030909507,0.54104640759115,12.564921346886122,13.718076889794999,0.3907040648771824,8.455835018647987,0.873507366821934,81.0994059517676
100.0,newyork,gbdt,1,0.826983853156935,10.12665103476451,960,0.5295516695966227,0.14246182030909507,0.54104640759115,12.564921346886122,13.731547494251771,0.3907040648771824,8.459615559635285,0.8675200786390089,81.0994059517676
100.0,newyork,gbdt,2,0.830713725389166,10.148383858577612,960,0.5295516695966227,0.14246182030909507,0.54104640759115,12.564921346886122,13.737889338916334,0.3907040648771824,8.484666760807826,0.8722786323067815,81.0994059517676
100.0,newyork,gbdt,3,0.8279515884335259,10.13635810693857,960,0.5295516695966227,0.14246182030909507,0.54104640759115,12.564921346886122,13.728214468324081,0.3907040648771824,8.429494699033139,0.8724573573271673,81.0994059517676
100.0,newyork,gbdt,4,0.830883945618726,10.134241287777021,960,0.5295516695966227,0.14246182030909507,0.54104640759115,12.564921346886122,13.769108970195534,0.3907040648771824,8.465478684170774,0.8671402879706891,81.0994059517676
100.0,paris,oracle,0,0.0,0.0,910,0.2945644801098204,0.18745337209242252,0.4879797834422496,11.772277676422899,11.77214600973585,0.5257662982116224,8.455764649384976,0.8385163295744414,72.71277169016385
100.0,paris,median,0,1.0054965895510732,14.90546589978248,910,0.2945644801098204,0.18745337209242252,0.4879797834422496,11.772277676422899,14.758118638179074,0.5281777505192289,7.658099160635067,0.8095789018831631,77.1172082364544
100.0,paris,ridge,0,0.8088372934011292,9.669715436257876,910,0.2945644801098204,0.18745337209242252,0.4879797834422496,11.772277676422899,12.934953021663077,0.5281777505192289,8.221999160006886,0.804965082728147,77.1172082364544
100.0,paris,gbdt,0,0.8058895413957392,9.598117804815677,910,0.2945644801098204,0.18745337209242252,0.4879797834422496,11.772277676422899,13.05228815082863,0.5281777505192289,8.286027005302708,0.8058711197223345,77.1172082364544
100.0,paris,gbdt,1,0.8066574094438685,9.602510376816769,910,0.2945644801098204,0.18745337209242252,0.4879797834422496,11.772277676422899,13.007297055305166,0.5281777505192289,8.285628953884654,0.8061638393666104,77.1172082364544
100.0,paris,gbdt,2,0.8074737655433611,9.587113287304081,910,0.2945644801098204,0.18745337209242252,0.4879797834422496,11.772277676422899,13.009346185247646,0.5281777505192289,8.28007560917747,0.8066098883483642,77.1172082364544
100.0,paris,gbdt,3,0.8035961776642975,9.62982158486697,910,0.2945644801098204,0.18745337209242252,0.4879797834422496,11.772277676422899,13.033687753157922,0.5281777505192289,8.29404974985599,0.806777156716522,77.1172082364544
100.0,paris,gbdt,4,0.805895362275975,9.582173438983189,910,0.2945644801098204,0.18745337209242252,0.4879797834422496,11.772277676422899,13.018307668781034,0.5281777505192289,8.311962012607689,0.8063868638574874,77.1172082364544
100.0,prague,oracle,0,0.0,0.0,960,0.37395889809088145,0.11459244491567291,0.41571705852845353,11.399211453518664,11.399212055836848,0.5111804882447084,7.46875445957731,0.929445709262223,75.9525757940967
100.0,prague,median,0,0.8072695095117081,12.394525243965075,960,0.37395889809088145,0.11459244491567291,0.41571705852845353,11.399211453518664,13.106484538892829,0.5113608187002683,7.5965604450583895,0.9283073732615017,78.45227795219287
100.0,prague,ridge,0,0.6729818937666647,8.618218644375752,960,0.37395889809088145,0.11459244491567291,0.41571705852845353,11.399211453518664,12.06510372330415,0.5113608187002683,7.648581324397665,0.9278678177760746,78.45227795219287
100.0,prague,gbdt,0,0.6733750527731266,8.810961831849095,960,0.37395889809088145,0.11459244491567291,0.41571705852845353,11.399211453518664,12.23880994157874,0.5113608187002683,7.608038394614561,0.9278227351621847,78.45227795219287
100.0,prague,gbdt,1,0.674483716545592,8.769584497865516,960,0.37395889809088145,0.11459244491567291,0.41571705852845353,11.399211453518664,12.225269136915982,0.5113608187002683,7.589376892368186,0.9281721254198319,78.45227795219287
100.0,prague,gbdt,2,0.670915888974119,8.778803109442414,960,0.37395889809088145,0.11459244491567291,0.41571705852845353,11.399211453518664,12.205943611393716,0.5113608187002683,7.591097922476112,0.9282284786871943,78.45227795219287
100.0,prague,gbdt,3,0.6715748764563558,8.72910478356513,960,0.37395889809088145,0.11459244491567291,0.41571705852845353,11.399211453518664,12.187650852798814,0.5113608187002683,7.6151084501518085,0.9281270428059419,78.45227795219287
100.0,prague,gbdt,4,0.6757473261870424,8.772010403114107,960,0.37395889809088145,0.11459244491567291,0.41571705852845353,11.399211453518664,12.213894487287472,0.5113608187002683,7.611630562896554,0.9282510199941393,78.45227795219287
100.0,vienna,oracle,0,0.0,0.0,939,0.32222480498305195,0.17943618870483272,0.4806693037077284,11.352884566294083,11.352962238979082,0.5160771299997486,9.154778151710753,0.8274253965859668,68.17021900282606
100.0,vienna,median,0,0.9680383563580995,14.893226338460035,939,0.32222480498305195,0.17943618870483272,0.4806693037077284,11.352884566294083,13.235742260793502,0.5167307740654147,8.345003373954299,0.8048118259295572,76.54030895922052
100.0,vienna,ridge,0,0.8276687988840673,11.504448389377124,939,0.32222480498305195,0.17943618870483272,0.4806693037077284,11.352884566294083,12.67893793232526,0.5167307740654147,8.634125793293121,0.8052894889006209,76.54030895922052
100.0,vienna,gbdt,0,0.8237900973515329,11.36487148854584,939,0.32222480498305195,0.17943618870483272,0.4806693037077284,11.352884566294083,12.682776536959867,0.5167307740654147,8.642653975897925,0.8064585061719084,76.54030895922052
100.0,vienna,gbdt,1,0.8245372213644813,11.281588010415764,939,0.32222480498305195,0.17943618870483272,0.4806693037077284,11.352884566294083,12.663576916826928,0.5167307740654147,8.634391534280903,0.8072127108630616,76.54030895922052
100.0,vienna,gbdt,2,0.8246221196799982,11.26591008283679,939,0.32222480498305195,0.17943618870483272,0.4806693037077284,11.352884566294083,12.679158566642567,0.5167307740654147,8.642479158709447,0.8061065439827035,76.54030895922052
100.0,vienna,gbdt,3,0.8267112988686047,11.29296566211743,939,0.32222480498305195,0.17943618870483272,0.4806693037077284,11.352884566294083,12.679742641235542,0.5167307740654147,8.630997957801842,0.8060059833572165,76.54030895922052
100.0,vienna,gbdt,4,0.8285280326014935,11.31061085603026,939,0.32222480498305195,0.17943618870483272,0.4806693037077284,11.352884566294083,12.713187051167893,0.5167307740654147,8.612397642813109,0.8061945345300048,76.54030895922052
200.0,amsterdam,oracle,0,0.0,0.0,249,0.30897774165385117,0.08301604300307236,0.34226145548688924,11.731007550690169,11.731064672946248,0.5629195812403174,7.803258295981435,0.892774987089808,67.6025181358724
200.0,amsterdam,median,0,0.7294629089560908,11.390679861994187,249,0.30897774165385117,0.08301604300307236,0.34226145548688924,11.731007550690169,13.351586176552287,0.5629195812403174,7.672235327307927,0.892927562086287,67.6025181358724
200.0,amsterdam,ridge,0,0.6229152117514826,8.197800871351596,249,0.30897774165385117,0.08301604300307236,0.34226145548688924,11.731007550690169,12.325956362797779,0.5629195812403174,7.822048300159462,0.892927562086287,67.6025181358724
200.0,amsterdam,gbdt,0,0.6056354201409716,7.54481729256042,249,0.30897774165385117,0.08301604300307236,0.34226145548688924,11.731007550690169,12.299358815461527,0.5629195812403174,7.64775367094835,0.892927562086287,67.6025181358724
200.0,amsterdam,gbdt,1,0.6216978838980038,7.538077257596498,249,0.30897774165385117,0.08301604300307236,0.34226145548688924,11.731007550690169,12.333151456696628,0.5629195812403174,7.601704873834418,0.892927562086287,67.6025181358724
200.0,amsterdam,gbdt,2,0.6144183175640726,7.720388959761992,249,0.30897774165385117,0.08301604300307236,0.34226145548688924,11.731007550690169,12.320859406732374,0.5629195812403174,7.65115643974751,0.892927562086287,67.6025181358724
200.0,amsterdam,gbdt,3,0.6086046284408984,7.7749442851593376,249,0.30897774165385117,0.08301604300307236,0.34226145548688924,11.731007550690169,12.365268619287324,0.5629195812403174,7.651646899539704,0.892927562086287,67.6025181358724
200.0,amsterdam,gbdt,4,0.6172855642148338,7.564418580252136,249,0.30897774165385117,0.08301604300307236,0.34226145548688924,11.731007550690169,12.363139184962005,0.5629195812403174,7.646118732395234,0.892927562086287,67.6025181358724
200.0,barcelona,oracle,0,0.0,0.0,237,0.3079468806933625,0.09266580398145692,0.3622596318185146,12.09135618243489,12.091401353162276,0.5973325149294766,9.14540103431411,0.8346568458203859,68.00644909138333
200.0,barcelona,median,0,0.7727980102941638,12.440371091625236,237,0.3079468806933625,0.09266580398145692,0.3622596318185146,12.09135618243489,14.453438616508386,0.5973325149294766,8.084459420281526,0.8330456132274523,68.00644909138333
200.0,barcelona,ridge,0,0.6058760501821079,7.969997640941939,237,0.3079468806933625,0.09266580398145692,0.3622596318185146,12.09135618243489,13.037844011545316,0.5973325149294766,8.66343334436393,0.8301428370481196,68.00644909138333
200.0,barcelona,gbdt,0,0.6035948407962489,8.087753889188773,237,0.3079468806933625,0.09266580398145692,0.3622596318185146,12.09135618243489,13.078000519026443,0.5973325149294766,8.657785518060024,0.8306543394585747,68.00644909138333
200.0,barcelona,gbdt,1,0.5969318910142662,8.049860687447541,237,0.3079468806933625,0.09266580398145692,0.3622596318185146,12.09135618243489,13.099648049549826,0.5973325149294766,8.69907398949681,0.8320353959668035,68.00644909138333
200.0,barcelona,gbdt,2,0.6104015214032367,8.217927003669995,237,0.3079468806933625,0.09266580398145692,0.3622596318185146,12.09135618243489,13.12310698336385,0.5973325149294766,8.645926429216313,0.8317029194000076,68.00644909138333
200.0,barcelona,gbdt,3,0.6317206978381146,8.22620162857136,237,0.3079468806933625,0.09266580398145692,0.3622596318185146,12.09135618243489,13.157441099487787,0.5973325149294766,8.53232758440126,0.8285699671359701,68.00644909138333
200.0,barcelona,gbdt,4,0.5965371528436655,8.181532781925394,237,0.3079468806933625,0.09266580398145692,0.3622596318185146,12.09135618243489,13.168108036169116,0.5973325149294766,8.75638345142181,0.8330456132274523,68.00644909138333
200.0,berlin,oracle,0,0.0,0.0,249,0.34959177078063747,0.09091080697199894,0.3547038063433313,12.076038149740263,12.07608704579372,0.3759561005655412,6.575846898105379,0.9147320678649421,87.98878592499597
200.0,berlin,median,0,0.6684278691534395,9.468561280205396,249,0.34959177078063747,0.09091080697199894,0.3547038063433313,12.076038149740263,13.142858886647963,0.3759561005655412,6.589009713020644,0.9036340220617056,87.98878592499597
200.0,berlin,ridge,0,0.6414488920711622,8.665118756312685,249,0.34959177078063747,0.09091080697199894,0.3547038063433313,12.076038149740263,12.541947232774744,0.3759561005655412,6.6391657469557686,0.9186068648860518,87.98878592499597
200.0,berlin,gbdt,0,0.6099544078240217,8.010723943210817,249,0.34959177078063747,0.09091080697199894,0.3547038063433313,12.076038149740263,12.585558943920354,0.3759561005655412,6.550043099815235,0.9112380312447506,87.98878592499597
200.0,berlin,gbdt,1,0.6023005875750935,7.933864452479162,249,0.34959177078063747,0.09091080697199894,0.3547038063433313,12.076038149740263,12.593845306775819,0.3759561005655412,6.54825540662655,0.9108796685144745,87.98878592499597
200.0,berlin,gbdt,2,0.6018969734900373,8.049312984546738,249,0.34959177078063747,0.09091080697199894,0.3547038063433313,12.076038149740263,12.611628796256758,0.3759561005655412,6.538662762271478,0.9081919480374041,87.98878592499597
200.0,berlin,gbdt,3,0.6024587946800319,8.057820771350636,249,0.34959177078063747,0.09091080697199894,0.3547038063433313,12.076038149740263,12.615847007140088,0.3759561005655412,6.550491761635986,0.9162439106332941,87.98878592499597
200.0,berlin,gbdt,4,0.6071034207076095,8.006341772219393,249,0.34959177078063747,0.09091080697199894,0.3547038063433313,12.076038149740263,12.55682855794108,0.3759561005655412,6.5719036336862535,0.91003975586539,87.98878592499597
200.0,chicago,oracle,0,0.0,0.0,241,0.5454492015324031,0.08907132171633589,0.4777552655306437,12.988961743117502,12.989008884336153,0.40602206013164915,6.647680408856465,0.9696673189823874,87.04548602492129
200.0,chicago,median,0,0.7150812749575077,13.395735082440638,241,0.5454492015324031,0.08907132171633589,0.4777552655306437,12.988961743117502,16.418464083384677,0.40602206013164915,6.804203011595679,0.9044653976160826,87.04548602492129
200.0,chicago,ridge,0,0.8069261680999799,9.92820566490472,241,0.5454492015324031,0.08907132171633589,0.4777552655306437,12.988961743117502,14.092802715951802,0.40602206013164915,6.990423173778621,0.9565357587617862,87.04548602492129
200.0,chicago,gbdt,0,0.7197409183205424,9.410916926982395,241,0.5454492015324031,0.08907132171633589,0.4777552655306437,12.988961743117502,14.485592423391193,0.40602206013164915,6.968545571679018,0.9535892190001779,87.04548602492129
200.0,chicago,gbdt,1,0.7203214346306094,9.184516193203113,241,0.5454492015324031,0.08907132171633589,0.4777552655306437,12.988961743117502,14.140078886111155,0.40602206013164915,6.9456883330260135,0.9539005515032912,87.04548602492129
200.0,chicago,gbdt,2,0.738751407981506,9.379591733970512,241,0.5454492015324031,0.08907132171633589,0.4777552655306437,12.988961743117502,14.679933222423834,0.40602206013164915,7.0119700417640205,0.9447162426614482,87.04548602492129
200.0,chicago,gbdt,3,0.7259413598812092,9.608004373255739,241,0.5454492015324031,0.08907132171633589,0.4777552655306437,12.988961743117502,14.845540364147455,0.40602206013164915,6.96064266790944,0.9398349937733499,87.04548602492129
200.0,chicago,gbdt,4,0.7232785368747715,9.295293323557932,241,0.5454492015324031,0.08907132171633589,0.4777552655306437,12.988961743117502,14.40744596523543,0.40602206013164915,6.937045017349691,0.9507983454901263,87.04548602492129
200.0,hamburg,oracle,0,0.0,0.0,246,0.40067978858505005,0.06672585804256492,0.30702358498450455,11.851198055386389,11.85120839194743,0.5762725154583744,5.456398118753811,0.953087194193028,81.4852164415456
200.0,hamburg,median,0,0.7196260192176043,15.311258530809116,246,0.40067978858505005,0.06672585804256492,0.30702358498450455,11.851198055386389,15.555636018680346,0.5762725154583744,5.195458523993422,0.9524150909579712,81.4852164415456
200.0,hamburg,ridge,0,0.533551725836115,8.906026360495302,246,0.40067978858505005,0.06672585804256492,0.30702358498450455,11.851198055386389,13.257046173006962,0.5762725154583744,5.2847704325746365,0.9524150909579712,81.4852164415456
200.0,hamburg,gbdt,0,0.5806056945460625,7.023571053121559,246,0.40067978858505005,0.06672585804256492,0.30702358498450455,11.851198055386389,12.768875241152168,0.5762725154583744,5.218897341856645,0.9485841025181467,81.4852164415456
200.0,hamburg,gbdt,1,0.5871748529089206,6.964687732037168,246,0.40067978858505005,0.06672585804256492,0.30702358498450455,11.851198055386389,12.742199191054807,0.5762725154583744,5.205592693075549,0.9494018281207993,81.4852164415456
200.0,hamburg,gbdt,2,0.5696600761397237,6.7715477252351395,246,0.40067978858505005,0.06672585804256492,0.30702358498450455,11.851198055386389,12.7052082191325,0.5762725154583744,5.223859764554634,0.9493346177972937,81.4852164415456
200.0,hamburg,gbdt,3,0.5853720219688879,6.934900650553791,246,0.40067978858505005,0.06672585804256492,0.30702358498450455,11.851198055386389,12.725033222471966,0.5762725154583744,5.213066343074567,0.9493346177972937,81.4852164415456
200.0,hamburg,gbdt,4,0.5717990916166871,6.87870214669579,246,0.40067978858505005,0.06672585804256492,0.30702358498450455,11.851198055386389,12.696920524932066,0.5762725154583744,5.219994894828882,0.9493682229590465,81.4852164415456
200.0,london,oracle,0,0.0,0.0,252,0.4032620789537372,0.06777295588967762,0.297385099555415,11.722597806091013,11.722729651432045,0.5239994075626901,6.878239570472199,0.9117951989791849,75.4462075316882
200.0,london,median,0,0.6191392841930584,10.624240973707682,252,0.4032620789537372,0.06777295588967762,0.297385099555415,11.722597806091013,15.975594584717575,0.5239994075626901,6.265839992545299,0.9124901735157737,75.4462075316882
200.0,london,ridge,0,0.5864447875534716,7.533650079402278,252,0.4032620789537372,0.06777295588967762,0.297385099555415,11.722597806091013,13.391060466463868,0.5239994075626901,6.713826476610954,0.9089013705809303,75.4462075316882
200.0,london,gbdt,0,0.5973260452319622,7.2657797585932755,252,0.4032620789537372,0.06777295588967762,0.297385099555415,11.722597806091013,13.491722499189045,0.5239994075626901,6.588679636633119,0.8990122247160288,75.4462075316882
200.0,london,gbdt,1,0.5858173471926165,7.280404150335151,252,0.4032620789537372,0.06777295588967762,0.297385099555415,11.722597806091013,13.457355471363547,0.5239994075626901,6.557145253739287,0.9039340115980996,75.4462075316882
200.0,london,gbdt,2,0.6144705187302122,7.3706399131929405,252,0.4032620789537372,0.06777295588967762,0.297385099555415,11.722597806091013,13.605164055245604,0.5239994075626901,6.591035813443781,0.9008009296708555,75.4462075316882
200.0,london,gbdt,3,0.6013985950983359,7.402444748359792,252,0.4032620789537372,0.06777295588967762,0.297385099555415,11.722597806091013,13.501156592812682,0.5239994075626901,6.539925450425243,0.9021794857188429,75.4462075316882
200.0,london,gbdt,4,0.5980932383595549,7.376655415784659,252,0.4032620789537372,0.06777295588967762,0.297385099555415,11.722597806091013,13.546619613462196,0.5239994075626901,6.542367603905311,0.9030339626080913,75.4462075316882
200.0,munich,oracle,0,0.0,0.0,251,0.2974641046817921,0.08107991125226463,0.333776830367522,11.644261598852587,11.644284971812864,0.5231646797102276,7.080539754191506,0.8876732645028806,104.65116966252587
200.0,munich,median,0,0.7455327824995652,12.125768387705468,251,0.2974641046817921,0.08107991125226463,0.333776830367522,11.644261598852587,13.882628531822673,0.5231646797102276,7.172962504374997,0.8801551537276824,104.65116966252587
200.0,munich,ridge,0,0.6977657349522224,10.070859517118691,251,0.2974641046817921,0.08107991125226463,0.333776830367522,11.644261598852587,12.474525334542045,0.5231646797102276,7.284474690791332,0.8801551537276824,104.65116966252587
200.0,munich,gbdt,0,0.6756273902652881,9.008112809422748,251,0.2974641046817921,0.08107991125226463,0.333776830367522,11.644261598852587,12.545806819260884,0.5231646797102276,7.222582871115913,0.8832696366436598,104.65116966252587
200.0,munich,gbdt,1,0.676403310889433,9.088331770086972,251,0.2974641046817921,0.08107991125226463,0.333776830367522,11.644261598852587,12.474653808917584,0.5231646797102276,7.22391990010112,0.8827220352518396,104.65116966252587
200.0,munich,gbdt,2,0.67634415703931,9.154450605849737,251,0.2974641046817921,0.08107991125226463,0.333776830367522,11.644261598852587,12.464838004011277,0.5231646797102276,7.230337192004139,0.8824368261935999,104.65116966252587
200.0,munich,gbdt,3,0.6880878776811628,9.074985552580968,251,0.2974641046817921,0.08107991125226463,0.333776830367522,11.644261598852587,12.448011749221667,0.5231646797102276,7.252559104491197,0.8801893788146712,104.65116966252587
200.0,munich,gbdt,4,0.6857850300292319,9.085310120592975,251,0.2974641046817921,0.08107991125226463,0.333776830367522,11.644261598852587,12.490251706412947,0.5231646797102276,7.250737325554164,0.8804517711482517,104.65116966252587
200.0,newyork,oracle,0,0.0,0.0,244,0.566401892070092,0.09302740772053109,0.43193566497924435,12.831013097555019,12.83105709769795,0.390604401742822,8.577700612798637,0.8970841246788068,80.2918260447725
200.0,newyork,median,0,0.6310182567016634,9.598842794018418,244,0.566401892070092,0.09302740772053109,0.43193566497924435,12.831013097555019,14.564232998211098,0.39073846497598036,8.152181973909064,0.8644620712769523,81.10944867107649
200.0,newyork,ridge,0,0.6738122656274477,9.325522104054706,244,0.566401892070092,0.09302740772053109,0.43193566497924435,12.831013097555019,13.832097399409971,0.39073846497598036,8.7866231390113,0.878996760138532,81.10944867107649
200.0,newyork,gbdt,0,0.6218578694394876,7.812133943753833,244,0.566401892070092,0.09302740772053109,0.43193566497924435,12.831013097555019,13.63703737996177,0.39073846497598036,8.585110660519812,0.8953301307116523,81.10944867107649
200.0,newyork,gbdt,1,0.6247792422446194,7.865250353704068,244,0.566401892070092,0.09302740772053109,0.43193566497924435,12.831013097555019,13.614954018269968,0.39073846497598036,8.604813240218824,0.8894090045804938,81.10944867107649
200.0,newyork,gbdt,2,0.6250734390215295,7.984424901982217,244,0.566401892070092,0.09302740772053109,0.43193566497924435,12.831013097555019,13.668877777283859,0.39073846497598036,8.555061936727475,0.8875991509328567,81.10944867107649
200.0,newyork,gbdt,3,0.6297639135743281,8.054924021310235,244,0.566401892070092,0.09302740772053109,0.43193566497924435,12.831013097555019,13.675316304381958,0.39073846497598036,8.61121633599168,0.885778125349123,81.10944867107649
200.0,newyork,gbdt,4,0.6244780911478921,7.940968319274298,244,0.566401892070092,0.09302740772053109,0.43193566497924435,12.831013097555019,13.664123219305344,0.39073846497598036,8.587536112185536,0.8897553345994861,81.10944867107649
200.0,paris,oracle,0,0.0,0.0,232,0.3372122440413285,0.10417937734350735,0.38657413178272015,12.442877684399658,12.442778718679888,0.5266209950868452,8.526628541094539,0.821880838696284,77.66999922340483
200.0,paris,median,0,0.8029371097242681,12.054811355031239,232,0.3372122440413285,0.10417937734350735,0.38657413178272015,12.442877684399658,14.626259000556765,0.5266209950868452,7.732742359935901,0.8098401494706249,77.66999922340483
200.0,paris,ridge,0,0.6178794217940091,7.1347692114588845,232,0.3372122440413285,0.10417937734350735,0.38657413178272015,12.442877684399658,13.490395373595163,0.5266209950868452,8.187992253381056,0.8025603764445367,77.66999922340483
200.0,paris,gbdt,0,0.5973407975629796,6.837547274391114,232,0.3372122440413285,0.10417937734350735,0.38657413178272015,12.442877684399658,13.562875557190202,0.5266209950868452,8.265284992609427,0.8027541346619611,77.66999922340483
200.0,paris,gbdt,1,0.5820974633251697,6.804367851176945,232,0.3372122440413285,0.10417937734350735,0.38657413178272015,12.442877684399658,13.512712757733558,0.5266209950868452,8.357830913289696,0.8091066362189467,77.66999922340483
200.0,paris,gbdt,2,0.588986553989299,6.852931065664173,232,0.3372122440413285,0.10417937734350735,0.38657413178272015,12.442877684399658,13.546923123248247,0.5266209950868452,8.285281554333423,0.8041519618019515,77.66999922340483
200.0,paris,gbdt,3,0.5882837141619571,6.913026004983423,232,0.3372122440413285,0.10417937734350735,0.38657413178272015,12.442877684399658,13.642855645277365,0.5266209950868452,8.34608027701631,0.8045809978548197,77.66999922340483
200.0,paris,gbdt,4,0.5853811770357265,6.8636791886813295,232,0.3372122440413285,0.10417937734350735,0.38657413178272015,12.442877684399658,13.57007826447604,0.5266209950868452,8.340926441302534,0.8071413742993564,77.66999922340483
200.0,prague,oracle,0,0.0,0.0,236,0.39052505129474774,0.06403151826759293,0.33723058143853885,11.786540153634705,11.786538796756993,0.5113062494363784,7.425260905762053,0.9277437099828659,78.44043595930778
200.0,prague,median,0,0.6774136104432462,10.626658460172473,236,0.39052505129474774,0.06403151826759293,0.33723058143853885,11.786540153634705,13.004609957507824,0.5113062494363784,7.707924392931494,0.9283186040220038,78.44043595930778
200.0,prague,ridge,0,0.5598252193464555,7.514650820012017,236,0.39052505129474774,0.06403151826759293,0.33723058143853885,11.786540153634705,12.31845544121506,0.5113062494363784,7.55148774892568,0.9283186040220038,78.44043595930778
200.0,prague,gbdt,0,0.524140307485642,6.562062980357167,236,0.39052505129474774,0.06403151826759293,0.33723058143853885,11.786540153634705,12.258663881667031,0.5113062494363784,7.6156595485133245,0.9283186040220038,78.44043595930778
200.0,prague,gbdt,1,0.5190416163355677,6.583262644104312,236,0.39052505129474774,0.06403151826759293,0.33723058143853885,11.786540153634705,12.303889803479409,0.5113062494363784,7.6054763847827935,0.9283186040220038,78.44043595930778
200.0,prague,gbdt,2,0.5184613173866145,6.5790911416039135,236,0.39052505129474774,0.06403151826759293,0.33723058143853885,11.786540153634705,12.308109558415083,0.5113062494363784,7.581533923388245,0.9283186040220038,78.44043595930778
200.0,prague,gbdt,3,0.5217416043423135,6.570416406226031,236,0.39052505129474774,0.06403151826759293,0.33723058143853885,11.786540153634705,12.268255081059493,0.5113062494363784,7.672741051669801,0.9283186040220038,78.44043595930778
200.0,prague,gbdt,4,0.5248148793860715,6.535422460538469,236,0.39052505129474774,0.06403151826759293,0.33723058143853885,11.786540153634705,12.25141526501974,0.5113062494363784,7.648559047698856,0.9283186040220038,78.44043595930778
200.0,vienna,oracle,0,0.0,0.0,244,0.30421605342494074,0.11691221937311226,0.3958063807382057,11.824907818569063,11.824978958257391,0.5169211100248177,9.056374361460831,0.8118623248351758,76.57174542496226
200.0,vienna,median,0,0.789891905699568,12.77903366916425,244,0.30421605342494074,0.11691221937311226,0.3958063807382057,11.824907818569063,13.28374208612215,0.5169211100248177,8.447055113365554,0.803201223333584,76.57174542496226
200.0,vienna,ridge,0,0.6520887437984791,9.808678405295062,244,0.30421605342494074,0.11691221937311226,0.3958063807382057,11.824907818569063,12.719191462698808,0.5169211100248177,8.659139963033194,0.8041538191572034,76.57174542496226
200.0,vienna,gbdt,0,0.6533992498828624,9.153558966404772,244,0.30421605342494074,0.11691221937311226,0.3958063807382057,11.824907818569063,12.797599720008073,0.5169211100248177,8.773070216961,0.8056328495149282,76.57174542496226
200.0,vienna,gbdt,1,0.6697136179505587,9.28749114258999,244,0.30421605342494074,0.11691221937311226,0.3958063807382057,11.824907818569063,12.808564127098808,0.5169211100248177,8.682504133735224,0.8059838058709985,76.57174542496226
200.0,vienna,gbdt,2,0.6605978832619805,9.188221991929575,244,0.30421605342494074,0.11691221937311226,0.3958063807382057,11.824907818569063,12.743439420189498,0.5169211100248177,8.736873943641923,0.8062720914491991,76.57174542496226
200.0,vienna,gbdt,3,0.6597662611773768,9.226655788542205,244,0.30421605342494074,0.11691221937311226,0.3958063807382057,11.824907818569063,12.731510050434174,0.5169211100248177,8.708340062211967,0.8054824396480409,76.57174542496226
200.0,vienna,gbdt,4,0.6572907485554387,9.240459419674385,244,0.30421605342494074,0.11691221937311226,0.3958063807382057,11.824907818569063,12.758094252899127,0.5169211100248177,8.738664025192644,0.8060214083377203,76.57174542496226
