fold,val_city,n_train,sigma,knn_k,ridge_alpha,coral_alpha,h_bs_m,iw_ess,gp_ls_gamma_min,mlp_alpha,gbdt_trees_gamma,gbdt_trees_pl0
amsterdam,prague,8379,0.1,200,0.01,10.0,60.70000076293945,3525.820581865439,0.38058011777379674,1.0,70,61
barcelona,newyork,8400,0.5,200,100.0,100.0,50.79999923706055,5362.7546851336865,0.41893980077468557,1.0,13,19
berlin,munich,8378,0.1,200,0.01,10.0,54.0,4831.1439993808235,0.3682704497582121,0.0001,81,68
chicago,berlin,8361,0.1,20,0.01,100.0,50.69999885559082,2980.9123956276394,0.21005918851501543,0.01,58,35
hamburg,chicago,8357,0.5,1000,100.0,100.0,51.0,4756.945414634794,0.11785510446056296,1.0,6,20
london,amsterdam,8406,0.2,50,0.01,10.0,56.0,5844.800520767346,0.08594563662809988,0.01,77,115
munich,amsterdam,8394,0.1,50,0.01,10.0,60.70000076293945,6348.614353659315,0.1123347483942277,0.0001,92,92
newyork,amsterdam,8380,0.1,50,0.01,10.0,53.14999961853027,1067.94862577499,0.3000986970914149,0.01,98,86
paris,barcelona,8488,0.1,20,10.0,1.0,56.89999961853027,4874.284291168242,0.1459826618170375,0.01,72,84
prague,paris,8447,0.1,200,0.01,10.0,60.20000076293945,4843.170595575569,0.10329231491092819,0.01,53,69
vienna,munich,8439,0.1,200,0.01,10.0,59.04999923706055,4720.469696375368,0.1635732681901837,0.01,76,85
